peak_name	mz	rt	id_kegg	isotope	adduct	formula	with_ms2	label
M134T281	134.0462	280.6	C00147	[M]	[M-H]-	C5H5N5	TRUE	seed_peak
M266T302	266.0872	302	C00212	[M]	[M-H]-	C10H13N5O4	TRUE	seed_peak
M383T717	383.1138	717	C00021	[M]	[M-H]-	C14H20N6O5S	TRUE	seed_peak
M419T711	419.11	710.8	C00019	[M]	[M+Na-2H]-	C15H22N6O5S	TRUE	known_peak
M346T761	346.0574	760.9	C01367	[M]	[M-H]-	C10H14N5O7P	TRUE	seed_peak
M346T802	346.052	801.6	C00020	[M]	[M-H]-	C10H14N5O7P	TRUE	seed_peak
M135T297	135.0297	297.1	C00262	[M]	[M-H]-	C5H4N4O	TRUE	seed_peak
M296T179	296.0792	178.9	C00170	[M]	[M-H]-	C11H15N5O3S	TRUE	seed_peak
M118T651	118.0493	650.8	C00188;C05519;C02115;C00820;C12317;C00263;KeggExd062752;C06735	[M];[M];[M];[M];[M];[M];[M];[M]	[M-H]-;[M-H]-;[M-H]-;[M-H]-;[M-H]-;[M-H]-;[M-H]-;[M+CH3COO]-	C4H9NO3;C2H5NO	TRUE	unknown_peak
M160T493	160.0596	492.9	C20905;C02926;C17234;C17581;C03210;C02207;C01046;C01077;C01234;KeggExd062750	[M];[M];[M];[M];[M];[M];[M];[M];[M];[M]	[M+CH3COO]-;[M+CH3COO]-;[M+CH3COO]-;[M-H]-;[M-H]-;[M-H]-;[M-H]-;[M-H]-;[M+CH3COO]-;[M+CH3COO]-	C4H7NO2;C6H11NO4	TRUE	unknown_peak
M328T483	328.041	483.4	C02353	[M]	[M-H]-	C10H12N5O6P	TRUE	known_peak
M362T864	362.0464	863.5	KeggExd012711;KeggExd000726;KeggExd019722;C06193;C00144;KeggExd056014;KeggExd056015	[M];[M];[M];[M];[M];[M];[M]	[M-H]-;[M-H]-;[M-H]-;[M-H]-;[M-H]-;[M-H]-;[M-H]-	C10H14N5O8P	TRUE	unknown_peak
M328T519	328.0418	518.7	C00575	[M]	[M-H]-	C10H12N5O6P	TRUE	seed_peak
M347T833	347.0357	832.8	C00130	[M]	[M-H]-	C10H13N4O8P	TRUE	seed_peak
M116T545	116.034	545.2	C00441;C03508	[M];[M]	[M-H]-;[M-H]-	C4H7NO3	TRUE	known_peak
M491T565	491.0887	565.2	C20641	[M]	[M-H]-	C15H21N6O11P	TRUE	known_peak
M218T762	218.0649	762.2	C01118	[M]	[M-H]-	C8H13NO6	TRUE	known_peak
M419T735	419.1107	735.1	C00019	[M]	[M+Na-2H]-	C15H22N6O5S	TRUE	known_peak
M361T828	361.0623	828	KeggExd005263	[M]	[M+NH4-2H]-	C10H12N5O7P	TRUE	unknown_peak
M267T389	267.0721	388.6	C00294	[M]	[M-H]-	C10H12N4O5	TRUE	seed_peak
M462T932	462.0612	931.6	C03794	[M]	[M-H]-	C14H18N5O11P	TRUE	known_peak
M139T648	138.9973	647.5	C00042	[M]	[M+Na-2H]-	C4H6O4	TRUE	known_peak
M344T589	344.0361	589	C06194;C00942;KeggExd019717	[M];[M];[M]	[M-H]-;[M-H]-;[M-H]-	C10H12N5O7P	TRUE	unknown_peak
M282T472	282.0817	472.2	C00387	[M]	[M-H]-	C10H13N5O5	TRUE	seed_peak
M380T748	380.0561	747.9	KeggExd056019;KeggExd055983;KeggExd001739;KeggExd110882;C15563	[M];[M];[M];[M];[M]	[M-H]-;[M-H]-;[M-H]-;[M-H]-;[M-H]-	C10H16N5O9P;C12H19N3O7S2	TRUE	unknown_peak
M360T856	360.0305	856.1	C17267	[M]	[M+Na-2H]-	C10H17N3O6S2	TRUE	known_peak
M228T791	228.0489	790.7	C05931	[M]	[M-H2O-H]-	C9H13NO7	TRUE	known_peak
M230T294	230.0655	294.1	C04479	[M]	[M+NH4-2H]-	C9H10O6	TRUE	known_peak
M251T296	250.9931	296.4	C04479	[M]	[M+K-2H]-	C9H10O6	TRUE	known_peak
M388T768	388.0773	767.8	C03174	[M]	[M-H2O-H]-	C14H21N3O9S	TRUE	known_peak
M306T888	306.0732	888.4	C00051	[M]	[M-H]-	C10H17N3O6S	TRUE	seed_peak
M241T230	241.0698	230.1	C20953;C12622;C04044	[M];[M];[M]	[M+CH3COO]-;[M+CH3COO]-;[M+CH3COO]-	C9H10O4	TRUE	known_peak
M407T896	407.0713	896.4	C05526	[M]	[M-H2O-H]-	C13H22N4O8S2	TRUE	known_peak
M611T937	611.1366	936.6	C00127	[M]	[M-H]-	C20H32N6O12S2	TRUE	known_peak
M628T543	628.1666	543.1	C00127	[M]	[M+NH4-2H]-	C20H32N6O12S2	TRUE	known_peak
M628T544	628.1775	543.7	C00127	[M]	[M+NH4-2H]-	C20H32N6O12S2	TRUE	known_peak
M205T287	205.0444	286.8	C11588	[M]	[M+Na-2H]-	C9H12O4	TRUE	known_peak
M417T469	417.1019	468.8	KeggExd030285;KeggExd030286	[M];[M]	[M+CH3COO]-;[M+CH3COO]-	C15H18O10	TRUE	unknown_peak
M417T540	417.102	539.9	KeggExd030285;KeggExd030286	[M];[M]	[M+CH3COO]-;[M+CH3COO]-	C15H18O10	TRUE	unknown_peak
M180T556	180.0319	556.4	C00097;C00793	[M];[M]	[M+CH3COO]-;[M+CH3COO]-	C3H7NO2S	TRUE	known_peak
M237T671	237.0589	671.5	C01419;C01187;C06892;C00204;C01216;C20680;C00273;C03926;C02779;C05394	[M];[M];[M];[M];[M];[M];[M];[M];[M];[M]	[M+CH3COO]-;[M-H]-;[M+CH3COO]-;[M+CH3COO]-;[M+CH3COO]-;[M+CH3COO]-;[M+CH3COO]-;[M+CH3COO]-;[M+CH3COO]-;[M+CH3COO]-	C5H10N2O3S;C8H14O8;C6H10O6	TRUE	known_peak
M239T804	239.02	804.3	C00491	[M]	[M-H]-	C6H12N2O4S2	TRUE	known_peak
M259T726	259.0176	725.9	C00542;C02291	[M];[M]	[M+K-2H]-;[M+K-2H]-	C7H14N2O4S	TRUE	known_peak
M269T364	269.0625	363.6	C17238	[M]	[M-H]-	C11H14N2O4S	TRUE	known_peak
M281T847	281.0848	846.6	C00542;C02291	[M];[M]	[M+CH3COO]-;[M+CH3COO]-	C7H14N2O4S	TRUE	known_peak
M217T543	217.0271	543.2	C00800;C15930;C00880;C00257;C00514;C00817;C00770	[M];[M];[M];[M];[M];[M];[M]	[M+Na-2H]-;[M+Na-2H]-;[M+Na-2H]-;[M+Na-2H]-;[M+Na-2H]-;[M+Na-2H]-;[M+Na-2H]-	C6H12O7	TRUE	known_peak
M232T674	232.0246	673.9	C03752	[M]	[M+K-2H]-	C6H13NO6	TRUE	known_peak
M179T481	179.054	481.2	C00267;C01487;C00159;C00247;C02336;C00795;C00984	[M];[M];[M];[M];[M];[M];[M]	[M-H]-;[M-H]-;[M-H]-;[M-H]-;[M-H]-;[M-H]-;[M-H]-	C6H12O6	TRUE	seed_peak
M179T544	179.0551	543.8	C00159;C01487;C00267;C00247;C02336;C00795	[M];[M];[M];[M];[M];[M]	[M-H]-;[M-H]-;[M-H]-;[M-H]-;[M-H]-;[M-H]-	C6H12O6	TRUE	seed_peak
M179T558	179.0549	557.8	C00159;C01487;C00267;C00247;C02336;C00795	[M];[M];[M];[M];[M];[M]	[M-H]-;[M-H]-;[M-H]-;[M-H]-;[M-H]-;[M-H]-	C6H12O6	TRUE	seed_peak
M181T544	181.0699	544.2	C00794;C00392;C01507;C01697	[M];[M];[M];[M]	[M-H]-;[M-H]-;[M-H]-;[M-H]-	C6H14O6	TRUE	seed_peak
M363T724	363.0861	723.7	C00185;C20236;C01518;C02048;C01728;C05400;C01742;C02964;C20861;KeggExd029697	[M];[M];[M];[M];[M];[M];[M];[M];[M];[M]	[M+Na-2H]-;[M+Na-2H]-;[M+Na-2H]-;[M+Na-2H]-;[M+Na-2H]-;[M+Na-2H]-;[M+Na-2H]-;[M+Na-2H]-;[M+Na-2H]-;[M+Na-2H]-	C12H22O11	TRUE	unknown_peak
M341T677	341.1056	677.5	C00089	[M]	[M-H]-	C12H22O11	TRUE	seed_peak
M341T727	341.1061	727.5	C00243;C00208	[M];[M]	[M-H]-;[M-H]-	C12H22O11	TRUE	seed_peak
M341T765	341.1077	765.2	C05402;C00252;C01083	[M];[M];[M]	[M-H]-;[M-H]-;[M-H]-	C12H22O11	TRUE	seed_peak
M259T464	259.0153	463.8	KeggExd013157;KeggExd013160;KeggExd013156;KeggExd013158;KeggExd013159;C02827;KeggExd002234;KeggExd002237;KeggExd002236;KeggExd000982;KeggExd000980;KeggExd068443;KeggExd000981;KeggExd002235;KeggExd000979;KeggExd054747;KeggExd068445;KeggExd068444;KeggExd054746	[M];[M];[M];[M];[M];[M];[M];[M];[M];[M];[M];[M];[M];[M];[M];[M];[M];[M];[M]	[M-H]-;[M-H]-;[M-H]-;[M-H]-;[M-H]-;[M-H]-;[M-H]-;[M-H]-;[M-H]-;[M-H]-;[M-H]-;[M-H]-;[M-H]-;[M-H]-;[M-H]-;[M-H]-;[M-H]-;[M-H]-;[M-H]-	C6H12O9S	TRUE	unknown_peak
M259T885	259.0197	885.1	C01094;C05345;C00636	[M];[M];[M]	[M-H]-;[M-H]-;[M-H]-	C6H13O9P	TRUE	seed_peak
M274T556	274.0349	556.5	C04201;C20589	[M];[M]	[M-H]-;[M-H]-	C10H13NO6S;C6H14NO9P	TRUE	known_peak
M296T567	296.0037	566.7	KeggExd012178;KeggExd028518;KeggExd028517;KeggExd028516;KeggExd028515	[M];[M];[M];[M];[M]	[M+Na-2H]-;[M+Na-2H]-;[M+Na-2H]-;[M+Na-2H]-;[M+Na-2H]-	C7H9N5O5S;C6H13NO9S	TRUE	unknown_peak
M177T559	177.0383	558.8	C03383;C01040	[M];[M]	[M-H]-;[M-H]-	C6H10O6	TRUE	seed_peak
M193T716	193.0335	716.2	C00191	[M]	[M-H]-	C6H10O7	TRUE	seed_peak
M275T565	275.0176	565.1	C00345;C03393;C03356	[M];[M];[M]	[M-H]-;[M+CH3COO]-;[M+CH3COO]-	C6H13O10P;C4H9O8P	TRUE	known_peak
M275T695	275.0212	694.8	C00345	[M]	[M-H]-	C6H13O10P	TRUE	known_peak
M321T755_1	321.0641	755.4	C01096;C06311;C00644	[M];[M];[M]	[M+CH3COO]-;[M+CH3COO]-;[M+CH3COO]-	C6H15O9P	TRUE	known_peak
M343T717	343.1195	716.5	C05399	[M]	[M-H]-	C12H24O11	TRUE	known_peak
M339T791_2	338.988	790.9	C04063;C01220;C04062;C01231;C03785;C00665;C05378;C00354	[M];[M];[M];[M];[M];[M];[M];[M]	[M-H]-;[M-H]-;[M-H]-;[M-H]-;[M-H]-;[M-H]-;[M-H]-;[M-H]-	C6H14O12P2	TRUE	known_peak
M241T740	241.0094	739.9	C06019;C00085;C18096;C01097;C04006;C00092;C00668;C00275;C01172;C02962;C01113;C00663;C02888;C01177;C03546	[M];[M];[M];[M];[M];[M];[M];[M];[M];[M];[M];[M];[M];[M];[M]	[M-H2O-H]-;[M-H2O-H]-;[M-H2O-H]-;[M-H2O-H]-;[M-H2O-H]-;[M-H2O-H]-;[M-H2O-H]-;[M-H2O-H]-;[M-H2O-H]-;[M-H2O-H]-;[M-H2O-H]-;[M-H2O-H]-;[M-H2O-H]-;[M-H2O-H]-;[M-H2O-H]-	C6H13O9P	TRUE	known_peak
M421T850	421.0699	849.8	C20237;C05396;C02995;C04534;C00689;C02591;C16688;C18050	[M];[M];[M];[M];[M];[M];[M];[M]	[M-H]-;[M-H]-;[M-H]-;[M-H]-;[M-H]-;[M-H]-;[M-H]-;[M-H]-	C12H23O14P	TRUE	known_peak
M421T891	421.0704	891.5	C20237;C05396;C02995;C04534;C00689;C02591;C16688;C18050	[M];[M];[M];[M];[M];[M];[M];[M]	[M-H]-;[M-H]-;[M-H]-;[M-H]-;[M-H]-;[M-H]-;[M-H]-;[M-H]-	C12H23O14P	TRUE	known_peak
M421T926	421.0702	926.3	C20237;C05396;C02995;C04534;C00689;C02591;C18050;C16688	[M];[M];[M];[M];[M];[M];[M];[M]	[M-H]-;[M-H]-;[M-H]-;[M-H]-;[M-H]-;[M-H]-;[M-H]-;[M-H]-	C12H23O14P	TRUE	known_peak
M339T518	339.0893	518	C01093;C05403;C05731	[M];[M];[M]	[M-H]-;[M-H]-;[M-H]-	C12H20O11	TRUE	known_peak
M339T593	339.0896	593.1	C01093;C05731;C05403	[M];[M];[M]	[M-H]-;[M-H]-;[M-H]-	C12H20O11	TRUE	known_peak
M339T729	339.0891	728.7	C05403;C05731;C01093	[M];[M];[M]	[M-H]-;[M-H]-;[M-H]-	C12H20O11	TRUE	known_peak
M503T778	503.1555	777.5	C06219;C00492;C05404;C03661;C03848;KeggExd029698;KeggExd065214;KeggExd039847;KeggExd039892	[M];[M];[M];[M];[M];[M];[M];[M];[M]	[M-H]-;[M-H]-;[M-H]-;[M-H]-;[M-H]-;[M-H]-;[M-H]-;[M-H]-;[M-H]-	C18H32O16	TRUE	unknown_peak
M503T800	503.1562	800.4	C06219;C00492;C03661;C03848;C05404;KeggExd029698;KeggExd065214;KeggExd039847;KeggExd039892	[M];[M];[M];[M];[M];[M];[M];[M];[M]	[M-H]-;[M-H]-;[M-H]-;[M-H]-;[M-H]-;[M-H]-;[M-H]-;[M-H]-;[M-H]-	C18H32O16	TRUE	unknown_peak
M264T632	264.07	632.4	KeggExd001046	[M]	[M-H]-	C9H15NO8	TRUE	unknown_peak
M279T399	279.1322	399.1	KeggExd001135	[M]	[M-H]-	C11H22NO7	TRUE	unknown_peak
M325T555	325.0729	555.2	KeggExd033390;KeggExd147919;KeggExd001158;KeggExd002960;KeggExd002961;KeggExd001159;KeggExd001160;KeggExd002962;KeggExd001853;KeggExd001852	[M];[M];[M];[M];[M];[M];[M];[M];[M];[M]	[M+CH3COO]-;[M+CH3COO]-;[M-H]-;[M-H]-;[M-H]-;[M-H]-;[M-H]-;[M-H]-;[M+CH3COO]-;[M+CH3COO]-	C9H14O9;C11H18O11	TRUE	unknown_peak
M325T882	324.9964	881.8	KeggExd000911	[M]	[M-H2O-H]-	C9H13O12P	TRUE	unknown_peak
M335T390	335.0569	389.5	KeggExd110301;KeggExd008839;KeggExd001941	[M];[M];[M]	[M-H2O-H]-;[M-H2O-H]-;[M-H2O-H]-	C12H18O12	TRUE	unknown_peak
M337T643	337.0736	643.5	KeggExd028793;KeggExd028794;KeggExd028795	[M];[M];[M]	[M-H]-;[M-H]-;[M-H]-	C12H18O11	TRUE	unknown_peak
M343T285	343.04	285.1	KeggExd002212	[M]	[M+K-2H]-	C12H18O9	TRUE	unknown_peak
M355T794	355.0845	793.6	KeggExd021943;KeggExd021945;KeggExd013753;KeggExd021944;KeggExd021942;KeggExd013752;KeggExd013755;KeggExd013754	[M];[M];[M];[M];[M];[M];[M];[M]	[M-H]-;[M-H]-;[M-H]-;[M-H]-;[M-H]-;[M-H]-;[M-H]-;[M-H]-	C12H20O12	TRUE	unknown_peak
M361T887	361.0152	886.6	KeggExd001937;KeggExd001936	[M];[M]	[M-H]-;[M-H]-	C9H15O13P	TRUE	unknown_peak
M369T545	369.1164	544.6	KeggExd147463;KeggExd147461;KeggExd147462;KeggExd147460;KeggExd131803	[M];[M];[M];[M];[M]	[M+NH4-2H]-;[M+NH4-2H]-;[M+NH4-2H]-;[M+NH4-2H]-;[M-H]-	C12H19NO11;C15H20N3O8	TRUE	unknown_peak
M369T616	369.0725	615.6	KeggExd058327;KeggExd058326;KeggExd058324;KeggExd058325;KeggExd058328;KeggExd005183;C04354;C02273;KeggExd008952;KeggExd005185;KeggExd008953;KeggExd005184;KeggExd005594;KeggExd110309;KeggExd001773	[M];[M];[M];[M];[M];[M];[M];[M];[M];[M];[M];[M];[M];[M];[M]	[M-H]-;[M-H]-;[M-H]-;[M-H]-;[M-H]-;[M-H]-;[M-H]-;[M-H]-;[M-H]-;[M-H]-;[M-H]-;[M-H]-;[M-H]-;[M-H]-;[M+CH3COO]-	C12H18O13;C10H14O11	TRUE	unknown_peak
M411T728	411.0742	727.9	KeggExd024583;KeggExd032461;KeggExd032462;KeggExd024585;KeggExd024584;KeggExd030334;KeggExd030335;C06118;C06187;KeggExd024928;KeggExd083574;KeggExd104812	[M];[M];[M];[M];[M];[M];[M];[M];[M];[M];[M];[M]	[M+CH3COO]-;[M+CH3COO]-;[M+CH3COO]-;[M+CH3COO]-;[M+CH3COO]-;[M+CH3COO]-;[M+CH3COO]-;[M+CH3COO]-;[M+CH3COO]-;[M+CH3COO]-;[M+CH3COO]-;[M+CH3COO]-	C12H16O12;C12H17O10P	TRUE	unknown_peak
M415T718	415.1047	718.3	KeggExd021943;KeggExd021945;KeggExd013753;KeggExd021944;KeggExd021942;KeggExd013752;KeggExd013755;KeggExd013754;KeggExd021946;KeggExd000971;KeggExd002233;KeggExd000972;KeggExd001175;KeggExd001176;KeggExd002232;KeggExd001177;KeggExd013756	[M];[M];[M];[M];[M];[M];[M];[M];[M];[M];[M];[M];[M];[M];[M];[M];[M]	[M+CH3COO]-;[M+CH3COO]-;[M+CH3COO]-;[M+CH3COO]-;[M+CH3COO]-;[M+CH3COO]-;[M+CH3COO]-;[M+CH3COO]-;[M+CH3COO]-;[M+CH3COO]-;[M+CH3COO]-;[M+CH3COO]-;[M+CH3COO]-;[M+CH3COO]-;[M+CH3COO]-;[M+CH3COO]-;[M+CH3COO]-	C12H20O12	TRUE	unknown_peak
M473T718	473.1569	717.9	KeggExd029700;KeggExd065216;KeggExd066293;KeggExd065215	[M];[M];[M];[M]	[M-H]-;[M-H]-;[M-H]-;[M-H]-	C17H30O15	TRUE	unknown_peak
M383T665	383.115	665.3	C02130;KeggExd003051;C04333	[M];[M];[M]	[M-H]-;[M-H]-;[M+CH3COO]-	C14H24O12;C16H20N2O9;C12H20O10	TRUE	unknown_peak
M393T647	392.9331	647.2	KeggExd003114;KeggExd003115;KeggExd003113;KeggExd003112	[M];[M];[M];[M]	[M+K-2H]-;[M+K-2H]-;[M+K-2H]-;[M+K-2H]-	C6H13O13PS	TRUE	unknown_peak
M216T303	216.0487	303	C01300	[M]	[M+Na-2H]-	C7H9N5O2	TRUE	known_peak
M260T742	260.0186	741.9	KeggExd000923	[M]	[M-H]-	C9H11NO6S	TRUE	unknown_peak
M705T723_2	705.2127	723.2	C00185;C20236;C02964;C20861;C01518;C02048;C05400;C01728;C01742;KeggExd029697	[M];[M];[M];[M];[M];[M];[M];[M];[M];[M]	[2M+Na-2H]-;[2M+Na-2H]-;[2M+Na-2H]-;[2M+Na-2H]-;[2M+Na-2H]-;[2M+Na-2H]-;[2M+Na-2H]-;[2M+Na-2H]-;[2M+Na-2H]-;[2M+Na-2H]-	C12H22O11	TRUE	unknown_peak
M229T825	229.0094	825.3	C00199	[M]	[M-H]-	C5H11O8P	TRUE	seed_peak
M259T866	259.0195	866	C00636;C05345;C01094	[M];[M];[M]	[M-H]-;[M-H]-;[M-H]-	C6H13O9P	TRUE	seed_peak
M258T773	258.0356	772.5	C06156;C00352;C06377;C12213;C12214;C01283	[M];[M];[M];[M];[M];[M]	[M-H]-;[M-H]-;[M-H]-;[M-H]-;[M-H]-;[M-H]-	C6H14NO8P	TRUE	known_peak
M241T603	241.0094	603	C04299;C16848;C17941	[M];[M];[M]	[M-H]-;[M-H]-;[M+CH3COO]-	C6H11O8P;C4H7O6P	TRUE	known_peak
M518T805	518.0638	805.4	C19799;KeggExd110122;KeggExd022958;KeggExd110121	[M];[M];[M];[M]	[M+NH4-2H]-;[M+NH4-2H]-;[M+NH4-2H]-;[M+NH4-2H]-	C12H24O17P2;C12H23O17PS	TRUE	unknown_peak
M257T773	257.0047	772.5	C01286;C04442;C06893;C20668;C01236	[M];[M];[M];[M];[M]	[M-H]-;[M-H]-;[M-H]-;[M-H]-;[M-H]-	C6H11O9P	TRUE	known_peak
M259T849	259.0198	848.8	C00446;C00103;C00636	[M];[M];[M]	[M-H]-;[M-H]-;[M-H]-	C6H13O9P	TRUE	seed_peak
M345T755	345.0251	755.3	KeggExd156814	[M]	[M-H]-	C9H15O12P	TRUE	unknown_peak
M213T642	213.0144	641.8	KeggExd139601;C01068;C19674;C02895	[M];[M];[M];[M]	[M-H2O-H]-;[M-H2O-H]-;[M-H2O-H]-;[M-H2O-H]-	C5H13O8P	TRUE	unknown_peak
M313T352	313.1088	352.2	C00921	[M]	[M-H]-	C14H14N6O3	TRUE	known_peak
M336T567	335.9962	567.4	C04807	[M]	[M-H2O-H]-	C7H11N5O8P2	TRUE	known_peak
M351T304	351.0629	303.7	C00921	[M]	[M+K-2H]-	C14H14N6O3	TRUE	known_peak
M283T596	283.1008	596.2	KeggExd028930;KeggExd029702	[M];[M]	[M-H]-;[M-H]-	C10H20O9	TRUE	unknown_peak
M407T719	407.1081	719.3	KeggExd003054	[M]	[M+Na-2H]-	C16H22N2O9	TRUE	unknown_peak
M263T728	263.0744	728.1	KeggExd065218	[M]	[M-H2O-H]-	C10H18O9	TRUE	unknown_peak
M303T724	303.0691	724.1	KeggExd065218	[M]	[M+Na-2H]-	C10H18O9	TRUE	unknown_peak
M334T404	334.0619	403.7	C04201	[M]	[M+CH3COO]-	C10H13NO6S	TRUE	known_peak
M326T881	325.996	881	KeggExd005671;KeggExd005669;KeggExd005670;KeggExd001982;KeggExd001981;KeggExd148845;KeggExd148846;KeggExd001980;KeggExd009653;KeggExd009651;KeggExd009652	[M];[M];[M];[M];[M];[M];[M];[M];[M];[M];[M]	[M+NH4-2H]-;[M+NH4-2H]-;[M+NH4-2H]-;[M+NH4-2H]-;[M+NH4-2H]-;[M+NH4-2H]-;[M+NH4-2H]-;[M+NH4-2H]-;[M+NH4-2H]-;[M+NH4-2H]-;[M+NH4-2H]-	C5H11O11PS	TRUE	unknown_peak
M300T660	300.0472	660	C00357;C04257;C04501;C06376	[M];[M];[M];[M]	[M-H]-;[M-H]-;[M-H]-;[M-H]-	C8H16NO9P	TRUE	known_peak
M158T317	158.0187	316.8	C00108;C00568;C01004	[M];[M];[M]	[M+Na-2H]-;[M+Na-2H]-;[M+Na-2H]-	C7H7NO2	TRUE	known_peak
M198T764	198.0153	764.2	C01102;C12147;C12215	[M];[M];[M]	[M-H]-;[M-H]-;[M-H]-	C4H10NO6P	TRUE	known_peak
M360T832	360.0781	832.4	C01294	[M]	[M+CH3COO]-	C7H16N3O8P	TRUE	known_peak
M246T631_1	246.0277	631.1	KeggExd001163;KeggExd002964;KeggExd001162;KeggExd002965;KeggExd001989;KeggExd001990;KeggExd001987;KeggExd001161;KeggExd002963;KeggExd001988	[M];[M];[M];[M];[M];[M];[M];[M];[M];[M]	[M+NH4-2H]-;[M+NH4-2H]-;[M+NH4-2H]-;[M+NH4-2H]-;[M+NH4-2H]-;[M+NH4-2H]-;[M+NH4-2H]-;[M+NH4-2H]-;[M+NH4-2H]-;[M+NH4-2H]-	C5H10O8S	TRUE	unknown_peak
M228T282	228.0259	281.7	C05835;C01252	[M];[M]	[M+Na-2H]-;[M+Na-2H]-	C10H9NO4	TRUE	known_peak
M247T362	247.11	361.9	C10733	[M]	[M+CH3COO]-	C11H12N2O	TRUE	known_peak
M267T516	267.0961	515.6	KeggExd024654;KeggExd048746;C00328	[M];[M];[M]	[M-H]-;[M-H]-;[M+CH3COO]-	C12H16N2O5;C10H12N2O3	TRUE	unknown_peak
M292T189	292.0815	188.9	C08062	[M]	[M+CH3COO]-	C12H11NO4	TRUE	known_peak
M354T797	354.0562	797.3	C16698;C21027	[M];[M]	[M-H2O-H]-;[M-H2O-H]-	C11H20NO11P	TRUE	known_peak
M606T802	606.0688	802.1	C00043	[M]	[M-H]-	C17H27N3O17P2	TRUE	seed_peak
M323T772	323.0247	772.4	C01168;C00105	[M];[M]	[M-H]-;[M-H]-	C9H13N2O9P	TRUE	known_peak
M326T566	325.9815	565.9	KeggExd002968;KeggExd002972;KeggExd001166;KeggExd001170;KeggExd002969;KeggExd001167	[M];[M];[M];[M];[M];[M]	[M+NH4-2H]-;[M+NH4-2H]-;[M+NH4-2H]-;[M+NH4-2H]-;[M+NH4-2H]-;[M+NH4-2H]-	C5H10O11S2	TRUE	unknown_peak
M326T742	325.9891	741.9	KeggExd001167;KeggExd002969;KeggExd001170;KeggExd001166;KeggExd002972;KeggExd002968	[M];[M];[M];[M];[M];[M]	[M+NH4-2H]-;[M+NH4-2H]-;[M+NH4-2H]-;[M+NH4-2H]-;[M+NH4-2H]-;[M+NH4-2H]-	C5H10O11S2	TRUE	unknown_peak
M242T678	242.1121	677.7	C00931;KeggExd048742;KeggExd024649	[M];[M];[M]	[M+NH4-2H]-;[M+NH4-2H]-;[M+NH4-2H]-	C10H14N2O4	TRUE	unknown_peak
M174T274	174.0588	274	C00954;C03230;C06331;C11504	[M];[M];[M];[M]	[M-H]-;[M-H]-;[M-H]-;[M-H]-	C10H9NO2	TRUE	known_peak
M330T389	330.0654	388.6	C02713	[M]	[M+K-2H]-	C11H19NO8	TRUE	known_peak
M200T276	200.0727	276.2	C08061	[M]	[M-H]-	C12H11NO2	TRUE	known_peak
M283T520	283.0874	520	C03227;C05651	[M];[M]	[M+CH3COO]-;[M+CH3COO]-	C10H12N2O4	TRUE	known_peak
M283T688	283.099	687.8	C05651;KeggExd028930;KeggExd029702	[M];[M];[M]	[M+CH3COO]-;[M-H]-;[M-H]-	C10H12N2O4;C10H20O9	TRUE	unknown_peak
M372T389	372.0737	389.4	KeggExd008645;KeggExd057096	[M];[M]	[M+Na-2H]-;[M+Na-2H]-	C16H17NO8	TRUE	unknown_peak
M372T559	372.0694	559.2	C21027;C16698	[M];[M]	[M-H]-;[M-H]-	C11H20NO11P	TRUE	known_peak
M389T690	389.1003	690.4	C21027;C16698	[M];[M]	[M+NH4-2H]-;[M+NH4-2H]-	C11H20NO11P	TRUE	known_peak
M236T306	236.0904	306.3	KeggExd024668	[M]	[M+CH3COO]-	C10H11NO2	TRUE	unknown_peak
M233T379	233.0536	378.6	KeggExd071459;C05648	[M];[M]	[M-H2O-H]-;[M-H2O-H]-	C11H12N2O5	TRUE	unknown_peak
M325T401	325.1067	400.9	KeggExd024650;KeggExd048743	[M];[M]	[M+CH3COO]-;[M+CH3COO]-	C12H14N2O5	TRUE	unknown_peak
M179T277	179.0812	276.9	C05636;C05638	[M];[M]	[M-H]-;[M-H]-	C9H12N2O2	TRUE	known_peak
M265T437	265.0801	436.7	KeggExd024650;KeggExd048743	[M];[M]	[M-H]-;[M-H]-	C12H14N2O5	TRUE	unknown_peak
M221T416	221.0906	416	C20843;KeggExd048516;KeggExd048496	[M];[M];[M]	[M-H]-;[M-H]-;[M-H]-	C11H14N2O3	TRUE	unknown_peak
M377T535	377.0949	534.9	KeggExd048497;KeggExd048517;KeggExd048518;KeggExd048498	[M];[M];[M];[M]	[M+Na-2H]-;[M+Na-2H]-;[M+Na-2H]-;[M+Na-2H]-	C15H20N2O8	TRUE	unknown_peak
M501T681	501.1399	681	KeggExd024659;KeggExd048751	[M];[M]	[M+CH3COO]-;[M+CH3COO]-	C18H22N2O11	TRUE	unknown_peak
M501T723	501.1398	723.4	KeggExd024659;KeggExd048751	[M];[M]	[M+CH3COO]-;[M+CH3COO]-	C18H22N2O11	TRUE	unknown_peak
M323T390	323.0274	390	KeggExd048506	[M]	[M+Na-2H]-	C11H14N2O6S	TRUE	unknown_peak
M153T672	152.9846	672.4	C00036	[M]	[M+Na-2H]-	C4H4O5	TRUE	known_peak
M168T669	167.9975	669	C00506	[M]	[M-H]-	C3H7NO5S	TRUE	seed_peak
M211T857	210.9899	857.3	C05527	[M]	[M+CH3COO]-	C3H4O5S	TRUE	known_peak
M244T660	244.0279	659.7	C01005	[M]	[M+CH3COO]-	C3H8NO6P	TRUE	known_peak
M313T563	313.0732	563	C05844	[M]	[M+CH3COO]-	C7H14N2O6S	TRUE	known_peak
M226T514	226.0467	514.4	C01959;C21403	[M];[M]	[M+CH3COO]-;[M+CH3COO]-	C3H9N3O3S;C4H10NO4P	TRUE	known_peak
M102T515	102.0185	515.4	C02193;C20249;C11822	[M];[M];[M]	[M-H]-;[M-H]-;[M-H]-	C3H5NO3	TRUE	known_peak
M146T511	146.0443	511.1	C02218;C03790;C05941;C00979;C05938;C20253;C05574;C00217;C03618	[M];[M];[M];[M];[M];[M];[M];[M];[M]	[M+CH3COO]-;[M-H]-;[M-H]-;[M-H]-;[M-H]-;[M+CH3COO]-;[M-H]-;[M-H]-;[M-H]-	C3H5NO2;C5H9NO4	TRUE	known_peak
M124T534_2	124.0068	534.2	C00245	[M]	[M-H]-	C2H7NO3S	TRUE	seed_peak
M196T652	196.0258	652.2	C01616	[M]	[M-H]-	C5H11NO5S	TRUE	known_peak
M132T745	132.0286	745.5	C00402	[M]	[M-H]-	C4H7NO4	TRUE	seed_peak
M174T727	174.0397	726.8	C01042	[M]	[M-H]-	C6H9NO5	TRUE	seed_peak
M215T459	215.102	458.9	C20941;KeggExd007446;KeggExd007445;KeggExd007444;KeggExd007443	[M];[M];[M];[M];[M]	[M+NH4-2H]-;[M+NH4-2H]-;[M+NH4-2H]-;[M+NH4-2H]-;[M+NH4-2H]-	C9H13NO4	TRUE	unknown_peak
M88T631	88.04	631.2	C00041	[M]	[M-H]-	C3H7NO2	TRUE	seed_peak
M132T556	132.0288	555.6	C00049;C00122;C01384	[M];[M];[M]	[M-H]-;[M+NH4-2H]-;[M+NH4-2H]-	C4H7NO4;C4H4O4	TRUE	known_peak
M217T484	217.1171	483.8	C20940;C04020	[M];[M]	[M+NH4-2H]-;[M-H]-	C9H15NO4;C9H18N2O4	TRUE	known_peak
M88T671	88.0391	671.1	C00133;C00099;C00213	[M];[M];[M]	[M-H]-;[M-H]-;[M-H]-	C3H7NO2	TRUE	known_peak
M112T727	112.0388	727.1	C01165;C00430;C03341	[M];[M];[M]	[M-H2O-H]-;[M-H2O-H]-;[M-H2O-H]-	C5H9NO3	TRUE	known_peak
M130T522	130.0518	521.7	C03741;C03440;C00430;C01073;C01165;C03341;C01157;C19706	[M];[M];[M];[M];[M];[M];[M];[M]	[M-H]-;[M-H]-;[M-H]-;[M-H]-;[M-H]-;[M-H]-;[M-H]-;[M-H]-	C5H9NO3	TRUE	known_peak
M160T470	160.0596	469.7	C17581;C03210;C02207;C01046;C01077;C19694	[M];[M];[M];[M];[M];[M]	[M-H]-;[M-H]-;[M-H]-;[M-H]-;[M-H]-;[M-H]-	C6H11NO4	TRUE	known_peak
M218T494	218.1019	494.3	C00864	[M]	[M-H]-	C9H17NO5	TRUE	seed_peak
M277T81	277.1199	81.2	C00831	[M]	[M-H]-	C11H22N2O4S	TRUE	seed_peak
M111T147_2	111.019	146.7	C00106	[M]	[M-H]-	C4H4N2O2	TRUE	seed_peak
M155T410	155.0082	409.7	C03030;C00295	[M];[M]	[M-H]-;[M-H]-	C5H4N2O4	TRUE	known_peak
M102T686	102.055	686.3	C02356;C00334	[M];[M]	[M-H]-;[M-H]-	C4H9NO2	TRUE	known_peak
M125T598	125.0169	598.3	C19779;KeggExd098132;C05984;C00989	[M];[M];[M];[M]	[M+K-2H]-;[M+Na-2H]-;[M+Na-2H]-;[M+Na-2H]-	C3H8N2O;C4H8O3	TRUE	unknown_peak
M148T513	148.0425	513.4	C00073	[M]	[M-H]-	C5H11NO2S	TRUE	seed_peak
M144T392	144.0648	391.6	C02946	[M]	[M-H]-	C6H11NO3	TRUE	known_peak
M144T516	144.0659	516.3	C03239;C04076;C02946	[M];[M];[M]	[M-H]-;[M-H]-;[M-H]-	C6H11NO3	TRUE	known_peak
M204T498	204.0862	498.2	C03239;C04076;C02946	[M];[M];[M]	[M+CH3COO]-;[M+CH3COO]-;[M+CH3COO]-	C6H11NO3	TRUE	known_peak
M243T551	243.0311	550.9	C11821;C15556;C01099;C01131	[M];[M];[M];[M]	[M+CH3COO]-;[M+CH3COO]-;[M-H]-;[M-H]-	C5H4N4O4;C4H9O6P;C6H13O8P	TRUE	known_peak
M147T531	147.0645	530.6	C00522;KeggExd110377	[M];[M]	[M-H]-;[M+CH3COO]-	C6H12O4;C4H8O2	TRUE	unknown_peak
M146T653	146.0807	652.6	KeggExd030614	[M]	[M-H]-	C6H13NO3	TRUE	unknown_peak
M227T459	227.0264	459.3	KeggExd110381;KeggExd005053;KeggExd005052	[M];[M];[M]	[M+CH3COO]-;[M-H]-;[M-H]-	C4H8O5S;C6H12O7S	TRUE	unknown_peak
M244T547	244.0643	546.8	C18911	[M]	[M+NH4-2H]-	C6H13O7P	TRUE	known_peak
M125T687	125.024	687.4	KeggExd098132	[M]	[M+Na-2H]-	C4H8O3	TRUE	unknown_peak
M286T520	286.0625	520.2	KeggExd030617	[M]	[M+CH3COO]-	C6H13NO6S	TRUE	unknown_peak
M298T831	298.0664	830.5	C03492	[M]	[M-H]-	C9H18NO8P	TRUE	known_peak
M114T565	114.0551	565.2	C00763;C00148	[M];[M]	[M-H]-;[M-H]-	C5H9NO2	TRUE	seed_peak
M558T783_2	558.0678	782.9	C00301	[M]	[M-H]-	C15H23N5O14P2	TRUE	seed_peak
M662T813	662.0959	812.9	C00003	[M]	[M-2H]-	C21H28N7O14P2	TRUE	seed_peak
M540T794	540.0479	794.1	C13050	[M]	[M-H]-	C15H21N5O13P2	TRUE	seed_peak
M558T783_1	558.0576	783	C00301	[M]	[M-H]-	C15H23N5O14P2	TRUE	seed_peak
M157T192	157.0871	191.6	C16310	[M]	[M+CH3COO]-	C6H10O	TRUE	known_peak
M277T75_2	277.2158	74.7	C06427	[M]	[M-H]-	C18H30O2	TRUE	seed_peak
M147T282	147.0282	281.5	C16357;C16358;C16353	[M];[M];[M]	[M-H2O-H]-;[M-H2O-H]-;[M-H2O-H]-	C6H6N4O2	TRUE	known_peak
M242T432	242.0759	432.2	C00475	[M]	[M-H]-	C9H13N3O5	TRUE	known_peak
M283T566	283.0653	565.7	C01762	[M]	[M-H]-	C10H12N4O6	TRUE	seed_peak
M243T407	243.0679	407.2	C00299	[M]	[M-H]-	C9H12N2O6	TRUE	known_peak
M304T769	304.038	769.2	C05822;KeggExd019751	[M];[M]	[M-H2O-H]-;[M-H2O-H]-	C9H14N3O8P	TRUE	unknown_peak
M320T555	320.0775	555.3	C16352	[M]	[M+Na-2H]-	C11H15N4O6	TRUE	known_peak
M558T848_2	558.0992	847.6	KeggExd000867;KeggExd000866;KeggExd000865;KeggExd019757;KeggExd050103;KeggExd050101;KeggExd019755;KeggExd050102;KeggExd019756;KeggExd149524	[M];[M];[M];[M];[M];[M];[M];[M];[M];[M]	[M+CH3COO]-;[M+CH3COO]-;[M+CH3COO]-;[M+CH3COO]-;[M+CH3COO]-;[M+CH3COO]-;[M+CH3COO]-;[M+CH3COO]-;[M+CH3COO]-;[M+CH3COO]-	C15H22N3O14P;C15H25N4O9P2S	TRUE	unknown_peak
M482T721	482.0853	721.5	C21017	[M]	[M-H]-	C15H25N4O8P2S	TRUE	known_peak
M558T848_1	558.0883	848	KeggExd149524	[M]	[M+CH3COO]-	C15H25N4O9P2S	TRUE	unknown_peak
M250T404	250.0888	404	C00559	[M]	[M-H]-	C10H13N5O3	TRUE	known_peak
M251T320	251.0759	320.3	C05512	[M]	[M-H]-	C10H12N4O4	TRUE	seed_peak
M269T558	269.0857	557.8	KeggExd048134	[M]	[M-H]-	C10H14N4O5	TRUE	unknown_peak
M331T686	331.0459	686.4	C06196;C05325	[M];[M]	[M-H]-;[M-H]-	C10H13N4O7P	TRUE	known_peak
M486T639	486.1514	639.1	KeggExd005211;KeggExd005212	[M];[M]	[M+CH3COO]-;[M+CH3COO]-	C16H21N5O9	TRUE	unknown_peak
M371T660	371.0343	660.5	KeggExd056061	[M]	[M+Na-2H]-	C10H15N4O8P	TRUE	unknown_peak
M445T687	445.1258	687	KeggExd048135;KeggExd048136;KeggExd048137	[M];[M];[M]	[M-H]-;[M-H]-;[M-H]-	C16H22N4O11	TRUE	unknown_peak
M445T714	445.1258	714.2	KeggExd048135;KeggExd048136;KeggExd048137	[M];[M];[M]	[M-H]-;[M-H]-;[M-H]-	C16H22N4O11	TRUE	unknown_peak
M445T730	445.1148	729.6	KeggExd048135;KeggExd048136;KeggExd048137	[M];[M];[M]	[M-H]-;[M-H]-;[M-H]-	C16H22N4O11	TRUE	unknown_peak
M445T806	445.1259	806.1	KeggExd048135;KeggExd048136	[M];[M]	[M-H]-;[M-H]-	C16H22N4O11	TRUE	unknown_peak
M104T692	104.034	691.8	C00065;C00716	[M];[M]	[M-H]-;[M-H]-	C3H7NO3	TRUE	seed_peak
M203T464	203.0802	464.1	C00078	[M]	[M-H]-	C11H12N2O2	TRUE	seed_peak
M235T413	235.0698	413.1	C02700;KeggExd057098;KeggExd005247	[M];[M];[M]	[M-H]-;[M-H]-;[M-H]-	C11H12N2O4	TRUE	unknown_peak
M237T560	237.0891	560	KeggExd021445	[M]	[M-H]-	C11H14N2O4	TRUE	unknown_peak
M235T336	235.0674	335.5	C02700	[M]	[M-H]-	C11H12N2O4	TRUE	known_peak
M375T382	375.1264	382.4	C00255	[M]	[M-H]-	C17H20N4O6	TRUE	seed_peak
M377T231	377.1433	230.9	C01007	[M]	[M-H]-	C17H22N4O6	TRUE	known_peak
M377T265	377.1436	264.6	C01007	[M]	[M-H]-	C17H22N4O6	TRUE	known_peak
M137T63	137.0231	62.9	C00805	[M]	[M-H]-	C7H6O3	TRUE	seed_peak
M93T315	93.0351	315.3	C00146	[M]	[M-H]-	C6H6O	TRUE	seed_peak
M173T687	173.1024	686.7	C00792	[M]	[M-H]-	C6H14N4O2	TRUE	known_peak
M173T967	173.1026	967.2	C00062	[M]	[M-H]-	C6H14N4O2	TRUE	seed_peak
M178T337	178.049	336.5	C01586	[M]	[M-H]-	C9H9NO3	TRUE	seed_peak
M192T280	192.0643	280.4	C05598	[M]	[M-H]-	C10H11NO3	TRUE	known_peak
M208T351	208.0596	351.4	C05596;C03710	[M];[M]	[M-H]-;[M-H]-	C10H11NO4	TRUE	known_peak
M178T351	178.0491	351.5	C01586	[M]	[M-H]-	C9H9NO3	TRUE	seed_peak
M243T436	243.0597	436.2	C02067	[M]	[M-H]-	C9H12N2O6	TRUE	seed_peak
M171T719	171.0048	718.5	C06455;C00093;C00623;C03189	[M];[M];[M];[M]	[M+CH3COO]-;[M-H]-;[M-H]-;[M-H]-	CH5O4P;C3H9O6P	TRUE	known_peak
M171T806	171.0051	806.4	C03189;C00093;C00623;C02979	[M];[M];[M];[M]	[M-H]-;[M-H]-;[M-H]-;[M-H]-	C3H9O6P	TRUE	known_peak
M256T718	256.0925	718.4	C00670	[M]	[M-H]-	C8H21NO6P	TRUE	seed_peak
M355T811	355.0389	811.5	C04703;C04641;C10517	[M];[M];[M]	[M+Na-2H]-;[M+Na-2H]-;[M+Na-2H]-	C9H19O11P	TRUE	known_peak
M460T363	460.2776	362.7	C04590	[M]	[M+NH4-2H]-	C23H41O6P	TRUE	known_peak
M153T489	152.9939	488.7	C06755;C03947;C02876	[M];[M];[M]	[M+CH3COO]-;[M-H]-;[M-H]-	C2H3ClO2;C3H7O5P	TRUE	known_peak
M253T579_2	253.09	579.3	C05401;C11546	[M];[M]	[M-H]-;[M-H]-	C9H18O8	TRUE	known_peak
M313T713	313.1155	713	C05401;C11546	[M];[M]	[M+CH3COO]-;[M+CH3COO]-	C9H18O8	TRUE	known_peak
M210T388	210.015	387.8	C12836	[M]	[M+NH4-2H]-	C6H7ClO5	TRUE	known_peak
M210T588	210.0151	588.1	C12836	[M]	[M+NH4-2H]-	C6H7ClO5	TRUE	known_peak
M146T733_2	146.0448	732.6	C00025	[M]	[M-H]-	C5H9NO4	TRUE	seed_peak
M188T716	188.0547	715.7	C03871;C00624	[M];[M]	[M-H]-;[M-H]-	C7H11NO5	TRUE	known_peak
M187T570	187.0704	569.8	C03972;C05715	[M];[M]	[M+NH4-2H]-;[M+CH3COO]-	C7H9NO4;C5H8N2O2	TRUE	known_peak
M171T552	171.0759	551.6	C00666	[M]	[M-H2O-H]-	C7H14N2O4	TRUE	known_peak
M315T128	315.2506	127.7	C00249	[M]	[M+CH3COO]-	C16H32O2	TRUE	known_peak
M336T307	336.2251	306.7	C02934	[M]	[M+K-2H]-	C18H37NO2	TRUE	known_peak
M398T306	398.3223	305.8	C02990	[M]	[M-H]-	C23H45NO4	TRUE	seed_peak
M533T75	533.4599	74.5	C00249	[M]	[2M+Na-2H]-	C16H32O2	TRUE	known_peak
M356T202	356.2787	202	C06121	[M]	[M+CH3COO]-	C18H35NO2	TRUE	known_peak
M131T694	131.0445	694.4	C00152	[M]	[M-H]-	C4H8N2O3	TRUE	seed_peak
M173T576	173.0552	575.9	C02512	[M]	[M+CH3COO]-	C4H6N2O2	TRUE	known_peak
M315T126	315.1928	126.2	C19613;C05958;C19827	[M];[M];[M]	[M+Na-2H]-;[M-H2O-H]-;[M+Na-2H]-	C18H30O3;C20H30O4	TRUE	known_peak
M315T80_1	315.193	79.7	C14717	[M]	[M-H]-	C20H28O3	TRUE	seed_peak
M451T303	451.1212	303	KeggExd053173	[M]	[M+K-2H]-	C20H30O7S	TRUE	unknown_peak
M121T203	121.0278	202.6	C00180	[M]	[M-H]-	C7H6O2	TRUE	seed_peak
M211T164	211.0373	164.4	KeggExd064801;C07718;C07725;C18216;KeggExd064741	[M];[M];[M];[M];[M]	[M-H2O-H]-;[M-H2O-H]-;[M-H2O-H]-;[M-H2O-H]-;[M-H2O-H]-	C13H10O4	TRUE	unknown_peak
M233T513	233.0188	513.4	C02734	[M]	[M+CH3COO]-	C6H7O4P	TRUE	known_peak
M211T145	211.0376	144.6	KeggExd064801;C07718;C07725;KeggExd064741	[M];[M];[M];[M]	[M-H2O-H]-;[M-H2O-H]-;[M-H2O-H]-;[M-H2O-H]-	C13H10O4	TRUE	unknown_peak
M200T568	200.0373	567.6	C05678	[M]	[M+CH3COO]-	C2H8NO4P	TRUE	known_peak
M200T716	200.0308	715.7	C05678;C00346	[M];[M]	[M+CH3COO]-;[M+CH3COO]-	C2H8NO4P	TRUE	known_peak
M230T282	230.0227	281.8	C05598	[M]	[M+K-2H]-	C10H11NO3	TRUE	known_peak
M272T227	272.0508	226.7	C02564	[M]	[M+Na-2H]-	C12H13NO5	TRUE	known_peak
M288T747	288.1169	747.2	C21016	[M]	[M-H]-	C11H19N3O6	TRUE	known_peak
M330T480	330.1347	480.3	KeggExd149523	[M]	[M-H]-	C13H21N3O7	TRUE	unknown_peak
M147T726_2	147.0285	726.2	C03196	[M]	[M-H]-	C5H8O5	TRUE	seed_peak
M289T865	289.0297	865.4	C05382	[M]	[M-H]-	C7H15O10P	TRUE	known_peak
M487T826	487.0938	826	C00307	[M]	[M-H]-	C14H26N4O11P2	TRUE	seed_peak
M228T604	228.0249	603.9	C05672;C03090	[M];[M]	[M+CH3COO]-;[M-H]-	C3H8NO5P;C5H12NO7P	TRUE	known_peak
M227T767	226.9937	766.9	C02798;C00074;C16849	[M];[M];[M]	[M+CH3COO]-;[M+CH3COO]-;[M+CH3COO]-	C3H5O6P	TRUE	known_peak
M168T791	168.0049	790.7	C05672	[M]	[M-H]-	C3H8NO5P	TRUE	known_peak
M271T124	271.2042	124	KeggExd018238	[M]	[M-H]-	C19H28O	TRUE	unknown_peak
M331T54_3	331.227	54.5	C05485	[M]	[M-H]-	C21H32O3	TRUE	seed_peak
M149T294	149.044	294.1	C00476	[M]	[M-H]-	C5H10O5	TRUE	seed_peak
M151T438	151.0597	438.2	C00532;C00379	[M];[M]	[M-H]-;[M-H]-	C5H12O5	TRUE	seed_peak
M269T128	269.2092	127.9	C08285;C19614	[M];[M]	[M-H2O-H]-;[M-H]-	C16H32O4;C16H30O3	TRUE	known_peak
M271T79	271.2249	79	C18218	[M]	[M-H]-	C16H32O3	TRUE	seed_peak
M285T186	285.2037	185.5	KeggExd065398	[M]	[M-H]-	C16H30O4	TRUE	unknown_peak
M287T160	287.2195	159.6	C08285	[M]	[M-H]-	C16H32O4	TRUE	known_peak
M287T191	287.2195	191.3	C08285	[M]	[M-H]-	C16H32O4	TRUE	known_peak
M175T679	175.0229	678.6	C00072	[M]	[M-H]-	C6H8O6	TRUE	seed_peak
M147T138	147.0282	138	C01114	[M]	[M-H]-	C5H8O5	TRUE	seed_peak
M225T556	225.0629	556.1	C01685;C00502;C00878;C00545	[M];[M];[M];[M]	[M+CH3COO]-;[M+CH3COO]-;[M+CH3COO]-;[M+CH3COO]-	C5H10O6	TRUE	known_peak
M155T859	154.9728	859.1	C00988	[M]	[M-H]-	C2H5O6P	TRUE	seed_peak
M143T544	143.033	543.8	C00503;C16884	[M];[M]	[M+Na-2H]-;[M+Na-2H]-	C4H10O4	TRUE	known_peak
M386T764	386.0288	763.6	C00447	[M]	[M+NH4-2H]-	C7H16O13P2	TRUE	known_peak
M205T415	205.071	414.8	C01053;C06762;C00966;C06006	[M];[M];[M];[M]	[M+CH3COO]-;[M+CH3COO]-;[M+CH3COO]-;[M+CH3COO]-	C6H10O4	TRUE	known_peak
M314T746	314.062	745.5	KeggExd058200	[M]	[M+Na-2H]-	C10H18N2O6P	TRUE	unknown_peak
M402T722	402.0839	721.8	KeggExd058199;C17951	[M];[M]	[M+K-2H]-;[M+K-2H]-	C13H24N3O7P	TRUE	unknown_peak
M402T520	402.0844	519.5	C05983;C17951;KeggExd058199	[M];[M];[M]	[M-H]-;[M+K-2H]-;[M+K-2H]-	C13H18N5O8P;C13H24N3O7P	TRUE	unknown_peak
M402T550	402.0843	550.4	C17951;C05983;KeggExd058199	[M];[M];[M]	[M+K-2H]-;[M-H]-;[M+K-2H]-	C13H24N3O7P;C13H18N5O8P	TRUE	unknown_peak
M400T722	400.0684	721.8	KeggExd054597	[M]	[M-H2O-H]-	C13H18N5O9P	TRUE	unknown_peak
M578T847	578.1166	847.2	KeggExd054598;KeggExd054599;KeggExd054600	[M];[M];[M]	[M-H]-;[M-H]-;[M-H]-	C19H26N5O14P	TRUE	unknown_peak
M402T474	402.084	474	C05983	[M]	[M-H]-	C13H18N5O8P	TRUE	known_peak
M402T594	402.0837	593.6	C05983	[M]	[M-H]-	C13H18N5O8P	TRUE	known_peak
M402T677	402.0876	676.8	C05983	[M]	[M-H]-	C13H18N5O8P	TRUE	known_peak
M515T543	515.0586	542.8	KeggExd054606;KeggExd054607	[M];[M]	[M+NH4-2H]-;[M+NH4-2H]-	C13H18N5O12PS	TRUE	unknown_peak
M235T494	235.0811	493.9	C05994;C02123;C02504;C05401;KeggExd035237;KeggExd035236	[M];[M];[M];[M];[M];[M]	[M+CH3COO]-;[M+CH3COO]-;[M+CH3COO]-;[M-H2O-H]-;[M+CH3COO]-;[M+CH3COO]-	C7H12O5;C9H18O8	TRUE	unknown_peak
M230T686	230.0371	686.3	KeggExd055522;KeggExd055521;KeggExd016279;KeggExd016278	[M];[M];[M];[M]	[M+CH3COO]-;[M+CH3COO]-;[M+NH4-2H]-;[M+NH4-2H]-	C3H9NO5S;C5H10O7S	TRUE	unknown_peak
M267T711	266.9971	710.8	KeggExd055525	[M]	[M+NH4-2H]-	C3H9NO8S2	TRUE	unknown_peak
M328T436	328.0361	436.4	KeggExd003068;KeggExd003069;KeggExd005226;KeggExd005227;KeggExd002096;KeggExd002098;KeggExd002097	[M];[M];[M];[M];[M];[M];[M]	[M-H2O-H]-;[M-H2O-H]-;[M-H2O-H]-;[M-H2O-H]-;[M-H2O-H]-;[M-H2O-H]-;[M-H2O-H]-	C10H13N5O7S	TRUE	unknown_peak
M408T742	407.9923	742	KeggExd002114;KeggExd002110;KeggExd002109;KeggExd003078	[M];[M];[M];[M]	[M-H2O-H]-;[M-H2O-H]-;[M-H2O-H]-;[M-H2O-H]-	C10H13N5O10S2	TRUE	unknown_peak
M606T691	606.1829	690.7	KeggExd000711	[M]	[M+NH4-2H]-	C21H30N6O12S	TRUE	unknown_peak
M633T722	633.1827	722.5	KeggExd000706	[M]	[M+CH3COO]-	C21H30N6O11S	TRUE	unknown_peak
M633T785	633.182	784.5	KeggExd000706	[M]	[M+CH3COO]-	C21H30N6O11S	TRUE	unknown_peak
M649T846	649.1753	846.2	KeggExd000711	[M]	[M+CH3COO]-	C21H30N6O12S	TRUE	unknown_peak
M116T546	116.0702	546	C00719;C00431;C15987;C01826;C00183;C14150	[M];[M];[M];[M];[M];[M]	[M-H]-;[M-H]-;[M-H]-;[M-H]-;[M-H]-;[M+CH3COO]-	C5H11NO2;C3H7N	TRUE	known_peak
M215T573	215.0049	573.4	C03920	[M]	[M+CH3COO]-	C3H8O3S2	TRUE	known_peak
M163T579	162.9452	579.3	C03576	[M]	[M+Na-2H]-	C2H6O3S2	TRUE	known_peak
M159T394	159.0296	394	C06891;C20781;C16159;C00322;KeggExd110659;C04287	[M];[M];[M];[M];[M];[M]	[M-H]-;[M-H]-;[M-H]-;[M-H]-;[M-H]-;[M-H]-	C6H8O5	TRUE	unknown_peak
M175T294	175.0959	294	C02948	[M]	[M+CH3COO]-	C6H12O2	TRUE	known_peak
M203T531	203.1012	530.6	C03955;C04210	[M];[M]	[M-H]-;[M-H]-	C8H16N2O4	TRUE	known_peak
M203T696	203.1016	696	C04210;C03955	[M];[M]	[M-H]-;[M-H]-	C8H16N2O4	TRUE	known_peak
M203T884	203.1014	884	C04210	[M]	[M-H]-	C8H16N2O4	TRUE	known_peak
M331T534	331.0095	534.2	C16198	[M]	[M+CH3COO]-	C10H8O7S	TRUE	known_peak
M157T406	157.0138	405.5	C02501;C03453;KeggExd063006;C06035;KeggExd031659	[M];[M];[M];[M];[M]	[M-H]-;[M-H]-;[M-H]-;[M-H]-;[M-H]-	C6H6O5	TRUE	unknown_peak
M157T546	157.0125	546.3	KeggExd031659;C06035;C03453;KeggExd063006;C02501	[M];[M];[M];[M];[M]	[M-H]-;[M-H]-;[M-H]-;[M-H]-;[M-H]-	C6H6O5	TRUE	unknown_peak
M221T494	221.1112	494.2	C01028;C02627	[M];[M]	[M+CH3COO]-;[M+CH3COO]-	C6H14N2O3	TRUE	known_peak
M181T647	181.0076	647.2	C04287;KeggExd110659;C00322;C16159	[M];[M];[M];[M]	[M+Na-2H]-;[M+Na-2H]-;[M+Na-2H]-;[M+Na-2H]-	C6H8O5	TRUE	unknown_peak
M253T552	253.0926	552	C05401;C11546	[M];[M]	[M-H]-;[M-H]-	C9H18O8	TRUE	known_peak
M139T815	138.9785	814.8	C05682;C00227	[M];[M]	[M-H]-;[M-H]-	C2H5O5P	TRUE	known_peak
M151T382	151.0251	382.2	C19781	[M]	[M+K-2H]-	C5H10N2O	TRUE	known_peak
M159T589	159.0757	588.7	C19929;C00993;C03153	[M];[M];[M]	[M-H]-;[M-H]-;[M-H]-	C6H12N2O3	TRUE	known_peak
M159T688	159.0759	687.6	C06442;C03153;C00993;C19929	[M];[M];[M];[M]	[M-H]-;[M-H]-;[M-H]-;[M-H]-	C6H12N2O3	TRUE	known_peak
M202T681	202.0698	681.1	C00140	[M]	[M-H2O-H]-	C8H15NO6	TRUE	known_peak
M205T617	205.0813	617.2	C00064;C00819	[M];[M]	[M+CH3COO]-;[M+CH3COO]-	C5H10N2O3	TRUE	known_peak
M219T564	219.0999	563.7	C19929;C03153;C06442;C00993	[M];[M];[M];[M]	[M+CH3COO]-;[M+CH3COO]-;[M+CH3COO]-;[M+CH3COO]-	C6H12N2O3	TRUE	known_peak
M219T585	219.0973	585.1	C01239;C19929;C03153;C06442;KeggExd061259;C00993	[M];[M];[M];[M];[M];[M]	[M-H]-;[M+CH3COO]-;[M+CH3COO]-;[M+CH3COO]-;[M-H]-;[M+CH3COO]-	C8H16N2O5;C6H12N2O3	TRUE	unknown_peak
M231T708	231.0964	708.2	C04390;C03415;C15767;C21015	[M];[M];[M];[M]	[M-H]-;[M-H]-;[M-H]-;[M-H]-	C9H16N2O5	TRUE	known_peak
M233T767	233.0831	766.6	C00439;C04690	[M];[M]	[M+CH3COO]-;[M+NH4-2H]-	C6H10N2O4;C8H11NO6	TRUE	known_peak
M275T836	275.1223	836.2	C00449	[M]	[M-H]-	C11H20N2O6	TRUE	known_peak
M345T552	345.1754	552.3	C21160	[M]	[M-H]-	C14H26N4O6	TRUE	known_peak
M423T222	423.0727	221.6	C01175;C20506	[M];[M]	[M+K-2H]-;[M+Na-2H]-	C17H22O10;C20H18O9	TRUE	known_peak
M299T520	299.052	520.3	KeggExd010703;KeggExd010705;KeggExd010704	[M];[M];[M]	[M-H]-;[M-H]-;[M-H]-	C8H16N2O8S	TRUE	unknown_peak
M334T813	334.1215	813.4	C04540;C18048	[M];[M]	[M-H]-;[M+CH3COO]-	C12H21N3O8;C10H17N3O6	TRUE	known_peak
M359T780	359.082	780	KeggExd061264;KeggExd010704;KeggExd010705;KeggExd010703	[M];[M];[M];[M]	[M+CH3COO]-;[M+CH3COO]-;[M+CH3COO]-;[M+CH3COO]-	C8H16N2O8S	TRUE	unknown_peak
M247T563	247.0915	563.3	C05539	[M]	[M+NH4-2H]-	C9H13NO6	TRUE	known_peak
M361T285	361.0499	285.3	C02887	[M]	[M+Na-2H]-	C15H16O9	TRUE	known_peak
M217T609	217.0807	608.5	C01109;KeggExd061267;C16432;C20957;C03738;C20958	[M];[M];[M];[M];[M];[M]	[M+CH3COO]-;[M-H]-;[M+CH3COO]-;[M-H]-;[M-H]-;[M-H]-	C6H10N2O3;C8H14N2O5	TRUE	unknown_peak
M182T716	182.0204	716	C04076	[M]	[M+K-2H]-	C6H11NO3	TRUE	known_peak
M259T699	259.091	698.9	C06659	[M]	[M+CH3COO]-	C8H12N2O4	TRUE	known_peak
M361T560	361.0029	559.6	KeggExd010709;KeggExd010713;KeggExd010710	[M];[M];[M]	[M-H2O-H]-;[M-H2O-H]-;[M-H2O-H]-	C8H16N2O11S2	TRUE	unknown_peak
M201T287	200.949	286.8	C03664	[M]	[M-H2O-H]-	C8H6Cl2O3	TRUE	known_peak
M250T735_2	250.0552	734.5	C14695	[M]	[M+CH3COO]-	C6H9NO6	TRUE	known_peak
M265T558	265.0165	558.2	C01990;C20954	[M];[M]	[M+CH3COO]-;[M+CH3COO]-	C6H6O8;C6H7O6P	TRUE	known_peak
M143T579	142.9735	578.5	C00258	[M]	[M+K-2H]-	C3H6O4	TRUE	known_peak
M287T647	286.9705	647.2	KeggExd025857	[M]	[M+CH3COO]-	C4H4O9S	TRUE	unknown_peak
M329T912	329.0265	911.6	C21383;C16699;C11516;C19791	[M];[M];[M];[M]	[M-H2O-H]-;[M-H2O-H]-;[M-H2O-H]-;[M-H2O-H]-	C9H17O12P	TRUE	known_peak
M269T806_2	269.0306	806	C00647	[M]	[M+Na-2H]-	C8H13N2O5P	TRUE	known_peak
M306T626	306.0373	625.6	C00018	[M]	[M+CH3COO]-	C8H10NO6P	TRUE	known_peak
M482T723	482.0759	722.8	KeggExd000692	[M]	[M+CH3COO]-	C14H18NO12P	TRUE	unknown_peak
M306T721	306.0409	721.4	C00018	[M]	[M+CH3COO]-	C8H10NO6P	TRUE	known_peak
M125T558	125.0227	557.7	C02930;C00922	[M];[M]	[M-H2O-H]-;[M-H2O-H]-	C6H8O4	TRUE	known_peak
M127T407	127.0398	406.9	C06762;C06006;C00966;C01053	[M];[M];[M];[M]	[M-H2O-H]-;[M-H2O-H]-;[M-H2O-H]-;[M-H2O-H]-	C6H10O4	TRUE	known_peak
M176T590	176.0545	589.5	C00441;C03508	[M];[M]	[M+CH3COO]-;[M+CH3COO]-	C4H7NO3	TRUE	known_peak
M253T722	253.0483	722.5	C05844	[M]	[M-H]-	C7H14N2O6S	TRUE	known_peak
M315T708	315.0379	708.2	C00455	[M]	[M-H2O-H]-	C11H15N2O8P	TRUE	known_peak
M318T438	318.0265	438.3	KeggExd069255;C11501	[M];[M]	[M+K-2H]-;[M+K-2H]-	C10H11N5O5	TRUE	unknown_peak
M342T566	342.0117	566.3	KeggExd069265;KeggExd069264	[M];[M]	[M-H2O-H]-;[M-H2O-H]-	C10H11N5O8S	TRUE	unknown_peak
M265T687	265.0195	687.2	C01990	[M]	[M+CH3COO]-	C6H6O8	TRUE	known_peak
M285T618	284.9571	618.2	KeggExd018534	[M]	[M-H]-	C6H6O11S	TRUE	unknown_peak
M277T558_2	277.0707	558.4	C00884;C04138;C01262	[M];[M];[M]	[M+K-2H]-;[M+K-2H]-;[M+K-2H]-	C10H16N4O3	TRUE	known_peak
M228T831	228.0495	830.6	C05931	[M]	[M-H2O-H]-	C9H13NO7	TRUE	known_peak
M274T858	274.1381	858	KeggExd050319	[M]	[M-H]-	C11H21N3O5	TRUE	unknown_peak
M302T720	302.098	719.8	C05711	[M]	[M+CH3COO]-	C9H13N3O5	TRUE	known_peak
M242T922	242.0775	921.9	C05711	[M]	[M-H]-	C9H13N3O5	TRUE	known_peak
M484T731	484.1307	731.4	KeggExd002550;KeggExd002551;KeggExd002552;KeggExd002553;KeggExd002554	[M];[M];[M];[M];[M]	[M-H]-;[M-H]-;[M-H]-;[M-H]-;[M-H]-	C17H27NO15	TRUE	unknown_peak
M158T335	158.0803	334.6	C03087	[M]	[M-H]-	C7H13NO3	TRUE	known_peak
M224T558	223.9951	557.9	C01215;C20258	[M];[M]	[M+K-2H]-;[M+K-2H]-	C7H9NO5	TRUE	known_peak
M292T204	292.0459	204.2	C04485	[M]	[M+NH4-2H]-	C14H12O2S2	TRUE	known_peak
M186T692	186.0365	691.8	C20258;C01215	[M];[M]	[M-H]-;[M-H]-	C7H9NO5	TRUE	known_peak
M186T410	186.0437	410.2	C01215	[M]	[M-H]-	C7H9NO5	TRUE	known_peak
M266T735	266.0023	734.9	KeggExd139704	[M]	[M-H]-	C7H9NO8S	TRUE	unknown_peak
M362T624	362.0678	623.6	KeggExd139703;KeggExd139702;KeggExd139701	[M];[M];[M]	[M-H]-;[M-H]-;[M-H]-	C13H17NO11	TRUE	unknown_peak
M221T473	221.0912	473.3	C20843	[M]	[M-H]-	C11H14N2O3	TRUE	known_peak
M226T676	226.012	676.4	C03287	[M]	[M-H]-	C5H10NO7P	TRUE	known_peak
M233T595	233.0763	595.2	C00439	[M]	[M+CH3COO]-	C6H10N2O4	TRUE	known_peak
M233T799	233.0757	798.6	C00439	[M]	[M+CH3COO]-	C6H10N2O4	TRUE	known_peak
M265T380	265.1166	380.1	C20926	[M]	[M-H]-	C13H18N2O4	TRUE	known_peak
M265T407	265.117	407.4	C20926	[M]	[M-H]-	C13H18N2O4	TRUE	known_peak
M281T470	281.1112	470	C20843	[M]	[M+CH3COO]-	C11H14N2O3	TRUE	known_peak
M367T472	367.0578	472.1	KeggExd147913	[M]	[M+Na-2H]-	C13H18N2O7S	TRUE	unknown_peak
M251T442	251.0476	442.2	C17242	[M]	[M-H]-	C8H16N2O3S2	TRUE	known_peak
M288T464	288.0568	464.4	KeggExd110858;KeggExd110859	[M];[M]	[M+Na-2H]-;[M+Na-2H]-	C9H19N2O3S2	TRUE	unknown_peak
M303T494	303.0775	494.5	KeggExd026168;KeggExd110860	[M];[M]	[M+Na-2H]-;[M+Na-2H]-	C10H20NO6S;C10H22N2O3S2	TRUE	unknown_peak
M186T447	186.0043	447.4	C17243	[M]	[M+Na-2H]-	C5H11NOS2	TRUE	known_peak
M311T565	311.1112	565.2	C01418	[M]	[M+CH3COO]-	C8H16N2O7	TRUE	known_peak
M354T308	354.1149	308.4	C00844	[M]	[M+CH3COO]-	C14H17NO6	TRUE	known_peak
M393T285	393.058	284.7	C17759	[M]	[M+K-2H]-	C16H20O9	TRUE	known_peak
M409T282	409.0916	282.2	C01533	[M]	[M+K-2H]-	C17H24O9	TRUE	known_peak
M253T526	253.09	526.5	C03619;KeggExd027038;C05401	[M];[M];[M]	[M+CH3COO]-;[M+CH3COO]-;[M-H]-	C7H14O6;C9H18O8	TRUE	unknown_peak
M290T618	290.058	617.6	KeggExd027046;KeggExd027044;KeggExd027043;KeggExd027045	[M];[M];[M];[M]	[M+NH4-2H]-;[M+NH4-2H]-;[M+NH4-2H]-;[M+NH4-2H]-	C7H14O9S	TRUE	unknown_peak
M117T579_1	116.9581	579.4	C11145	[M]	[M+Na-2H]-	CH4O3S	TRUE	known_peak
M194T279	194.0471	279.4	C19631	[M]	[M-H]-	C9H9NO4	TRUE	known_peak
M213T579	212.9548	578.6	C11145	[M]	[2M+Na-2H]-	CH4O3S	TRUE	known_peak
M358T555	358.067	555.2	C14180	[M]	[M+Na-2H]-	C11H19N3O7S	TRUE	known_peak
M376T684	376.0779	684	KeggExd008772	[M]	[M-H]-	C13H19N3O8S	TRUE	unknown_peak
M436T906	436.098	906.3	KeggExd008772	[M]	[M+CH3COO]-	C13H19N3O8S	TRUE	unknown_peak
M372T737_2	372.0222	737	C01031	[M]	[M+K-2H]-	C11H17N3O7S	TRUE	known_peak
M169T355	169.0601	354.6	C12115	[M]	[M+NH4-2H]-	C7H7NO3	TRUE	known_peak
M172T756	172.06	756.2	C16850	[M]	[M-H2O-H]-	C7H13NO5	TRUE	known_peak
M169T389	169.0601	388.6	C12115	[M]	[M+NH4-2H]-	C7H7NO3	TRUE	known_peak
M188T690	188.0545	690.3	C03871;C00624	[M];[M]	[M-H]-;[M-H]-	C7H11NO5	TRUE	known_peak
M285T464	285.0831	464.3	KeggExd002733;KeggExd037196	[M];[M]	[M-H]-;[M-H]-	C10H14N4O6	TRUE	unknown_peak
M387T647	387.0212	647.2	KeggExd002740;KeggExd002738;KeggExd002739;KeggExd037201;KeggExd037202;KeggExd037200	[M];[M];[M];[M];[M];[M]	[M+Na-2H]-;[M+Na-2H]-;[M+Na-2H]-;[M+Na-2H]-;[M+Na-2H]-;[M+Na-2H]-	C10H14N4O9S	TRUE	unknown_peak
M407T723	407.0497	722.8	KeggExd147927;KeggExd147928;KeggExd147929;KeggExd147930;KeggExd147926;KeggExd002765;KeggExd002766;KeggExd002764	[M];[M];[M];[M];[M];[M];[M];[M]	[M+CH3COO]-;[M+CH3COO]-;[M+CH3COO]-;[M+CH3COO]-;[M+CH3COO]-;[M+CH3COO]-;[M+CH3COO]-;[M+CH3COO]-	C9H16O12S;C10H12N4O8S	TRUE	unknown_peak
M583T846	583.0825	845.8	KeggExd002768;KeggExd002767;KeggExd002771;KeggExd002772;KeggExd147942;KeggExd147951;KeggExd147959;KeggExd147965;KeggExd147971;KeggExd147940;KeggExd147941;KeggExd147943;KeggExd147950;KeggExd147952;KeggExd147958;KeggExd147960;KeggExd147966;KeggExd147967;KeggExd147972;KeggExd147973;KeggExd147949	[M];[M];[M];[M];[M];[M];[M];[M];[M];[M];[M];[M];[M];[M];[M];[M];[M];[M];[M];[M];[M]	[M+CH3COO]-;[M+CH3COO]-;[M+CH3COO]-;[M+CH3COO]-;[M+CH3COO]-;[M+CH3COO]-;[M+CH3COO]-;[M+CH3COO]-;[M+CH3COO]-;[M+CH3COO]-;[M+CH3COO]-;[M+CH3COO]-;[M+CH3COO]-;[M+CH3COO]-;[M+CH3COO]-;[M+CH3COO]-;[M+CH3COO]-;[M+CH3COO]-;[M+CH3COO]-;[M+CH3COO]-;[M+CH3COO]-	C16H20N4O14S;C15H24O18S	TRUE	unknown_peak
M241T625	241.0921	625	C01489	[M]	[M+CH3COO]-	C6H14O6	TRUE	known_peak
M358T766	358.0453	766.3	C04544	[M]	[M+K-2H]-	C11H19N3O6S	TRUE	known_peak
M514T823	514.1351	823.2	C03646	[M]	[M+NH4-2H]-	C16H26N4O10S2	TRUE	known_peak
M192T301	192.0644	301.4	C05598	[M]	[M-H]-	C10H11NO3	TRUE	known_peak
M258T647	258.0408	647.2	C00352;C06377;C12147	[M];[M];[M]	[M-H]-;[M-H]-;[M+CH3COO]-	C6H14NO8P;C4H10NO6P	TRUE	known_peak
M212T723	211.9944	722.9	C03082	[M]	[M-H]-	C4H8NO7P	TRUE	known_peak
M227T439	227.1018	438.5	C20801	[M]	[M+NH4-2H]-	C10H13NO4	TRUE	known_peak
M246T463	246.0722	462.9	KeggExd146952	[M]	[M+Na-2H]-	C11H15NO4	TRUE	unknown_peak
M241T402	241.1177	401.5	KeggExd146952	[M]	[M+NH4-2H]-	C11H15NO4	TRUE	unknown_peak
M225T714	225.062	713.8	C01685;C00502;C00878	[M];[M];[M]	[M+CH3COO]-;[M+CH3COO]-;[M+CH3COO]-	C5H10O6	TRUE	known_peak
M385T850	384.9795	849.5	KeggExd004903;KeggExd004914;KeggExd004909;KeggExd004908;KeggExd004902;KeggExd004901	[M];[M];[M];[M];[M];[M]	[M+CH3COO]-;[M+CH3COO]-;[M+CH3COO]-;[M+CH3COO]-;[M+CH3COO]-;[M+CH3COO]-	C5H10O12S2	TRUE	unknown_peak
M421T723	421.0299	722.8	KeggExd004897;KeggExd004898;KeggExd004906;KeggExd004911;KeggExd004912;KeggExd004916;KeggExd004899;KeggExd004905;KeggExd004917;KeggExd004904;KeggExd004915;KeggExd004910	[M];[M];[M];[M];[M];[M];[M];[M];[M];[M];[M];[M]	[M-H]-;[M-H]-;[M-H]-;[M-H]-;[M-H]-;[M-H]-;[M-H]-;[M-H]-;[M-H]-;[M-H]-;[M-H]-;[M-H]-	C11H18O15S	TRUE	unknown_peak
M287T806	287.0145	805.8	C04691	[M]	[M-H]-	C7H13O10P	TRUE	known_peak
M491T191	491.2834	190.6	KeggExd002268	[M]	[M+CH3COO]-	C22H40O8	TRUE	unknown_peak
M384T873	383.9959	872.6	C00112;KeggExd000869;KeggExd000868;KeggExd036613;KeggExd036614;KeggExd036615	[M];[M];[M];[M];[M];[M]	[M-H2O-H]-;[M-H2O-H]-;[M-H2O-H]-;[M+NH4-2H]-;[M+NH4-2H]-;[M+NH4-2H]-	C9H15N3O11P2;C9H14N3O11PS;C7H13O13PS	TRUE	unknown_peak
M405T806	404.9337	806.1	KeggExd036613;KeggExd036614;KeggExd036615	[M];[M];[M]	[M+K-2H]-;[M+K-2H]-;[M+K-2H]-	C7H13O13PS	TRUE	unknown_peak
M322T813	322.0405	812.6	C00055	[M]	[M-H]-	C9H14N3O8P	TRUE	known_peak
M187T201	187.0352	200.7	C14086	[M]	[M-H2O-H]-	C11H10O4	TRUE	known_peak
M142T460	142.0495	459.5	KeggExd028783	[M]	[M-H]-	C6H9NO3	TRUE	unknown_peak
M215T683	215.1127	682.6	C06114	[M]	[M+NH4-2H]-	C8H13N3O3	TRUE	known_peak
M273T756	273.0354	756.1	C00672;C00673;C11437;C04359	[M];[M];[M];[M]	[M+CH3COO]-;[M+CH3COO]-;[M+CH3COO]-;[M-H]-	C5H11O7P;C7H15O9P	TRUE	known_peak
M353T752	352.9924	752.4	KeggExd006121;KeggExd006120	[M];[M]	[M+CH3COO]-;[M+CH3COO]-	C5H11O10PS	TRUE	unknown_peak
M355T647	354.9204	647.2	KeggExd006124	[M]	[M-H2O-H]-	C5H11O13PS2	TRUE	unknown_peak
M301T617_2	300.9886	617.1	KeggExd009307	[M]	[M+CH3COO]-	C5H6O9S	TRUE	unknown_peak
M537T797	537.096	797.4	KeggExd019724;KeggExd019723	[M];[M]	[M+NH4-2H]-;[M+NH4-2H]-	C16H20N5O13P	TRUE	unknown_peak
M175T632	175.0706	632.1	C19719	[M]	[M-H]-	C6H12N2O4	TRUE	known_peak
M196T557	195.9995	557	C03623	[M]	[M+K-2H]-	C6H9NO4	TRUE	known_peak
M197T718	197.0194	718.4	C11434	[M]	[M-H2O-H]-	C5H13O7P	TRUE	known_peak
M181T501	181.0481	501.4	C03078	[M]	[M+K-2H]-	C5H12N4O	TRUE	known_peak
M197T696	197.031	695.8	C00499	[M]	[M+Na-2H]-	C4H8N4O4	TRUE	known_peak
M205T490	205.0498	490.1	C15607;C20231	[M];[M]	[M+CH3COO]-;[M+CH3COO]-	C4H6N2O4	TRUE	known_peak
M205T542	205.0503	542.4	C15607;C20231	[M];[M]	[M+CH3COO]-;[M+CH3COO]-	C4H6N2O4	TRUE	known_peak
M205T558	205.0503	558.5	C15607;C20231	[M];[M]	[M+CH3COO]-;[M+CH3COO]-	C4H6N2O4	TRUE	known_peak
M265T789	265.0963	788.9	C06657	[M]	[M+Na-2H]-	C9H16N4O4	TRUE	known_peak
M187T409	187.0403	409.3	C00813	[M]	[M+CH3COO]-	C4H4N2O3	TRUE	known_peak
M299T624	299.0741	623.9	KeggExd061251	[M]	[M+K-2H]-	C9H18N4O5	TRUE	unknown_peak
M328T829	328.0422	829	C04133	[M]	[M+CH3COO]-	C7H12NO8P	TRUE	known_peak
M227T544	227.1017	543.9	C20801	[M]	[M+NH4-2H]-	C10H13NO4	TRUE	known_peak
M386T653	386.1096	653	KeggExd146953;KeggExd146954	[M];[M]	[M-H]-;[M-H]-	C16H21NO10	TRUE	unknown_peak
M206T222	206.0218	222.3	C00314	[M]	[M+K-2H]-	C8H11NO3	TRUE	known_peak
M297T601	297.0905	601.5	C11501	[M]	[M+NH4-2H]-	C10H11N5O5	TRUE	known_peak
M358T631	358.0074	631.4	KeggExd069292;KeggExd069291	[M];[M]	[M-H2O-H]-;[M-H2O-H]-	C10H11N5O9S	TRUE	unknown_peak
M358T647	358.0063	647.2	KeggExd069292;KeggExd069291	[M];[M]	[M-H2O-H]-;[M-H2O-H]-	C10H11N5O9S	TRUE	unknown_peak
M245T705	245.0754	705.1	KeggExd035319	[M]	[M-H2O-H]-	C9H16N2O7	TRUE	unknown_peak
M285T565	285.0753	565.4	KeggExd035319	[M]	[M+Na-2H]-	C9H16N2O7	TRUE	unknown_peak
M385T723	385.0681	723.2	C04639	[M]	[M+CH3COO]-	C9H15N2O9P	TRUE	known_peak
M308T543	308.0965	543.1	C00270	[M]	[M-H]-	C11H19NO9	TRUE	known_peak
M350T705	350.0448	704.9	KeggExd027013	[M]	[M-H2O-H]-	C11H19N3O7S2	TRUE	unknown_peak
M425T892	425.0754	891.7	C04734	[M]	[M+CH3COO]-	C10H15N4O9P	TRUE	known_peak
M483T543	483.1408	543.1	C20995	[M]	[M+Na-2H]-	C17H28N5O8S	TRUE	known_peak
M337T734	337.059	733.8	C04677	[M]	[M-H]-	C9H15N4O8P	TRUE	known_peak
M257T515	257.0462	514.7	KeggExd150024	[M]	[M-H]-	C9H10N2O7	TRUE	unknown_peak
M317T561	317.0616	560.7	KeggExd150024	[M]	[M+CH3COO]-	C9H10N2O7	TRUE	unknown_peak
M345T647	345.0117	647.2	C00105	[M]	[M+Na-2H]-	C9H13N2O9P	TRUE	known_peak
M373T565	373.0929	565.2	KeggExd061271;KeggExd038024	[M];[M]	[M-H]-;[M-H]-	C14H18N2O10	TRUE	unknown_peak
M379T723	379.0781	722.8	C00144;KeggExd000726	[M];[M]	[M+NH4-2H]-;[M+NH4-2H]-	C10H14N5O8P	TRUE	unknown_peak
M379T906	379.0786	906.4	KeggExd008601	[M]	[M+NH4-2H]-	C10H14N5O8P	TRUE	unknown_peak
M145T570	145.0606	569.8	C00064;C00819	[M];[M]	[M-H]-;[M-H]-	C5H10N2O3	TRUE	known_peak
M172T491	172.0597	490.6	C03912	[M]	[M+CH3COO]-	C5H7NO2	TRUE	known_peak
M573T494_1	573.2081	493.8	C09332	[M]	[M-H]-	C24H30N8O9	TRUE	known_peak
M265T292	265.062	291.7	C00120	[M]	[M+Na-2H]-	C10H16N2O3S	TRUE	known_peak
M730T791	730.1642	790.6	KeggExd050513;KeggExd050514;KeggExd050515	[M];[M];[M]	[M-H2O-H]-;[M-H2O-H]-;[M-H2O-H]-	C26H36N7O15PS	TRUE	unknown_peak
M783T793	783.1412	793.2	C00010	[M]	[M+NH4-2H]-	C21H36N7O16P3S	TRUE	known_peak
M660T794	659.9965	793.6	KeggExd002828;KeggExd002829;KeggExd002826;KeggExd002827	[M];[M];[M];[M]	[M+Na-2H]-;[M+Na-2H]-;[M+Na-2H]-;[M+Na-2H]-	C15H23N5O17P2S	TRUE	unknown_peak
M113T558	113.0232	557.8	C04106;C11838;C00900;C06010;C04181;KeggExd148708;KeggExd152610;C03589	[M];[M];[M];[M];[M];[M];[M];[M]	[M-H2O-H]-;[M-H2O-H]-;[M-H2O-H]-;[M-H2O-H]-;[M-H2O-H]-;[M-H2O-H]-;[M-H2O-H]-;[M-H2O-H]-	C5H8O4	TRUE	unknown_peak
M160T362	160.0055	361.7	C01020	[M]	[M+Na-2H]-	C6H5NO3	TRUE	known_peak
M168T699	168.0761	699.5	C01152	[M]	[M-H]-	C7H11N3O2	TRUE	known_peak
M214T307_2	214.1427	307.2	C05575	[M]	[M+NH4-2H]-	C9H16N3O2	TRUE	known_peak
M196T608	195.9999	608.3	C03623	[M]	[M+K-2H]-	C6H9NO4	TRUE	known_peak
M246T558	246.0638	557.6	C05931	[M]	[M-H]-	C9H13NO7	TRUE	known_peak
M406T803	406.0176	803.4	KeggExd027013	[M]	[M+K-2H]-	C11H19N3O7S2	TRUE	unknown_peak
M502T387	502.1651	386.5	C00415	[M]	[M+CH3COO]-	C19H21N7O6	TRUE	known_peak
M429T638	429.1213	637.9	KeggExd032492;KeggExd032491;KeggExd032493;KeggExd032489;KeggExd032490	[M];[M];[M];[M];[M]	[M+CH3COO]-;[M+CH3COO]-;[M+CH3COO]-;[M+CH3COO]-;[M+CH3COO]-	C13H22O12	TRUE	unknown_peak
M173T725	173.091	724.7	C00437	[M]	[M-H]-	C7H14N2O3	TRUE	known_peak
M173T814	173.0078	814.1	C00679;C00158;C00311;C03600;C03921	[M];[M];[M];[M];[M]	[M-H2O-H]-;[M-H2O-H]-;[M-H2O-H]-;[M-H2O-H]-;[M-H2O-H]-	C6H8O7	TRUE	known_peak
M250T730	250.005	730	KeggExd051314;KeggExd051315;KeggExd023460;KeggExd023459;KeggExd023458	[M];[M];[M];[M];[M]	[M+Na-2H]-;[M+Na-2H]-;[M+Na-2H]-;[M+Na-2H]-;[M+Na-2H]-	C5H11NO7S	TRUE	unknown_peak
M290T657	290.0172	657	KeggExd058332;KeggExd058331;KeggExd058330;KeggExd058329	[M];[M];[M];[M]	[M+NH4-2H]-;[M+NH4-2H]-;[M+NH4-2H]-;[M+NH4-2H]-	C6H10O10S	TRUE	unknown_peak
M305T566	304.9953	565.9	KeggExd002323;KeggExd026630;KeggExd002284;KeggExd007860	[M];[M];[M];[M]	[M-H]-;[M+CH3COO]-;[M-H]-;[M-H]-	C10H10O9S;C8H6O7S	TRUE	unknown_peak
M346T539	346.0277	539.3	KeggExd026171;KeggExd026172	[M];[M]	[M-H]-;[M-H]-	C9H17NO9S2	TRUE	unknown_peak
M275T784	275.0684	783.7	KeggExd072828	[M]	[M+CH3COO]-	C8H10NO6	TRUE	unknown_peak
M405T589	405.1109	588.8	KeggExd072826	[M]	[M+CH3COO]-	C13H18N2O9	TRUE	unknown_peak
M528T733	528.0822	733	C05125	[M]	[M+CH3COO]-	C14H23N4O8P2S	TRUE	known_peak
M127T686	127.0496	686.3	C00819;C00064	[M];[M]	[M-H2O-H]-;[M-H2O-H]-	C5H10N2O3	TRUE	known_peak
M246T673	246.0025	672.8	KeggExd026091	[M]	[M-H]-	C8H9NO6S	TRUE	unknown_peak
M325T696	324.9769	695.8	C00236	[M]	[M+CH3COO]-	C3H8O10P2	TRUE	known_peak
M351T565	351.0507	565.4	C06187	[M]	[M-H]-	C12H17O10P	TRUE	known_peak
M387T511	387.0485	510.6	C06188	[M]	[M+Na-2H]-	C13H19O10P	TRUE	known_peak
M363T601	363.0453	600.6	KeggExd055959;KeggExd024653	[M];[M]	[M-H]-;[M+CH3COO]-	C13H17O10P;C10H12N2O7S	TRUE	unknown_peak
M386T284	386.0451	283.9	KeggExd014537	[M]	[M+Na-2H]-	C16H15NO9	TRUE	unknown_peak
M613T790	613.1345	790.3	C00128	[M]	[M-H]-	C20H31N4O16P	TRUE	known_peak
M179T508	179.0211	507.5	C02287	[M]	[M+CH3COO]-	C3H4O5	TRUE	known_peak
M237T573	236.9156	573.4	KeggExd019666	[M]	[M+K-2H]-	C3H4O8S	TRUE	unknown_peak
M213T543	213.0105	543.1	KeggExd003289;KeggExd003272;KeggExd003273;KeggExd016278;KeggExd016279	[M];[M];[M];[M];[M]	[M-H2O-H]-;[M-H2O-H]-;[M-H2O-H]-;[M-H]-;[M-H]-	C5H12O8S;C5H10O7S	TRUE	unknown_peak
M231T734	231.021	734.4	KeggExd003273;KeggExd003272;KeggExd003289	[M];[M];[M]	[M-H]-;[M-H]-;[M-H]-	C5H12O8S	TRUE	unknown_peak
M248T556	248.0575	556.4	C01068;C19674;C02895	[M];[M];[M]	[M+NH4-2H]-;[M+NH4-2H]-;[M+NH4-2H]-	C5H13O8P	TRUE	known_peak
M293T108	293.2089	107.6	C07338;C14827;C14831;C19937;C20703;C04717;C19827;KeggExd094883;KeggExd095214;KeggExd094884;KeggExd095213	[M];[M];[M];[M];[M];[M];[M];[M];[M];[M];[M]	[M-H2O-H]-;[M-H2O-H]-;[M-H2O-H]-;[M-H2O-H]-;[M-H2O-H]-;[M-H2O-H]-;[M-H]-;[M-H2O-H]-;[M-H2O-H]-;[M-H2O-H]-;[M-H2O-H]-	C18H32O4;C18H30O3	TRUE	unknown_peak
M295T105	295.2297	104.8	C14825;C14826;C14828;C14829	[M];[M];[M];[M]	[M-H]-;[M-H]-;[M-H2O-H]-;[M-H2O-H]-	C18H32O3;C18H34O4	TRUE	known_peak
M311T129	311.2185	128.9	C04717;C07338;C14827;C14831;C19937;C20703;KeggExd094877;KeggExd095199;C20186;C07354	[M];[M];[M];[M];[M];[M];[M];[M];[M];[M]	[M-H]-;[M-H]-;[M-H]-;[M-H]-;[M-H]-;[M-H]-;[M-H]-;[M-H]-;[M-H]-;[M-H]-	C18H32O4	TRUE	unknown_peak
M311T80	311.2192	79.9	C04717;C07338;C14827;C14831;C19937;C20703	[M];[M];[M];[M];[M];[M]	[M-H]-;[M-H]-;[M-H]-;[M-H]-;[M-H]-;[M-H]-	C18H32O4	TRUE	known_peak
M311T813	310.9903	813	C04359	[M]	[M+K-2H]-	C7H15O9P	TRUE	known_peak
M337T555	337.0483	555.1	KeggExd036199;KeggExd036201;KeggExd036200	[M];[M];[M]	[M-H]-;[M-H]-;[M-H]-	C9H14N4O8S	TRUE	unknown_peak
M201T471	201.1226	471.2	C10858	[M]	[M+NH4-2H]-	C9H15NO3	TRUE	known_peak
M360T547	360.1249	546.9	KeggExd068433;KeggExd068434	[M];[M]	[M-H]-;[M-H]-	C15H23NO9	TRUE	unknown_peak
M383T732	383.0791	731.7	KeggExd036616;KeggExd036617;KeggExd036618;KeggExd036619;KeggExd036620	[M];[M];[M];[M];[M]	[M-H]-;[M-H]-;[M-H]-;[M-H]-;[M-H]-	C13H20O13	TRUE	unknown_peak
M405T733	405.0625	732.6	KeggExd036616;KeggExd036617;KeggExd036618;KeggExd036619;KeggExd036620	[M];[M];[M];[M];[M]	[M+Na-2H]-;[M+Na-2H]-;[M+Na-2H]-;[M+Na-2H]-;[M+Na-2H]-	C13H20O13	TRUE	unknown_peak
M255T790	254.9791	790.4	KeggExd024586;KeggExd032464;KeggExd032465;KeggExd030337;KeggExd030338	[M];[M];[M];[M];[M]	[M-H]-;[M-H]-;[M-H]-;[M-H]-;[M-H]-	C6H8O9S	TRUE	unknown_peak
M283T391	283.0652	391	KeggExd018539	[M]	[M-H]-	C10H12N4O6	TRUE	unknown_peak
M441T385	441.0843	385.4	KeggExd018542	[M]	[M-H2O-H]-	C16H20N4O12	TRUE	unknown_peak
M283T174	283.0796	174	C00482	[M]	[M+CH3COO]-	C11H12O5	TRUE	known_peak
M295T79	295.2247	78.7	C14825;C14826	[M];[M]	[M-H]-;[M-H]-	C18H32O3	TRUE	known_peak
M301T72	301.2151	72.4	C04056	[M]	[M+Na-2H]-	C18H32O2	TRUE	known_peak
M582T783	582.1175	782.8	KeggExd019726;KeggExd019727;KeggExd019728	[M];[M];[M]	[M+CH3COO]-;[M+CH3COO]-;[M+CH3COO]-	C16H22N5O13P	TRUE	unknown_peak
M152T259	152.0811	259.2	C05135	[M]	[M-H]-	C7H11N3O	TRUE	known_peak
M154T723	154.0607	722.9	C00135	[M]	[M-H]-	C6H9N3O2	TRUE	known_peak
M154T737	154.0608	737.5	C00135;C01162	[M];[M]	[M-H]-;[M-H]-	C6H9N3O2	TRUE	known_peak
M196T554	196.0703	554.4	C16623;C05380	[M];[M]	[M+NH4-2H]-;[M+NH4-2H]-	C8H8N2O3	TRUE	known_peak
M274T775	274.1016	775.3	C18048	[M]	[M-H]-	C10H17N3O6	TRUE	known_peak
M327T712	326.9655	711.9	KeggExd071465	[M]	[M+K-2H]-	C9H10N2O7S	TRUE	unknown_peak
M356T737	355.9915	736.7	KeggExd021955;KeggExd021962;KeggExd021956;KeggExd013774;KeggExd013767;KeggExd013768;KeggExd013773;KeggExd021968;KeggExd013779;KeggExd021957;KeggExd013766;KeggExd021963	[M];[M];[M];[M];[M];[M];[M];[M];[M];[M];[M];[M]	[M+NH4-2H]-;[M+NH4-2H]-;[M+NH4-2H]-;[M+NH4-2H]-;[M+NH4-2H]-;[M+NH4-2H]-;[M+NH4-2H]-;[M+NH4-2H]-;[M+NH4-2H]-;[M+NH4-2H]-;[M+NH4-2H]-;[M+NH4-2H]-	C6H12O12S2	TRUE	unknown_peak
M423T725	423.1069	724.6	KeggExd048748;KeggExd024655;KeggExd048747;KeggExd024656;KeggExd008590;KeggExd008589	[M];[M];[M];[M];[M];[M]	[M+Na-2H]-;[M+Na-2H]-;[M+Na-2H]-;[M+Na-2H]-;[M+Na-2H]-;[M+Na-2H]-	C16H22N2O10	TRUE	unknown_peak
M439T723	439.0784	723.4	KeggExd048748;KeggExd024655;KeggExd048747;KeggExd024656;KeggExd008590;KeggExd008589;KeggExd000692	[M];[M];[M];[M];[M];[M];[M]	[M+K-2H]-;[M+K-2H]-;[M+K-2H]-;[M+K-2H]-;[M+K-2H]-;[M+K-2H]-;[M+NH4-2H]-	C16H22N2O10;C14H18NO12P	TRUE	unknown_peak
M305T501	305.0404	501.3	KeggExd048749;KeggExd024657	[M];[M]	[M-H]-;[M-H]-	C10H14N2O7S	TRUE	unknown_peak
M401T453	401.1164	452.6	KeggExd024656;KeggExd024655;KeggExd048747;KeggExd048748;KeggExd008589;KeggExd008590	[M];[M];[M];[M];[M];[M]	[M-H]-;[M-H]-;[M-H]-;[M-H]-;[M-H]-;[M-H]-	C16H22N2O10	TRUE	unknown_peak
M566T733	566.0294	733.2	KeggExd019732	[M]	[M-H2O-H]-	C16H20N5O15PS	TRUE	unknown_peak
M266T820	266.0862	820.1	KeggExd142696	[M]	[M+CH3COO]-	C7H13NO6	TRUE	unknown_peak
M273T686	273.0053	686.5	C01218	[M]	[M-H]-	C6H11O10P	TRUE	known_peak
M311T438	311.1124	438.2	C01418	[M]	[M+CH3COO]-	C8H16N2O7	TRUE	known_peak
M389T792	389.0612	792	C20684	[M]	[M-H]-	C11H15N6O8P	TRUE	known_peak
M391T460	391.1957	459.8	C04655	[M]	[M+CH3COO]-	C16H28O7	TRUE	known_peak
M116T449	116.0339	449.2	C00441	[M]	[M-H]-	C4H7NO3	TRUE	known_peak
M204T297	204.0679	297.2	C00788	[M]	[M+Na-2H]-	C9H13NO3	TRUE	known_peak
M260T420	260.0428	420.1	C19563;C19566	[M];[M]	[M+K-2H]-;[M+K-2H]-	C10H13N3O3	TRUE	known_peak
M288T660	288.0532	660	C03090	[M]	[M+CH3COO]-	C5H12NO7P	TRUE	known_peak
M445T495	445.196	494.6	KeggExd095495;KeggExd095664	[M];[M]	[M-H2O-H]-;[M-H2O-H]-	C21H37O9P	TRUE	unknown_peak
M193T287	192.9957	286.8	C06760;KeggExd062643	[M];[M]	[M+K-2H]-;[M+K-2H]-	C7H8O4	TRUE	unknown_peak
M356T376	356.1308	375.8	C16427	[M]	[M+Na-2H]-	C15H21N5O4	TRUE	known_peak
M208T696	208.0612	695.8	C00855	[M]	[M+CH3COO]-	C5H11NO2S	TRUE	known_peak
M236T328	236.0573	328	C03145	[M]	[M+CH3COO]-	C6H11NO3S	TRUE	known_peak
M338T676	338.0002	675.9	KeggExd071968;KeggExd071969;KeggExd055925	[M];[M];[M]	[M-H]-;[M-H]-;[M-H]-	C6H14NO11PS	TRUE	unknown_peak
M267T637	267.0222	637.4	KeggExd148668	[M]	[M+CH3COO]-	C6H9O6P	TRUE	unknown_peak
M383T755	383.0383	755.5	KeggExd148672	[M]	[M-H]-	C12H17O12P	TRUE	unknown_peak
M213T282	213.0149	282.1	C06203	[M]	[M+Na-2H]-	C10H8O4	TRUE	known_peak
M389T285	389.0444	284.7	KeggExd056285	[M]	[M+Na-2H]-	C16H16O10	TRUE	unknown_peak
M113T293	113.023	293.2	C00596;C21187	[M];[M]	[M-H]-;[M-H]-	C5H6O3	TRUE	known_peak
M282T742	282.028	741.8	C04255	[M]	[M-H2O-H]-	C8H15NO9S	TRUE	known_peak
M435T644	435.1388	644.1	KeggExd003875;KeggExd003874;KeggExd003872;KeggExd003873	[M];[M];[M];[M]	[M+NH4-2H]-;[M+NH4-2H]-;[M+NH4-2H]-;[M+NH4-2H]-	C15H21N3O11	TRUE	unknown_peak
M275T542	275.0289	542.4	C05844	[M]	[M+Na-2H]-	C7H14N2O6S	TRUE	known_peak
M673T845	673.1532	845.1	C00128	[M]	[M+CH3COO]-	C20H31N4O16P	TRUE	known_peak
M157T617	157.0126	617.5	KeggExd031659;C06035	[M];[M]	[M-H]-;[M-H]-	C6H6O5	TRUE	unknown_peak
M287T534	286.9747	534.2	C16193;C16194	[M];[M]	[M-H]-;[M-H]-	C10H8O6S2	TRUE	known_peak
M347T534	346.9862	534.3	C16194;C16193	[M];[M]	[M+CH3COO]-;[M+CH3COO]-	C10H8O6S2	TRUE	known_peak
M377T921	377.0093	921.4	KeggExd115701	[M]	[M-H2O-H]-	C12H16N2O9S2	TRUE	unknown_peak
M451T552	451.0811	552.2	KeggExd000703	[M]	[M+K-2H]-	C15H22N6O6S	TRUE	unknown_peak
M256T799	256.091	798.8	C18048	[M]	[M-H2O-H]-	C10H17N3O6	TRUE	known_peak
M469T647	469.0248	647.2	KeggExd143297;KeggExd143296	[M];[M]	[M-H]-;[M-H]-	C11H15N6O11PS	TRUE	unknown_peak
M237T712	236.9757	712.4	KeggExd031664;KeggExd031663	[M];[M]	[M-H]-;[M-H]-	C6H6O8S	TRUE	unknown_peak
M258T564	258.0271	564.1	C01075;KeggExd003063;KeggExd071963;KeggExd071975;KeggExd071974;KeggExd071973	[M];[M];[M];[M];[M];[M]	[M-H]-;[M-H]-;[M-H]-;[M-H]-;[M-H]-;[M-H]-	C6H13NO8S	TRUE	unknown_peak
M398T534	398.0019	534.2	C03789	[M]	[M+CH3COO]-	C6H13NO11S2	TRUE	known_peak
M364T472	364.0831	472.4	KeggExd131841	[M]	[M+CH3COO]-	C10H15N3O6S	TRUE	unknown_peak
M381T543	381.1223	543.1	KeggExd131801	[M]	[M-H2O-H]-	C16H22N3O9	TRUE	unknown_peak
M210T646	210.0344	646.5	C02305	[M]	[M-H]-	C4H10N3O5P	TRUE	known_peak
M300T683	300.0893	682.7	KeggExd003325	[M]	[M-H]-	C10H15N5O6	TRUE	unknown_peak
M338T495	338.0558	495.2	KeggExd098356;KeggExd003325	[M];[M]	[M+K-2H]-;[M+K-2H]-	C10H15N5O6	TRUE	unknown_peak
M298T791	298.0834	790.9	KeggExd002505;KeggExd002508	[M];[M]	[M+NH4-2H]-;[M+NH4-2H]-	C9H14O10	TRUE	unknown_peak
M415T677	415.1047	676.9	KeggExd021943;KeggExd013752;KeggExd013753;KeggExd013754;KeggExd013755;KeggExd021942;KeggExd021944;KeggExd021945;KeggExd000971;KeggExd000972;KeggExd001175;KeggExd001176;KeggExd001177;KeggExd002232;KeggExd002233;KeggExd013756;KeggExd021946	[M];[M];[M];[M];[M];[M];[M];[M];[M];[M];[M];[M];[M];[M];[M];[M];[M]	[M+CH3COO]-;[M+CH3COO]-;[M+CH3COO]-;[M+CH3COO]-;[M+CH3COO]-;[M+CH3COO]-;[M+CH3COO]-;[M+CH3COO]-;[M+CH3COO]-;[M+CH3COO]-;[M+CH3COO]-;[M+CH3COO]-;[M+CH3COO]-;[M+CH3COO]-;[M+CH3COO]-;[M+CH3COO]-;[M+CH3COO]-	C12H20O12	TRUE	unknown_peak
M315T784	315.0602	783.8	C17935	[M]	[M-H]-	C12H16N2O6S	TRUE	known_peak
M201T520	201.0858	520.2	C06658	[M]	[M-H]-	C8H14N2O4	TRUE	known_peak
M412T388	412.0829	388.1	KeggExd011944;KeggExd011943	[M];[M]	[M+NH4-2H]-;[M+NH4-2H]-	C17H16O11	TRUE	unknown_peak
M493T422_1	493.2509	421.8	C05730	[M]	[M+CH3COO]-	C17H34N6O5S	TRUE	known_peak
M393T538	392.9961	537.9	C01344	[M]	[M-H2O-H]-	C10H14N4O10P2	TRUE	known_peak
M534T673	534.1249	673.4	C20814	[M]	[M-H2O-H]-	C20H31N3O11S2	TRUE	known_peak
M174T408	174.0016	407.8	C07054	[M]	[M+K-2H]-	C6H7N3O	TRUE	known_peak
M135T648	134.9715	648.1	C03248	[M]	[M+Na-2H]-	C4H2O4	TRUE	known_peak
M340T732	340.1205	732.1	C19702	[M]	[M-H]-	C12H23NO10	TRUE	known_peak
M291T729	291.0692	729.2	KeggExd146944	[M]	[M+NH4-2H]-	C10H13NO6S	TRUE	unknown_peak
M323T596	323.0522	596.2	KeggExd115702	[M]	[M+K-2H]-	C12H18N2O4S	TRUE	unknown_peak
M150T543	150.0169	543.1	C04282;C04281;C01879;C02237	[M];[M];[M];[M]	[M+Na-2H]-;[M+Na-2H]-;[M+Na-2H]-;[M+Na-2H]-	C5H7NO3	TRUE	known_peak
M367T617	366.9593	617.2	KeggExd006292	[M]	[M+CH3COO]-	C5H8O11S2	TRUE	unknown_peak
M424T543	424.0633	543.1	KeggExd096221;KeggExd096218	[M];[M]	[M-H]-;[M-H]-	C14H20ClN3O8S	TRUE	unknown_peak
M367T806	366.9606	806	KeggExd006292	[M]	[M+CH3COO]-	C5H8O11S2	TRUE	unknown_peak
M256T565	256.0648	565.2	C17942	[M]	[M+CH3COO]-	C5H12NO5P	TRUE	known_peak
M384T566	384.0217	565.9	KeggExd002103;KeggExd002104;KeggExd002105;KeggExd003331;KeggExd003332;KeggExd003330	[M];[M];[M];[M];[M];[M]	[M+Na-2H]-;[M+Na-2H]-;[M+Na-2H]-;[M+Na-2H]-;[M+Na-2H]-;[M+Na-2H]-	C10H13N5O8S	TRUE	unknown_peak
M185T671	185.0546	671.5	C03172	[M]	[M+Na-2H]-	C6H14NO2S	TRUE	known_peak
M314T737	313.98	736.6	KeggExd023051	[M]	[M+K-2H]-	C9H11NO7S	TRUE	unknown_peak
M343T465	343.0687	464.6	KeggExd023905;KeggExd023903	[M];[M]	[M-H]-;[M-H]-	C14H16O10	TRUE	unknown_peak
M380T472	380.0518	472.3	KeggExd098368;KeggExd098369;KeggExd098370	[M];[M];[M]	[M-H]-;[M-H]-;[M-H]-	C10H15N5O9S	TRUE	unknown_peak
