Score,MonoisotopicMass,SMILES,InChIKey,Name,NoExplPeaks,NumberPeaksUsed,InChI,MaximumTreeDepth,Identifier,ExplPeaks,InChIKey3,InChIKey2,InChIKey1,FragmenterScore,MolecularFormula,FragmenterScore_Values,FormulasOfExplPeaks
1.0,195.053157768,c1cc(ccc1C(=O)NCC(=O)O)O,ZMHLUFWWWPBTIU-UHFFFAOYSA-N,NA,3,3,"InChI=1S/C9H9NO4/c11-7-3-1-6(2-4-7)9(14)10-5-8(12)13/h1-4,11H,5H2,(H,10,14)(H,12,13)",2,KeggExd001791,65.037_110.3;93.0327_124.8;121.028_999.0,N,UHFFFAOYSA,ZMHLUFWWWPBTIU,139.1677360633071,C9H9NO4,1572.0;348.0;305.0,65.037:[C5H4]+H+;93.0327:[C6H5O]+;121.028:[C7H5O2]+
0.9007854177447078,195.05315776799998,OC(=O)[C@H](CC1=CC(=O)C(=O)C=C1)N,AHMIDUVKSGCHAU-LURJTMIESA-N,Dopaquinone,3,3,"InChI=1S/C9H9NO4/c10-6(9(13)14)3-5-1-2-7(11)8(12)4-5/h1-2,4,6H,3,10H2,(H,13,14)/t6-/m0/s1",2,C00822,65.037_110.3;93.0327_124.8;121.028_999.0,N,LURJTMIESA,AHMIDUVKSGCHAU,125.36026726637132,C9H9NO4,1044.0;1044.0;348.0,65.037:[C5H5]+;93.0327:[C6H5O]+;121.028:[C7H5O2]+
0.8476544870971892,195.05315776799998,OC(=O)CCC(=O)c1ccc(=O)[nH]c1,OMAJIMAYOJBLJF-UHFFFAOYSA-N,6-Hydroxy-3-succinoylpyridine,3,3,"InChI=1S/C9H9NO4/c11-7(2-4-9(13)14)6-1-3-8(12)10-5-6/h1,3,5H,2,4H2,(H,10,12)(H,13,14)",2,C19631,65.037_110.3;93.0327_124.8;121.028_999.0,N,UHFFFAOYSA,OMAJIMAYOJBLJF,117.96615593321958,C9H9NO4,1573.0;448.0;448.0,65.037:[C4H3N]+;93.0327:[C5H4NO-H]+;121.028:[C6H4NO2-H]+
0.7280286641543648,195.05315776799998,c1cc(cc(c1)O)C(=NCC(=O)O)O,XDOFWFNMYJRHEW-UHFFFAOYSA-N,NA,3,3,"InChI=1S/C9H9NO4/c11-7-3-1-2-6(4-7)9(14)10-5-8(12)13/h1-4,11H,5H2,(H,10,14)(H,12,13)",2,KeggExd005533,65.037_110.3;93.0327_124.8;121.028_999.0,N,UHFFFAOYSA,XDOFWFNMYJRHEW,101.3181009795567,C9H9NO4,1572.0;348.0;713.0,65.037:[C5H4]+H+;93.0327:[C6H5O]+;121.028:[C7H6O2-H]+
0.6539653398323424,195.05315776799998,OC(=O)[C@H]1Nc2c(C1)cc(c(c2)O)O,JDWYRSDDJVCWPB-LURJTMIESA-N,"2-Carboxy-2,3-dihydro-5,6-dihydroxyindole",3,3,"InChI=1S/C9H9NO4/c11-7-2-4-1-6(9(13)14)10-5(4)3-8(7)12/h2-3,6,10-12H,1H2,(H,13,14)/t6-/m0/s1",2,C05604,65.037_110.3;93.0327_124.8;121.028_999.0,N,LURJTMIESA,JDWYRSDDJVCWPB,91.01087580833837,C9H9NO4,1672.0;1113.0;753.0,65.037:[C4H4N-H]+;93.0327:[C6H3O+H]+H+;121.028:[C7H6O2-H]+
