peak_name,mz,rt,id_kegg,name,formula,monoisopic_mass,smiles,inchi,inchikey,adduct,isotope
M196T420,196.0592,420.3,C05604,"2-Carboxy-2,3-dihydro-5,6-dihydroxyindole",C9H9NO4,195.05315776799998,OC(=O)[C@H]1Nc2c(C1)cc(c(c2)O)O,"InChI=1S/C9H9NO4/c11-7-2-4-1-6(9(13)14)10-5(4)3-8(7)12/h2-3,6,10-12H,1H2,(H,13,14)/t6-/m0/s1",JDWYRSDDJVCWPB-LURJTMIESA-N,[M+H]+,[M]
M196T420,196.0592,420.3,KeggExd005533,NA,C9H9NO4,195.05315776799998,c1cc(cc(c1)O)C(=NCC(=O)O)O,"InChI=1S/C9H9NO4/c11-7-3-1-2-6(4-7)9(14)10-5-8(12)13/h1-4,11H,5H2,(H,10,14)(H,12,13)",XDOFWFNMYJRHEW-UHFFFAOYSA-N,[M+H]+,[M]
M196T420,196.0592,420.3,C19631,6-Hydroxy-3-succinoylpyridine,C9H9NO4,195.05315776799998,OC(=O)CCC(=O)c1ccc(=O)[nH]c1,"InChI=1S/C9H9NO4/c11-7(2-4-9(13)14)6-1-3-8(12)10-5-6/h1,3,5H,2,4H2,(H,10,12)(H,13,14)",OMAJIMAYOJBLJF-UHFFFAOYSA-N,[M+H]+,[M]
M196T420,196.0592,420.3,KeggExd001791,NA,C9H9NO4,195.053157768,c1cc(ccc1C(=O)NCC(=O)O)O,"InChI=1S/C9H9NO4/c11-7-3-1-6(2-4-7)9(14)10-5-8(12)13/h1-4,11H,5H2,(H,10,14)(H,12,13)",ZMHLUFWWWPBTIU-UHFFFAOYSA-N,[M+H]+,[M]
M196T420,196.0592,420.3,C00822,Dopaquinone,C9H9NO4,195.05315776799998,OC(=O)[C@H](CC1=CC(=O)C(=O)C=C1)N,"InChI=1S/C9H9NO4/c10-6(9(13)14)3-5-1-2-7(11)8(12)4-5/h1-2,4,6H,3,10H2,(H,13,14)/t6-/m0/s1",AHMIDUVKSGCHAU-LURJTMIESA-N,[M+H]+,[M]
M196T420,196.0592,420.3,C17366,"(2S,5S)-trans-Carboxymethylproline",C7H11NO4,173.06880783199998,OC(=O)C[C@@H]1CC[C@H](N1)C(=O)O,"InChI=1S/C7H11NO4/c9-6(10)3-4-1-2-5(8-4)7(11)12/h4-5,8H,1-3H2,(H,9,10)(H,11,12)/t4-,5-/m0/s1",LIZWYFXJOOUDNV-WHFBIAKZSA-N,[M+Na]+,[M]
