pathway,p.value,q.value,FDR,Pathway.length,Overlap
"Alanine, aspartate and glutamate metabolism - Mus musculus (mouse);mmu00250",2.3982924424998066e-8,1.127197447974909e-6,1.127197447974909e-6,28,10
Cysteine and methionine metabolism - Mus musculus (mouse);mmu00270,1.772502087736172e-7,4.165379906180004e-6,4.165379906180004e-6,61,13
Amino sugar and nucleotide sugar metabolism - Mus musculus (mouse);mmu00520,6.330022556426749e-6,9.917035338401907e-5,9.917035338401907e-5,108,15
Pyrimidine metabolism - Mus musculus (mouse);mmu00240,2.0901867670947012e-5,2.455969451336274e-4,2.455969451336274e-4,66,11
Galactose metabolism - Mus musculus (mouse);mmu00052,2.196415977675968e-4,0.0020646310190154103,0.0020646310190154103,46,8
Glycolysis / Gluconeogenesis - Mus musculus (mouse);mmu00010,7.736531915233117e-4,0.006060283333599275,0.006060283333599275,31,6
Arginine biosynthesis - Mus musculus (mouse);mmu00220,0.0012494132349247348,0.008388917434494648,0.008388917434494648,23,5
Histidine metabolism - Mus musculus (mouse);mmu00340,0.0014487502267380768,0.0085114075820862,0.0085114075820862,47,7
Fructose and mannose metabolism - Mus musculus (mouse);mmu00051,0.003295661823324734,0.017210678410695835,0.017210678410695835,54,7
Citrate cycle (TCA cycle) - Mus musculus (mouse);mmu00020,0.005434726714408243,0.02554321555771874,0.02554321555771874,20,4
Purine metabolism - Mus musculus (mouse);mmu00230,0.007647454680984768,0.03035812416947196,0.03035812416947196,95,9
Taurine and hypotaurine metabolism - Mus musculus (mouse);mmu00430,0.007751010426248161,0.03035812416947196,0.03035812416947196,22,4
Pentose and glucuronate interconversions - Mus musculus (mouse);mmu00040,0.0148253028280457,0.04977065949415342,0.04977065949415342,55,6
Nicotinate and nicotinamide metabolism - Mus musculus (mouse);mmu00760,0.0148253028280457,0.04977065949415342,0.04977065949415342,55,6
Arginine and proline metabolism - Mus musculus (mouse);mmu00330,0.023764437799035348,0.07446190510364409,0.07446190510364409,78,7
Ascorbate and aldarate metabolism - Mus musculus (mouse);mmu00053,0.02818513061916292,0.08279382119379108,0.08279382119379108,47,5
Pentose phosphate pathway - Mus musculus (mouse);mmu00030,0.03843807525709329,0.10036608539352138,0.10036608539352138,35,4
"Phenylalanine, tyrosine and tryptophan biosynthesis - Mus musculus (mouse);mmu00400",0.03843807525709329,0.10036608539352138,0.10036608539352138,35,4
Glycerolipid metabolism - Mus musculus (mouse);mmu00561,0.04204955051191565,0.1040173091610545,0.1040173091610545,36,4
Starch and sucrose metabolism - Mus musculus (mouse);mmu00500,0.045847149711990685,0.10774080182317812,0.10774080182317812,37,4
Pantothenate and CoA biosynthesis - Mus musculus (mouse);mmu00770,0.08263182911332206,0.18493790325362558,0.18493790325362558,28,3
Inositol phosphate metabolism - Mus musculus (mouse);mmu00562,0.09382603037568853,0.20044651943897093,0.20044651943897093,47,4
beta-Alanine metabolism - Mus musculus (mouse);mmu00410,0.1127065912321353,0.23031346903958086,0.23031346903958086,32,3
Sulfur metabolism - Mus musculus (mouse);mmu00920,0.12080000559591968,0.2365666776253427,0.2365666776253427,33,3
Glutathione metabolism - Mus musculus (mouse);mmu00480,0.1641782232742162,0.30865505975552643,0.30865505975552643,38,3
Vitamin B6 metabolism - Mus musculus (mouse);mmu00750,0.27768397473374007,0.48953131034354375,0.48953131034354375,28,2
"Glycine, serine and threonine metabolism - Mus musculus (mouse);mmu00260",0.2815522647025604,0.48953131034354375,0.48953131034354375,50,3
Lysine degradation - Mus musculus (mouse);mmu00310,0.30205123404176104,0.48953131034354375,0.48953131034354375,52,3
Glycerophospholipid metabolism - Mus musculus (mouse);mmu00564,0.30205123404176104,0.48953131034354375,0.48953131034354375,52,3
Pyruvate metabolism - Mus musculus (mouse);mmu00620,0.31932752564090205,0.5002797901707465,0.5002797901707465,31,2
Phosphonate and phosphinate metabolism - Mus musculus (mouse);mmu00440,0.3535075345636254,0.5352942394002921,0.5352942394002921,57,3
D-Glutamine and D-glutamate metabolism - Mus musculus (mouse);mmu00471,0.36445565235764565,0.5352942394002921,0.5352942394002921,12,1
Glyoxylate and dicarboxylate metabolism - Mus musculus (mouse);mmu00630,0.40454912425164447,0.5761760254493118,0.5761760254493118,62,3
Oxidative phosphorylation - Mus musculus (mouse);mmu00190,0.45380575630125297,0.6273197219458497,0.6273197219458497,16,1
Nitrogen metabolism - Mus musculus (mouse);mmu00910,0.5125405288420477,0.6811519853300968,0.6811519853300968,19,1
Riboflavin metabolism - Mus musculus (mouse);mmu00740,0.5306923710314095,0.6811519853300968,0.6811519853300968,20,1
Propanoate metabolism - Mus musculus (mouse);mmu00640,0.5362260310045444,0.6811519853300968,0.6811519853300968,48,2
"Valine, leucine and isoleucine biosynthesis - Mus musculus (mouse);mmu00290",0.5812249767024074,0.6854755333665803,0.6854755333665803,23,1
Tryptophan metabolism - Mus musculus (mouse);mmu00380,0.5833834326524088,0.6854755333665803,0.6854755333665803,81,3
"Neomycin, kanamycin and gentamicin biosynthesis - Mus musculus (mouse);mmu00524",0.5833834326524088,0.6854755333665803,0.6854755333665803,81,3
Selenocompound metabolism - Mus musculus (mouse);mmu00450,0.6403071314343471,0.734010614083276,0.734010614083276,27,1
Drug metabolism - other enzymes - Mus musculus (mouse);mmu00983,0.6850877525245593,0.7554089580017501,0.7554089580017501,63,2
Thiamine metabolism - Mus musculus (mouse);mmu00730,0.6911188339164949,0.7554089580017501,0.7554089580017501,31,1
Butanoate metabolism - Mus musculus (mouse);mmu00650,0.7970300755303464,0.8513730352255973,0.8513730352255973,42,1
Folate biosynthesis - Mus musculus (mouse);mmu00790,0.8858089686436998,0.9251782561389754,0.9251782561389754,57,1
Tyrosine metabolism - Mus musculus (mouse);mmu00350,0.949218782827786,0.969853973758825,0.969853973758825,78,1
Porphyrin and chlorophyll metabolism - Mus musculus (mouse);mmu00860,0.9721105652811177,0.9721105652811177,0.9721105652811177,142,2
