name,pvalues,keycpdname,alteredMetabolites,upcount,downcount,upratio,altratio,csize,adjustedpvalue,xlogp,Compounds
5'-deoxyribonucleosides,0.06675529361171084,M559T855_a,3,1,2,0.3333333333333333,0.15789473684210525,19,0.12933838137268977,832,M559T855_a<br>M555T694<br>M383T729<br>M576T693_a<br>M452T317<br>M459T533<br>M296T166<br>M633T736<br>M633T794<br>M590T658_a<br>M635T855<br>M649T812_a<br>M575T686_a<br>M435T690<br>M419T652<br>M451T309<br>M590T735<br>M635T687_a<br>M619T693_c
Azoles,0.18008945468060822,M215T437,2,2,0,1,0.4,5,0.32839841735875613,672,M215T437<br>M444T785<br>M155T587_b<br>M402T785<br>M266T648
Carboxylic acids and derivatives,2.108055656967852e-14,M137T273,51,33,18,0.6470588235294118,0.18021201413427562,283,2.1783241788667805e-13,779,M137T273<br>M158T251_a<br>M268T758<br>M257T840<br>M228T611<br>M247T778_a<br>M277T89<br>M402T527_a<br>M402T527_b<br>M807T937<br>M172T319<br>M192T328<br>M225T802<br>M243T525<br>M218T738<br>M325T404_a<br>M168T302<br>M695T877_a<br>M695T877_b<br>M695T877_c<br>M404T913<br>M360T680<br>M597T836<br>M239T778_a<br>M504T602<br>M278T774<br>M263T737_a<br>M145T702_2_a<br>M145T702_2_b<br>M145T702_2_c<br>M203T782_a<br>M203T782_b<br>M203T782_d<br>M744T729<br>M765T728<br>M173T810_a<br>M173T810_b<br>M173T810_c<br>M156T669_a<br>M156T669_b<br>M156T669_c<br>M156T669_d<br>M156T669_e<br>M156T669_f<br>M237T511<br>M199T553_a<br>M199T553_b<br>M199T553_c<br>M199T553_d<br>M172T348<br>M274T622<br>M218T585_a<br>M218T585_b<br>M218T585_c<br>M337T568<br>M196T624<br>M302T737<br>M217T759<br>M348T689_a<br>M348T689_b<br>M386T634_a<br>M386T634_b<br>M330T689_a<br>M330T689_b<br>M231T749_a<br>M231T749_b<br>M231T749_c<br>M231T749_d<br>M118T700_a<br>M118T700_b<br>M118T700_c<br>M118T700_d<br>M118T700_e<br>M118T700_f<br>M102T698<br>M176T506_a<br>M176T506_b<br>M176T506_c<br>M176T506_d<br>M306T623_a<br>M306T623_b<br>M242T970<br>M267T653<br>M303T500_b<br>M383T738<br>M253T727<br>M379T737_b<br>M379T586<br>M495T634_a<br>M495T634_b<br>M495T634_c<br>M495T634_d<br>M307T763<br>M329T315<br>M187T526<br>M200T697<br>M270T700_a<br>M270T700_c<br>M190T358_b<br>M176T521_a<br>M176T521_b<br>M288T493<br>M187T733<br>M210T398<br>M130T516_a<br>M130T516_b<br>M265T389<br>M227T701<br>M326T659<br>M357T803_b<br>M156T696_a<br>M156T696_b<br>M206T313<br>M173T578_a<br>M173T578_b<br>M173T578_c<br>M173T578_d<br>M155T587_a<br>M155T587_c<br>M396T777<br>M188T346_a<br>M188T346_b<br>M130T648<br>M178T569<br>M422T659<br>M175T612_b<br>M175T612_c<br>M120T61<br>M270T743_a<br>M270T743_b<br>M257T643<br>M222T228<br>M350T571<br>M196T577_a<br>M196T577_b<br>M244T513<br>M414T616<br>M291T785<br>M158T353<br>M405T599<br>M148T533<br>M364T835<br>M131T727_b<br>M216T651_a<br>M216T651_b<br>M495T701_a<br>M495T701_b<br>M130T464<br>M217T550_a<br>M217T550_b<br>M217T550_c<br>M217T550_d<br>M217T550_e<br>M242T701<br>M469T699_2<br>M510T444<br>M159T591_a<br>M159T591_b<br>M159T591_c<br>M552T427<br>M485T787<br>M281T480_2<br>M117T121<br>M328T835<br>M309T324<br>M395T817_a<br>M395T817_b<br>M113T566_b<br>M253T665<br>M196T481<br>M381T827<br>M335T614<br>M345T569<br>M216T587<br>M190T586<br>M128T548<br>M146T736<br>M190T556<br>M144T394<br>M242T678<br>M157T499<br>M284T479_a<br>M284T479_b<br>M330T597_a<br>M198T525_a<br>M611T931<br>M226T839<br>M375T690<br>M146T550_a<br>M146T550_b<br>M146T550_c<br>M146T550_d<br>M146T550_f<br>M258T737<br>M357T736<br>M217T505<br>M182T516<br>M306T749<br>M222T392_a<br>M140T333_a<br>M140T333_b<br>M140T333_c<br>M140T333_d<br>M274T772<br>M313T570<br>M164T482<br>M368T660<br>M325T618_e<br>M247T745_c<br>M196T737<br>M283T518<br>M356T698<br>M172T615<br>M259T696<br>M275T852<br>M340T560<br>M344T556<br>M322T386<br>M215T559_a<br>M132T560<br>M327T562<br>M256T597<br>M160T421_a<br>M160T421_b<br>M160T421_d<br>M527T648_a<br>M653T897_a<br>M653T897_b<br>M203T534_a<br>M203T534_b<br>M361T565<br>M148T556_a<br>M148T556_b<br>M351T614<br>M291T560_a<br>M291T560_b<br>M291T560_c<br>M291T560_d<br>M318T717<br>M199T653<br>M386T660<br>M357T662<br>M418T785<br>M236T532_a<br>M236T532_c<br>M303T816<br>M274T860<br>M258T580_c<br>M302T887<br>M170T649<br>M186T710_a<br>M186T710_b<br>M186T710_d<br>M221T710<br>M323T567<br>M258T561<br>M160T759<br>M205T623_a<br>M205T623_b<br>M205T623_c<br>M205T623_d<br>M205T623_e<br>M205T623_f<br>M173T562<br>M228T822<br>M288T556<br>M224T302<br>M188T712_a<br>M188T712_b<br>M233T765_a<br>M219T776<br>M174T722<br>M279T792<br>M338T323<br>M237T436<br>M104T716_a<br>M104T716_b<br>M104T716_c<br>M427T537<br>M670T747_a<br>M670T747_b<br>M316T514<br>M74T687
Diazines,0.0016170661035285721,M422T793,7,2,5,0.2857142857142857,0.4117647058823529,17,0.004764987702039461,415,M422T793<br>M468T835<br>M201T475<br>M201T426<br>M527T534_a<br>M527T534_b<br>M586T700<br>M542T708<br>M406T822<br>M155T417<br>M201T448<br>M111T155_2<br>M501T726_a<br>M501T726_b<br>M661T687_a<br>M661T687_b<br>M499T730
Fatty Acyls,6.066695621138321e-17,M103T426_b,49,24,25,0.4897959183673469,0.23113207547169812,212,9.403378212764399e-16,719.5,M103T426_b<br>M411T585_a<br>M169T611_c<br>M169T611_d<br>M421T286_a<br>M421T286_b<br>M421T286_c<br>M421T286_d<br>M421T286_e<br>M207T621_a<br>M207T621_f<br>M207T621_g<br>M207T621_h<br>M199T82<br>M313T154_a<br>M313T154_b<br>M313T154_c<br>M564T74<br>M371T81_a<br>M371T81_b<br>M371T81_c<br>M371T81_d<br>M371T81_e<br>M371T81_f<br>M271T82<br>M327T81<br>M143T735_a<br>M143T735_b<br>M143T735_c<br>M319T80_a<br>M319T80_b<br>M319T80_c<br>M319T80_d<br>M319T80_e<br>M319T80_f<br>M319T80_g<br>M319T80_h<br>M319T80_i<br>M319T80_j<br>M355T804_i<br>M353T83<br>M533T78<br>M203T782_c<br>M327T74<br>M287T80<br>M507T77<br>M373T80<br>M607T74<br>M299T109<br>M371T187_a<br>M371T187_b<br>M371T187_c<br>M371T187_d<br>M371T187_e<br>M583T75_a<br>M583T75_b<br>M377T75<br>M305T73<br>M480T820_a<br>M480T820_b<br>M480T820_c<br>M480T820_d<br>M379T737_a<br>M387T68<br>M263T331<br>M317T81_a<br>M317T81_b<br>M317T81_c<br>M455T786_2_c<br>M337T675_h<br>M337T675_i<br>M295T109_a<br>M295T109_b<br>M295T109_c<br>M161T690<br>M337T836_a<br>M337T836_b<br>M353T521_a<br>M353T521_b<br>M353T521_c<br>M353T521_f<br>M353T521_h<br>M353T521_i<br>M353T521_j<br>M353T521_k<br>M315T183<br>M388T618_a<br>M357T803_a<br>M355T758_i<br>M243T139<br>M335T81_a<br>M335T81_b<br>M335T81_c<br>M335T81_d<br>M335T81_e<br>M335T81_f<br>M335T81_g<br>M335T81_h<br>M335T81_i<br>M335T81_j<br>M447T785_a<br>M447T785_b<br>M447T785_c<br>M447T785_d<br>M447T785_e<br>M447T785_f<br>M447T785_g<br>M447T785_h<br>M447T785_i<br>M447T785_j<br>M387T854_b<br>M387T854_c<br>M387T854_d<br>M387T854_e<br>M526T737<br>M305T676<br>M353T186<br>M187T629<br>M351T754_a<br>M329T208_a<br>M329T208_b<br>M329T208_c<br>M317T105_a<br>M317T105_b<br>M317T105_c<br>M279T77<br>M367T69<br>M351T79_2_a<br>M351T79_2_b<br>M351T79_2_c<br>M351T79_2_d<br>M113T566_c<br>M113T566_d<br>M329T186_a<br>M329T186_b<br>M329T186_c<br>M271T118<br>M337T71<br>M411T686_a<br>M377T802_i<br>M297T81_a<br>M297T81_b<br>M311T82_a<br>M311T82_b<br>M311T82_c<br>M311T82_d<br>M311T82_e<br>M311T82_f<br>M275T78<br>M341T79<br>M353T781_b<br>M353T781_d<br>M353T781_e<br>M353T781_f<br>M353T781_g<br>M353T781_i<br>M198T525_b<br>M146T550_e<br>M158T336<br>M315T82<br>M431T737_f<br>M379T67_a<br>M379T67_b<br>M379T67_c<br>M379T67_d<br>M379T67_e<br>M379T67_f<br>M379T67_g<br>M379T67_h<br>M379T67_i<br>M185T288_b<br>M313T534<br>M329T283_a<br>M329T283_b<br>M329T283_c<br>M853T814_a<br>M853T814_b<br>M363T83<br>M313T80<br>M215T559_b<br>M277T77<br>M325T76_2<br>M299T81_2<br>M395T68_a<br>M395T68_b<br>M258T580_b<br>M186T710_c<br>M311T186_a<br>M311T186_b<br>M311T186_c<br>M311T186_d<br>M311T186_e<br>M311T186_f<br>M311T186_g<br>M311T186_h<br>M127T429_c<br>M911T816_a<br>M911T816_b<br>M357T566<br>M287T698<br>M213T81<br>M353T566_a<br>M233T765_b<br>M157T84<br>M283T504<br>M283T77<br>M273T80_a<br>M273T80_b<br>M273T80_c<br>M273T80_d<br>M171T83<br>M393T785_g
Glycerophospholipids,0.0028867939055144715,M536T834,2,2,0,1,0.16666666666666666,12,0.007457550922579052,442,M536T834<br>M214T738<br>M256T729<br>M673T67<br>M171T825_a<br>M171T825_b<br>M748T81<br>M231T849_a<br>M452T363<br>M522T342<br>M153T639<br>M748T567
Hydroxy acids and derivatives,8.132404816400981e-10,M103T426_c,14,11,3,0.7857142857142857,0.5384615384615384,26,6.30261373271076e-9,250.5,M103T426_c<br>M103T426_d<br>M103T426_e<br>M147T730<br>M207T621_d<br>M207T621_e<br>M215T82<br>M195T681_a<br>M195T681_b<br>M195T681_c<br>M195T681_e<br>M195T681_f<br>M195T681_g<br>M253T520_h<br>M133T778<br>M255T556_a<br>M255T556_c<br>M255T556_d<br>M255T556_e<br>M255T556_f<br>M255T556_g<br>M249T574_b<br>M177T739_d<br>M159T737_d<br>M236T532_b<br>M89T420
Keto acids and derivatives,8.693692427318984e-7,M169T611_a,16,16,0,1,0.43243243243243246,37,4.4917410874481425e-6,398,M169T611_a<br>M169T611_b<br>M359T893_a<br>M359T893_b<br>M207T621_b<br>M207T621_c<br>M257T785<br>M188T311_a<br>M241T607_c<br>M144T528_a<br>M144T528_b<br>M113T527_a<br>M113T527_b<br>M173T810_d<br>M173T810_e<br>M173T810_f<br>M218T585_d<br>M101T140<br>M136T504<br>M183T280_a<br>M183T280_b<br>M175T612_a<br>M249T574_a<br>M241T632_c<br>M177T739_a<br>M177T739_b<br>M177T739_c<br>M181T699_a<br>M181T699_b<br>M159T737_a<br>M159T737_b<br>M159T737_c<br>M157T827_a<br>M157T827_b<br>M241T739_e<br>M127T429_a<br>M127T429_b
Lactams,0.35629442363187025,M247T778_b,2,2,0,1,0.25,8,0.6136181740326655,952,M247T778_b<br>M201T608<br>M372T619<br>M187T572_b<br>M395T414<br>M247T745_a<br>M303T674<br>M201T530
Organic phosphoric acids and derivatives,0.001056618496892596,M155T870,3,3,0,1,0.15,20,0.0036394637115189418,765.5,M155T870<br>M153T500<br>M241T607_a<br>M289T876_1_a<br>M289T876_1_b<br>M231T849_d<br>M214T701<br>M271T823<br>M349T919_c<br>M349T919_d<br>M349T919_g<br>M199T666_b<br>M199T666_c<br>M199T666_d<br>M241T632_a<br>M255T746<br>M345T696_b<br>M329T698_a<br>M241T739_a<br>M213T608_a
Organic sulfuric acids and derivatives,0.001690802087820454,M215T871,6,1,5,0.16666666666666666,0.5454545454545454,11,0.004764987702039461,130,M215T871<br>M259T524_b<br>M259T524_e<br>M259T524_f<br>M259T524_g<br>M259T524_k<br>M346T493<br>M232T395<br>M345T486<br>M212T46<br>M367T486
Organooxygen compounds,3.4642194456430787e-41,M325T785_a,113,67,46,0.5929203539823009,0.23541666666666666,480,1.0739080281493544e-39,646.5,M325T785_a<br>M325T785_b<br>M325T785_c<br>M324T495<br>M383T834<br>M405T815<br>M103T426_a<br>M401T835_a<br>M401T835_b<br>M401T835_c<br>M401T835_d<br>M401T835_e<br>M401T835_f<br>M401T835_g<br>M401T835_h<br>M401T835_i<br>M411T585_b<br>M411T585_c<br>M261T557<br>M163T382_a<br>M163T382_b<br>M577T854<br>M352T541<br>M181T556_2<br>M300T437<br>M273T896_a<br>M273T896_b<br>M273T896_c<br>M273T896_d<br>M259T866_a<br>M259T866_b<br>M259T866_c<br>M259T866_d<br>M359T893_c<br>M359T893_d<br>M304T559<br>M287T821<br>M709T809_a<br>M709T809_b<br>M709T809_c<br>M709T809_d<br>M709T809_e<br>M709T809_f<br>M709T809_g<br>M709T809_h<br>M709T809_i<br>M709T809_j<br>M329T900_b<br>M259T524_a<br>M259T524_c<br>M259T524_d<br>M259T524_h<br>M259T524_i<br>M259T524_j<br>M188T311_c<br>M416T822_a<br>M416T822_b<br>M416T822_c<br>M325T404_b<br>M503T853_2<br>M501T691<br>M241T607_b<br>M221T576<br>M380T500<br>M503T936<br>M324T556<br>M333T761_a<br>M333T761_b<br>M333T761_c<br>M333T761_e<br>M169T821<br>M341T735_a<br>M341T735_b<br>M151T451_a<br>M151T451_b<br>M365T821_b<br>M259T894_a<br>M259T894_b<br>M259T894_c<br>M259T894_d<br>M259T894_e<br>M259T894_f<br>M259T894_g<br>M259T894_h<br>M211T624<br>M195T681_d<br>M265T606<br>M409T286<br>M263T737_b<br>M405T729<br>M253T520_a<br>M253T520_b<br>M253T520_c<br>M253T520_d<br>M253T520_e<br>M253T520_f<br>M253T520_g<br>M147T144<br>M503T780_a<br>M503T780_b<br>M503T780_c<br>M503T780_d<br>M503T780_e<br>M503T780_f<br>M503T780_g<br>M503T780_h<br>M503T780_i<br>M179T528_a<br>M179T528_b<br>M179T528_c<br>M179T528_d<br>M179T528_e<br>M179T528_f<br>M701T807<br>M141T638_a<br>M141T638_b<br>M385T531_a<br>M385T531_b<br>M385T531_c<br>M385T531_d<br>M385T531_e<br>M385T531_f<br>M339T604_a<br>M339T604_b<br>M339T604_c<br>M415T726_a<br>M415T726_b<br>M415T726_c<br>M415T726_d<br>M415T726_e<br>M415T726_f<br>M415T726_g<br>M415T726_h<br>M415T726_i<br>M415T726_j<br>M415T726_k<br>M415T726_l<br>M386T634_c<br>M386T634_d<br>M386T634_e<br>M303T606<br>M369T828_a<br>M369T828_b<br>M369T828_c<br>M503T809<br>M411T642_a<br>M411T642_b<br>M411T642_c<br>M193T718_a<br>M193T718_b<br>M387T689<br>M311T451<br>M289T876_1_c<br>M289T876_1_d<br>M289T876_1_e<br>M289T876_1_f<br>M289T876_1_g<br>M289T876_1_h<br>M289T876_1_i<br>M199T829<br>M341T690_a<br>M341T690_b<br>M325T701<br>M230T703<br>M341T658_a<br>M341T658_b<br>M341T658_c<br>M341T658_d<br>M341T658_e<br>M341T658_f<br>M341T658_g<br>M341T658_h<br>M341T658_i<br>M341T658_j<br>M165T626_a<br>M165T626_b<br>M165T626_c<br>M375T284<br>M451T785<br>M495T691_a<br>M495T691_b<br>M495T691_c<br>M495T691_d<br>M495T691_e<br>M501T657<br>M225T558_a<br>M225T558_b<br>M225T558_c<br>M225T558_d<br>M165T665_a<br>M165T665_b<br>M165T665_c<br>M455T786_2_a<br>M455T786_2_b<br>M455T786_2_d<br>M337T675_a<br>M337T675_b<br>M337T675_c<br>M337T675_d<br>M337T675_e<br>M337T675_f<br>M337T675_g<br>M337T675_l<br>M337T675_m<br>M337T675_n<br>M337T675_o<br>M337T675_p<br>M160T503_a<br>M160T503_b<br>M319T728_a<br>M319T728_b<br>M319T728_c<br>M319T728_d<br>M319T728_e<br>M319T728_f<br>M319T728_g<br>M319T728_h<br>M319T728_i<br>M319T728_j<br>M319T728_k<br>M501T755<br>M229T647_2<br>M231T849_b<br>M231T849_c<br>M255T556_b<br>M395T841_a<br>M395T841_b<br>M420T611_a<br>M420T611_b<br>M420T611_c<br>M364T581_a<br>M364T581_b<br>M151T435_a<br>M151T435_b<br>M151T435_c<br>M353T521_d<br>M353T521_e<br>M355T758_j<br>M364T569_a<br>M364T569_b<br>M220T479<br>M679T847<br>M484T659_a<br>M484T659_b<br>M484T659_c<br>M484T659_d<br>M484T659_e<br>M484T659_f<br>M484T659_g<br>M484T659_h<br>M484T659_i<br>M484T659_j<br>M258T778_a<br>M258T778_b<br>M258T778_c<br>M258T778_d<br>M131T566<br>M539T687_a<br>M539T687_c<br>M539T687_d<br>M304T552<br>M275T786<br>M295T591<br>M350T247_b<br>M441T576<br>M354T836<br>M387T854_a<br>M311T583<br>M143T641<br>M349T919_a<br>M349T919_b<br>M349T919_e<br>M349T919_f<br>M345T699_b<br>M95T564<br>M199T666_a<br>M199T666_e<br>M143T566<br>M261T430<br>M335T286<br>M351T754_b<br>M351T754_c<br>M386T659_a<br>M386T659_b<br>M386T659_c<br>M386T659_d<br>M386T659_e<br>M324T743<br>M361T821_a<br>M361T821_b<br>M590T658_b<br>M241T632_b<br>M179T566_1_a<br>M179T566_1_b<br>M179T566_1_c<br>M179T566_1_d<br>M179T566_1_e<br>M179T566_1_f<br>M373T741_b<br>M373T741_c<br>M387T699<br>M113T566_a<br>M679T562<br>M299T202<br>M364T664<br>M365T778_a<br>M365T778_b<br>M365T778_c<br>M343T283<br>M362T931<br>M411T686_b<br>M411T686_c<br>M321T782_a<br>M321T782_b<br>M321T782_c<br>M418T729_a<br>M418T729_b<br>M333T931_a<br>M333T931_b<br>M353T781_j<br>M97T333<br>M649T812_d<br>M649T812_e<br>M649T812_f<br>M649T812_g<br>M649T812_h<br>M649T812_i<br>M649T812_j<br>M649T812_k<br>M649T812_l<br>M649T812_m<br>M297T655<br>M330T597_b<br>M241T337<br>M177T739_e<br>M177T739_f<br>M349T703_a<br>M349T703_b<br>M349T703_c<br>M135T666<br>M281T573<br>M522T648_a<br>M522T648_b<br>M522T648_c<br>M522T648_d<br>M522T648_e<br>M522T648_f<br>M522T648_g<br>M522T648_h<br>M522T648_i<br>M522T648_j<br>M361T696_1_b<br>M253T350_a<br>M253T350_b<br>M253T350_c<br>M222T392_b<br>M431T737_g<br>M431T737_h<br>M431T737_i<br>M89T567<br>M238T577<br>M359T324<br>M323T783_b<br>M323T783_c<br>M159T737_e<br>M159T737_f<br>M325T618_a<br>M325T618_b<br>M325T618_c<br>M325T618_d<br>M325T618_f<br>M229T837<br>M160T421_c<br>M312T661<br>M209T533_a<br>M209T533_b<br>M209T533_c<br>M209T533_d<br>M209T533_e<br>M209T533_f<br>M209T533_g<br>M209T533_h<br>M209T533_i<br>M209T533_j<br>M209T533_k<br>M502T668<br>M349T403<br>M515T640_a<br>M515T640_b<br>M515T640_c<br>M515T640_d<br>M515T640_e<br>M515T640_f<br>M515T640_g<br>M515T640_h<br>M515T640_i<br>M515T640_j<br>M515T640_k<br>M399T532_a<br>M399T532_b<br>M399T532_c<br>M308T550<br>M300T837<br>M218T500<br>M339T532_a<br>M339T532_b<br>M339T532_c<br>M417T391_a<br>M417T391_b<br>M258T580_a<br>M258T580_d<br>M258T580_e<br>M258T580_f<br>M333T810<br>M241T739_b<br>M241T739_c<br>M241T739_d<br>M241T739_f<br>M241T739_g<br>M241T739_h<br>M241T739_i<br>M372T514_a<br>M372T514_b<br>M372T514_c<br>M213T608_b<br>M213T608_c<br>M213T608_d<br>M363T741_a<br>M363T741_b<br>M363T741_c<br>M363T741_d<br>M363T741_e<br>M363T741_f<br>M363T741_g<br>M363T741_h<br>M209T561_a<br>M209T561_b<br>M209T561_c<br>M209T561_d<br>M209T561_e<br>M209T561_f<br>M209T561_g<br>M209T561_h<br>M209T561_i<br>M209T561_j<br>M209T561_k<br>M225T532_a<br>M225T532_b<br>M225T532_c<br>M225T532_d<br>M179T494_a<br>M179T494_b<br>M179T494_c<br>M179T494_d<br>M179T494_e<br>M179T494_f<br>M179T494_g<br>M293T422<br>M725T733_a<br>M725T733_b<br>M725T733_c<br>M725T733_d<br>M725T733_e<br>M265T661<br>M290T622_a<br>M290T622_b<br>M290T622_c<br>M290T622_d<br>M380T486_a<br>M380T486_b<br>M380T486_c<br>M291T544_a<br>M291T544_b<br>M291T544_c<br>M366T401<br>M101T566_a<br>M101T566_b<br>M101T566_c<br>M442T649_2<br>M400T621
Peptidomimetics,0.021182002419444235,M320T723,3,0,3,0,0.6,5,0.04690300535734081,226,M320T723<br>M320T559<br>M239T778_b<br>M302T722<br>M337T711
Purine nucleosides,0.03989098117416641,M297T376,3,2,1,0.6666666666666666,0.2727272727272727,11,0.08244136109327725,906,M297T376<br>M283T571<br>M358T533<br>M572T311<br>M296T364_a<br>M296T364_b<br>M296T364_c<br>M266T314<br>M382T749<br>M282T486<br>M267T402
Purine nucleotides,0.010854050368916778,M502T869_a,9,9,0,1,0.18,50,0.02588273549510924,818,M502T869_a<br>M502T869_b<br>M347T846<br>M694T842<br>M580T819<br>M426T956_a<br>M426T956_b<br>M426T956_c<br>M346T819<br>M686T651<br>M362T879<br>M431T735<br>M402T490<br>M604T872<br>M558T793<br>M588T839<br>M539T687_g<br>M539T687_h<br>M539T687_i<br>M539T687_j<br>M539T687_k<br>M462T927<br>M646T786_a<br>M646T786_b<br>M328T524<br>M626T825_a<br>M626T825_b<br>M328T490<br>M427T699<br>M745T838<br>M594T798<br>M616T755<br>M575T814<br>M680T785<br>M511T682<br>M527T648_b<br>M527T648_c<br>M527T648_d<br>M527T648_e<br>M527T648_f<br>M586T730_a<br>M586T730_b<br>M560T859_a<br>M560T859_b<br>M560T859_c<br>M640T812<br>M486T749<br>M402T603<br>M648T827<br>M402T558
Pyrimidine nucleotides,2.0673535952455612e-8,M463T835,13,13,0,1,0.35135135135135137,37,1.281759229052248e-7,561,M463T835<br>M323T834<br>M580T844<br>M565T822_a<br>M565T822_b<br>M565T822_c<br>M563T762<br>M629T841<br>M322T871<br>M606T797<br>M445T833<br>M579T879_a<br>M579T879_b<br>M498T834_a<br>M498T834_b<br>M498T834_c<br>M581T864<br>M671T818<br>M467T649_2<br>M304T591<br>M661T701_a<br>M661T701_b<br>M661T701_c<br>M661T701_d<br>M661T701_e<br>M661T701_f<br>M661T701_g<br>M613T815<br>M342T681<br>M305T513<br>M535T803_a<br>M535T803_b<br>M535T803_c<br>M535T803_d<br>M564T843_a<br>M564T843_c<br>M487T827
Saccharolipids,1.1492812858662967e-4,M559T855_b,10,8,2,0.8,0.15384615384615385,65,5.089674265979315e-4,917,M559T855_b<br>M559T855_c<br>M355T804_a<br>M355T804_b<br>M355T804_c<br>M355T804_d<br>M355T804_e<br>M355T804_f<br>M355T804_g<br>M355T804_h<br>M576T693_b<br>M576T693_c<br>M299T532<br>M337T675_j<br>M337T675_k<br>M331T701<br>M353T521_g<br>M353T521_l<br>M388T618_b<br>M388T618_c<br>M388T618_d<br>M388T618_e<br>M388T618_f<br>M355T758_a<br>M355T758_b<br>M355T758_c<br>M355T758_d<br>M355T758_e<br>M355T758_f<br>M355T758_g<br>M355T758_h<br>M377T802_a<br>M377T802_b<br>M377T802_c<br>M377T802_d<br>M377T802_e<br>M377T802_f<br>M377T802_g<br>M377T802_h<br>M353T781_a<br>M353T781_c<br>M353T781_h<br>M649T812_b<br>M649T812_c<br>M575T686_b<br>M575T686_c<br>M431T737_a<br>M431T737_b<br>M431T737_c<br>M431T737_d<br>M431T737_e<br>M635T687_b<br>M635T687_c<br>M353T566_b<br>M353T566_c<br>M353T566_d<br>M353T566_e<br>M353T566_f<br>M619T693_a<br>M619T693_b<br>M393T785_b<br>M393T785_c<br>M393T785_d<br>M393T785_e<br>M393T785_f
Steroids and steroid derivatives,1.5260236122177797e-4,M578T390_a,4,3,1,0.75,0.10256410256410256,39,5.913341497343896e-4,756,M578T390_a<br>M578T390_b<br>M675T67<br>M525T42<br>M583T326<br>M512T316_a<br>M512T316_b<br>M482T45<br>M552T353<br>M770T305_a<br>M770T305_b<br>M770T305_c<br>M770T305_d<br>M464T461<br>M614T360_a<br>M614T360_b<br>M614T360_c<br>M614T360_d<br>M670T311_a<br>M670T311_b<br>M594T471_a<br>M594T471_b<br>M594T471_c<br>M482T80<br>M932T41<br>M498T264<br>M407T416<br>M514T360<br>M391T273<br>M585T343_a<br>M585T343_b<br>M443T283_a<br>M443T283_b<br>M443T283_c<br>M443T283_d<br>M586T356<br>M498T157<br>M512T264_a<br>M512T264_b
