name,pvalues,keycpdname,alteredMetabolites,upcount,downcount,upratio,altratio,csize,adjustedpvalue,xlogp,Compounds
(5'->5')-dinucleotides,0.00391632286553012,M757T442,3,3,0,1,0.75,4,0.011422608357796182,40,M757T442<br>M666T397<br>M744T484<br>M664T430
5'-deoxyribonucleosides,2.3767360465026176e-4,M399T465,6,6,0,1,0.6666666666666666,9,0.0010398220203448952,241,M399T465<br>M399T501<br>M399T448<br>M314T221_1<br>M385T375<br>M597T481_a<br>M298T102<br>M447T286_a<br>M447T286_b
Azoles,0.02937069082711463,M606T481,4,4,0,1,0.4,10,0.06853161192993415,681,M606T481<br>M526T462_a<br>M548T481<br>M159T181<br>M139T280<br>M157T315<br>M157T359<br>M163T274<br>M174T359_b<br>M268T389
Benzene and substituted derivatives,0.0808008466567013,M148T274_c,6,4,2,0.6666666666666666,0.11538461538461539,52,0.1326207051050351,879.5,M148T274_c<br>M227T228_b<br>M216T291_a<br>M216T291_b<br>M211T256_1_a<br>M193T246_c<br>M238T149_a<br>M230T265_a<br>M230T265_b<br>M250T270_a<br>M350T257_b<br>M129T155_a<br>M177T256_a<br>M177T256_b<br>M155T224<br>M215T152<br>M160T286<br>M210T220<br>M211T271_a<br>M185T274_b<br>M185T274_c<br>M173T231<br>M218T300_a<br>M238T228_a<br>M238T228_b<br>M227T247_b<br>M227T247_c<br>M212T213<br>M167T31_2<br>M216T264_a<br>M216T264_b<br>M138T252_b<br>M223T318<br>M232T209_b<br>M232T209_d<br>M219T251_c<br>M152T220_a<br>M204T276<br>M171T248_d<br>M168T254_a<br>M168T254_d<br>M263T294_2_a<br>M155T237_a<br>M155T237_b<br>M155T237_c<br>M261T260_a<br>M284T319<br>M205T286_a<br>M205T286_b<br>M155T205_a<br>M155T205_b<br>M289T312
Carboxylic acids and derivatives,6.021676315501753e-34,M408T444,130,93,37,0.7153846153846154,0.289532293986637,449,2.1075867104256137e-32,704,M408T444<br>M249T412<br>M251T385<br>M366T447<br>M283T272<br>M162T403<br>M257T234_b<br>M291T463<br>M166T403_a<br>M166T403_b<br>M148T274_a<br>M148T274_b<br>M136T337<br>M227T228_a<br>M290T393_b<br>M290T393_c<br>M118T291<br>M241T293_a<br>M241T293_b<br>M241T293_c<br>M142T414<br>M313T315<br>M247T291<br>M218T429<br>M212T438<br>M148T391_2<br>M186T465<br>M276T410<br>M245T414<br>M276T425<br>M285T413<br>M159T415<br>M132T277_a<br>M132T277_b<br>M132T277_c<br>M132T277_d<br>M132T277_e<br>M132T277_f<br>M132T277_h<br>M132T277_i<br>M132T277_j<br>M189T280_2<br>M150T274_2<br>M176T382<br>M201T293_a<br>M201T293_b<br>M201T293_d<br>M147T364_2<br>M380T386_2_a<br>M380T386_2_b<br>M189T494<br>M175T349_a<br>M175T349_b<br>M141T297<br>M308T395<br>M334T394_a<br>M334T394_b<br>M247T373<br>M199T413<br>M322T395<br>M146T324_c<br>M146T324_f<br>M146T324_h<br>M146T324_j<br>M114T164<br>M182T296_b<br>M175T493_2<br>M260T254_b<br>M295T233_b<br>M220T374<br>M275T366<br>M271T256<br>M179T395<br>M215T393_a<br>M215T393_b<br>M215T393_c<br>M215T393_d<br>M211T256_1_b<br>M311T290<br>M106T368_a<br>M106T368_b<br>M317T306<br>M277T454<br>M189T254_a<br>M189T254_b<br>M186T346_c<br>M186T346_d<br>M255T386<br>M203T473<br>M276T326<br>M231T413<br>M147T501_2<br>M248T353<br>M191T501_a<br>M191T501_b<br>M322T459<br>M350T372_a<br>M350T372_b<br>M211T256_2<br>M120T349_a<br>M120T349_b<br>M161T512<br>M134T413_a<br>M134T413_b<br>M146T276_a<br>M146T276_c<br>M146T276_d<br>M146T276_e<br>M146T276_f<br>M129T402_a<br>M129T402_b<br>M167T215_b<br>M217T215<br>M234T407_a<br>M234T407_b<br>M128T292<br>M132T266_a<br>M132T266_b<br>M132T266_c<br>M132T266_d<br>M238T386_2_b<br>M182T290<br>M193T246_a<br>M193T246_b<br>M129T350<br>M161T394_a<br>M161T394_b<br>M217T258_a<br>M217T258_b<br>M217T258_c<br>M166T248_2_a<br>M166T248_2_b<br>M198T279<br>M170T371<br>M106T274<br>M193T275_2<br>M237T231_a<br>M237T231_b<br>M237T209_a<br>M237T209_b<br>M245T197_a<br>M245T197_b<br>M245T197_c<br>M245T197_d<br>M326T241<br>M398T299<br>M226T313_a<br>M226T313_b<br>M201T231_b<br>M229T304<br>M203T232_a<br>M203T232_b<br>M203T232_c<br>M203T232_d<br>M132T338<br>M170T352<br>M105T247<br>M156T385<br>M151T364<br>M276T453<br>M154T254_a<br>M154T254_b<br>M154T254_c<br>M154T254_d<br>M461T364<br>M156T354<br>M245T395_a<br>M245T395_b<br>M336T291_1_a<br>M160T299<br>M228T255<br>M245T242<br>M231T206_a<br>M231T206_b<br>M250T270_b<br>M252T238<br>M252T405_a<br>M252T405_b<br>M197T355<br>M96T259_a<br>M96T259_b<br>M96T259_c<br>M161T274_a<br>M161T274_b<br>M161T274_c<br>M161T274_d<br>M161T274_e<br>M119T317_a<br>M119T317_b<br>M231T305<br>M130T291<br>M442T422<br>M180T279_a<br>M157T247<br>M240T215<br>M295T208_a<br>M295T208_b<br>M147T284_d<br>M233T387_a<br>M233T387_b<br>M233T387_c<br>M233T387_d<br>M157T227<br>M166T366<br>M221T316<br>M267T223<br>M181T238_a<br>M181T238_b<br>M261T425<br>M151T232<br>M114T359<br>M257T371<br>M519T325_a<br>M519T325_b<br>M519T325_c<br>M519T325_d<br>M157T276<br>M234T371<br>M237T269<br>M191T274<br>M293T424<br>M175T313_a<br>M175T313_b<br>M290T473<br>M184T230_b<br>M211T271_b<br>M222T291<br>M132T350<br>M456T441<br>M102T364_1_a<br>M102T364_1_c<br>M189T311_a<br>M189T311_b<br>M244T356<br>M160T357<br>M351T420<br>M129T256_a<br>M129T256_b<br>M129T256_c<br>M256T295_a<br>M256T295_b<br>M256T295_c<br>M175T387_a<br>M175T387_b<br>M144T280_b<br>M144T280_d<br>M364T377_a<br>M156T371_2<br>M264T247<br>M194T318<br>M268T270_b<br>M243T301_a<br>M106T291<br>M269T109<br>M143T393_a<br>M143T393_b<br>M143T393_c<br>M143T393_d<br>M190T372<br>M223T261<br>M129T269_a<br>M129T269_b<br>M129T269_c<br>M210T270_b<br>M227T247_a<br>M157T313_a<br>M157T313_b<br>M613T487<br>M160T415<br>M118T264<br>M217T354_a<br>M217T354_b<br>M217T354_c<br>M118T386<br>M199T377_2<br>M156T243<br>M203T301<br>M72T355_a<br>M72T355_b<br>M72T355_c<br>M72T355_d<br>M219T412<br>M116T302_a<br>M116T302_b<br>M545T399<br>M260T272_a<br>M306T486<br>M277T385<br>M169T259_a<br>M169T259_b<br>M160T360_b<br>M160T360_e<br>M287T247_b<br>M98T352<br>M114T282_a<br>M114T282_c<br>M182T285_2_c<br>M357T254<br>M229T416_a<br>M229T416_b<br>M229T416_c<br>M229T416_d<br>M388T400<br>M253T274<br>M130T298<br>M251T388<br>M230T317<br>M320T387<br>M104T281<br>M255T324_a<br>M255T324_b<br>M255T324_c<br>M255T324_d<br>M222T278_a<br>M222T278_d<br>M222T278_e<br>M222T278_f<br>M248T248_1<br>M217T448<br>M118T315<br>M194T385<br>M141T277_a<br>M141T277_b<br>M189T504<br>M112T363_a<br>M112T363_b<br>M118T300<br>M187T330<br>M219T359<br>M263T231<br>M245T366_a<br>M245T366_b<br>M147T233<br>M322T415<br>M228T318_2<br>M224T300_a<br>M224T300_b<br>M224T300_c<br>M224T300_d<br>M146T347<br>M91T248<br>M314T352<br>M252T371_a<br>M252T371_b<br>M134T397_a<br>M134T397_b<br>M158T388_a<br>M158T388_b<br>M204T444<br>M359T350<br>M104T362<br>M172T383<br>M191T429<br>M194T354<br>M375T366<br>M140T315<br>M175T382_a<br>M175T382_b<br>M217T282_a<br>M217T282_b<br>M217T282_c<br>M260T511_a<br>M260T511_b<br>M232T209_c<br>M261T354_a<br>M261T354_b<br>M247T471_a<br>M247T471_b<br>M247T471_c<br>M247T471_d<br>M247T471_e<br>M215T254<br>M134T430_a<br>M134T430_b<br>M134T430_c<br>M200T282<br>M219T251_b<br>M156T444<br>M187T355<br>M210T273<br>M118T373<br>M244T517_2<br>M427T473<br>M190T384_a<br>M190T384_b<br>M133T490_a<br>M133T490_b<br>M240T328<br>M162T373_a<br>M162T373_b<br>M162T373_c<br>M162T373_d<br>M162T373_f<br>M162T373_h<br>M388T365<br>M166T359<br>M207T244<br>M121T290_b<br>M121T290_c<br>M147T393_a<br>M147T393_b<br>M332T391_a<br>M332T391_b<br>M215T287<br>M388T347_a<br>M388T347_b<br>M337T449<br>M176T329<br>M157T316<br>M233T237<br>M180T223_a<br>M265T250<br>M263T294_2_b<br>M217T243_a<br>M217T243_b<br>M217T243_c<br>M99T216<br>M406T380<br>M282T471<br>M252T385_2_a<br>M252T385_2_b<br>M275T399<br>M190T409<br>M469T439<br>M112T334_a<br>M112T334_b<br>M112T334_c<br>M112T334_d<br>M260T409_b<br>M205T320_b<br>M244T247<br>M261T260_c<br>M217T359<br>M148T322_a<br>M148T322_b<br>M148T322_d<br>M260T400<br>M180T244_a<br>M285T322<br>M276T297<br>M275T417<br>M129T316_a<br>M129T316_b<br>M154T267_a<br>M154T267_b<br>M154T267_c<br>M154T267_d<br>M181T220<br>M173T429
Fatty Acyls,1.1444677081237658e-14,M188T415,15,13,2,0.8666666666666667,0.16666666666666666,90,1.3352123261443934e-13,575.5,M188T415<br>M868T467<br>M838T398_a<br>M838T398_b<br>M159T270_c<br>M442T391<br>M339T442_a<br>M339T442_b<br>M146T324_d<br>M146T324_e<br>M182T296_a<br>M204T296<br>M912T464<br>M854T473<br>M200T235<br>M127T297_a<br>M127T297_b<br>M127T297_d<br>M127T297_e<br>M145T295_d<br>M145T295_e<br>M145T295_f<br>M145T295_j<br>M173T386_a<br>M173T386_b<br>M1062T340_2<br>M146T171<br>M1079T341_3<br>M1066T340<br>M435T296_a<br>M435T296_b<br>M435T296_c<br>M435T296_d<br>M435T296_e<br>M180T295_a<br>M180T295_f<br>M180T295_g<br>M180T295_j<br>M393T415_2_a<br>M393T415_2_b<br>M393T415_2_c<br>M393T415_2_g<br>M393T415_2_h<br>M393T415_2_j<br>M149T322<br>M115T294_b<br>M147T284_a<br>M147T284_e<br>M1100T337<br>M331T382<br>M246T342_a<br>M246T342_b<br>M1066T344_2<br>M1022T339_3<br>M428T163<br>M244T80<br>M400T166<br>M102T364_1_b<br>M120T302<br>M274T72<br>M228T291_1<br>M120T239<br>M810T421<br>M210T270_a<br>M403T377_b<br>M338T30_2<br>M160T360_a<br>M160T360_f<br>M182T315<br>M180T259_e<br>M180T259_f<br>M180T259_i<br>M180T259_j<br>M182T285_2_d<br>M182T285_2_e<br>M166T273_a<br>M166T273_b<br>M159T277_2_e<br>M159T277_2_g<br>M85T364_1<br>M150T279_f<br>M286T274<br>M992T342<br>M190T384_d<br>M162T373_e<br>M162T373_g<br>M162T373_i<br>M307T289<br>M1034T330_2<br>M122T280_d
Glycerophospholipids,1.0295156069249125e-4,M173T431_a,7,7,0,1,0.35,20,5.147578034624563e-4,485.5,M173T431_a<br>M173T431_b<br>M482T174<br>M522T164_2<br>M496T170<br>M454T196<br>M522T186<br>M454T157<br>M524T185_a<br>M524T185_b<br>M524T163_2_a<br>M524T163_2_b<br>M789T39<br>M787T39<br>M258T377_1<br>M468T159_2<br>M216T386<br>M468T181<br>M787T73<br>M787T133
Hydroxy acids and derivatives,0.052357185005002,M159T270_b,4,4,0,1,0.2,20,0.10180563750972611,1085.5,M159T270_b<br>M179T408_a<br>M179T408_b<br>M187T234<br>M127T297_c<br>M201T231_a<br>M201T231_c<br>M173T249_a<br>M209T234<br>M203T385_a<br>M203T385_b<br>M203T385_c<br>M219T385_a<br>M219T385_b<br>M219T385_c<br>M122T280_a<br>M122T280_b<br>M122T280_c<br>M122T280_e<br>M122T280_f
Imidazopyrimidines,3.623601925434966e-4,M136T155_2,5,5,0,1,0.5,10,0.0014091785265580423,373,M136T155_2<br>M523T489<br>M189T229_2_a<br>M189T229_2_b<br>M189T229_2_c<br>M200T222_a<br>M200T222_b<br>M219T153<br>M137T163<br>M153T207
Indoles and derivatives,0.18191331998011728,M257T234_a,3,2,1,0.6666666666666666,0.23076923076923078,13,0.26529025830433767,1010,M257T234_a<br>M207T224<br>M167T215_a<br>M288T395<br>M205T248_2<br>M226T248<br>M198T143<br>M392T248<br>M177T226<br>M219T251_d<br>M157T249<br>M182T246<br>M160T202
Keto acids and derivatives,0.011150819744392979,M159T270_a,9,8,1,0.8888888888888888,0.18,50,0.030021437773365713,983,M159T270_a<br>M132T277_g<br>M146T324_a<br>M146T324_b<br>M146T324_g<br>M186T346_b<br>M170T385<br>M146T276_b<br>M146T276_g<br>M145T295_a<br>M145T295_b<br>M145T295_c<br>M230T265_c<br>M230T265_d<br>M180T295_b<br>M180T295_c<br>M180T295_d<br>M115T294_a<br>M173T249_b<br>M263T228<br>M160T360_c<br>M160T360_d<br>M160T360_g<br>M180T259_g<br>M180T259_h<br>M159T277_2_c<br>M159T277_2_d<br>M159T277_2_f<br>M222T278_b<br>M222T278_c<br>M188T259<br>M174T359_a<br>M150T279_a<br>M150T279_b<br>M150T279_c<br>M150T279_d<br>M150T279_e<br>M185T243<br>M159T245_2_c<br>M210T321<br>M190T384_c<br>M190T384_e<br>M190T384_f<br>M190T384_g<br>M245T240_b<br>M170T319<br>M205T320_a<br>M169T243_a<br>M169T243_c<br>M234T316
Lactones,0.03608089412656215,M201T211_a,4,0,4,0,0.3333333333333333,12,0.07892695590185471,745,M201T211_a<br>M201T211_b<br>M201T211_h<br>M201T211_i<br>M145T295_g<br>M180T295_h<br>M180T259_a<br>M157T217<br>M217T230_f<br>M217T230_g<br>M217T230_h<br>M217T230_i
Organic phosphoric acids and derivatives,0.07939066594823407,M186T346_a,2,2,0,1,0.2222222222222222,9,0.1326207051050351,845,M186T346_a<br>M186T346_e<br>M213T284<br>M213T361<br>M177T386_a<br>M177T386_b<br>M156T306_a<br>M156T306_b<br>M170T452
Organic sulfuric acids and derivatives,7.630524233548977e-7,M201T293_c,4,4,0,1,0.13333333333333333,30,4.451139136236903e-6,570.5,M201T293_c<br>M262T248_a<br>M262T248_b<br>M186T346_f<br>M264T248_a<br>M264T248_c<br>M250T270_c<br>M280T269_b<br>M280T269_d<br>M280T269_e<br>M280T269_f<br>M280T269_g<br>M280T269_h<br>M280T269_i<br>M280T269_j<br>M280T269_k<br>M218T300_b<br>M218T300_c<br>M268T270_a<br>M243T301_b<br>M243T301_c<br>M257T304_a<br>M257T304_b<br>M241T300_a<br>M241T300_b<br>M201T216_1_b<br>M237T239<br>M228T274<br>M253T371<br>M206T363
Organonitrogen compounds,0.05004987783989334,M74T196,5,4,1,0.8,0.14705882352941177,34,0.10180563750972611,868,M74T196<br>M74T235<br>M146T324_i<br>M162T347_2<br>M76T318<br>M132T438<br>M125T258<br>M102T299_a<br>M102T299_b<br>M102T299_c<br>M150T280<br>M106T298<br>M140T259_b<br>M185T274_a<br>M241T318_2_a<br>M241T318_2_b<br>M241T318_2_c<br>M146T279<br>M114T282_b<br>M111T237<br>M139T259<br>M184T482_2<br>M150T154<br>M143T318<br>M190T225<br>M152T220_b<br>M168T254_b<br>M168T254_c<br>M121T290_a<br>M60T224<br>M111T251<br>M155T237_d<br>M148T322_c<br>M180T229_b
Organooxygen compounds,9.42288995942592e-31,M357T432_a,98,48,50,0.4897959183673469,0.2692307692307692,364,1.649005742899536e-29,743.5,M357T432_a<br>M357T432_b<br>M357T432_c<br>M407T439<br>M323T497_a<br>M323T497_b<br>M323T497_c<br>M323T497_d<br>M323T497_e<br>M323T497_f<br>M323T497_h<br>M244T252_a<br>M244T252_b<br>M244T252_c<br>M244T252_d<br>M267T229<br>M292T370<br>M171T454<br>M261T470_a<br>M261T470_b<br>M319T273_1<br>M201T211_c<br>M201T211_d<br>M201T211_e<br>M201T211_f<br>M201T211_g<br>M201T211_j<br>M242T218<br>M359T273_a<br>M359T273_b<br>M359T273_c<br>M359T273_d<br>M359T273_e<br>M359T273_f<br>M359T273_g<br>M359T273_h<br>M301T280<br>M273T462<br>M193T443<br>M484T493<br>M339T442_c<br>M267T246<br>M405T438_a<br>M405T438_b<br>M405T438_c<br>M323T395<br>M104T213_2<br>M275T254<br>M245T252<br>M484T533<br>M367T413_a<br>M673T365<br>M200T259_h<br>M292T461<br>M379T153_a<br>M379T153_b<br>M261T254<br>M98T228<br>M243T454_a<br>M243T454_b<br>M243T454_c<br>M243T454_d<br>M243T454_e<br>M243T454_f<br>M243T454_g<br>M243T454_h<br>M243T454_i<br>M243T454_j<br>M243T454_k<br>M243T454_l<br>M243T454_m<br>M243T454_n<br>M243T454_o<br>M243T454_p<br>M243T454_q<br>M243T454_r<br>M243T454_s<br>M243T454_t<br>M261T374_a<br>M213T441<br>M322T336<br>M383T293_a<br>M383T293_b<br>M383T293_c<br>M383T293_d<br>M383T293_e<br>M383T293_f<br>M383T293_g<br>M383T293_h<br>M383T293_i<br>M383T293_j<br>M383T293_k<br>M383T293_l<br>M146T276_h<br>M284T232_a<br>M284T232_b<br>M297T403<br>M130T256<br>M145T295_h<br>M145T295_i<br>M238T149_b<br>M260T250_a<br>M260T250_b<br>M260T250_c<br>M260T250_d<br>M293T457_2<br>M102T299_d<br>M384T362<br>M331T443_c<br>M337T364_a<br>M337T364_c<br>M258T239<br>M372T286_a<br>M372T286_b<br>M372T286_c<br>M372T286_d<br>M435T296_f<br>M435T296_g<br>M435T296_h<br>M203T245<br>M180T295_e<br>M180T295_i<br>M393T415_2_d<br>M393T415_2_e<br>M393T415_2_f<br>M393T415_2_i<br>M412T423_a<br>M412T423_b<br>M412T423_c<br>M180T279_b<br>M356T448<br>M325T382_a<br>M325T382_b<br>M325T382_c<br>M325T382_d<br>M325T382_e<br>M325T382_f<br>M325T382_g<br>M325T382_h<br>M325T382_i<br>M245T231<br>M437T302<br>M147T284_b<br>M147T284_c<br>M396T397_a<br>M396T397_b<br>M396T397_c<br>M396T397_d<br>M242T412_a<br>M242T412_b<br>M242T412_c<br>M242T412_d<br>M469T340_1<br>M564T430<br>M427T438_a<br>M427T438_b<br>M427T438_c<br>M332T413_a<br>M332T413_b<br>M219T257_a<br>M219T257_b<br>M219T257_c<br>M219T257_d<br>M219T257_e<br>M219T257_f<br>M219T257_g<br>M219T257_h<br>M219T257_i<br>M219T257_j<br>M219T257_k<br>M219T257_l<br>M219T257_m<br>M219T257_n<br>M165T279<br>M431T424<br>M184T230_a<br>M300T105<br>M265T212<br>M341T272_d<br>M387T358_a<br>M387T358_b<br>M387T358_c<br>M387T358_d<br>M387T358_e<br>M387T358_f<br>M387T358_g<br>M387T358_h<br>M387T358_i<br>M387T358_j<br>M387T358_k<br>M387T358_l<br>M549T405<br>M144T280_f<br>M292T291<br>M327T242_a<br>M327T242_b<br>M327T242_c<br>M327T242_d<br>M327T242_e<br>M364T377_b<br>M364T377_c<br>M364T377_e<br>M303T382<br>M325T384<br>M203T259_a<br>M203T259_b<br>M203T259_c<br>M203T259_d<br>M203T259_e<br>M203T259_f<br>M203T259_g<br>M203T259_h<br>M203T259_i<br>M203T259_j<br>M203T259_k<br>M203T259_l<br>M203T259_m<br>M203T259_n<br>M118T156<br>M345T250_a<br>M345T250_b<br>M345T250_c<br>M345T250_d<br>M345T250_e<br>M345T250_f<br>M345T250_g<br>M345T250_h<br>M345T250_i<br>M345T250_j<br>M345T250_k<br>M200T297<br>M206T57<br>M198T296_a<br>M198T296_b<br>M198T296_c<br>M198T296_d<br>M198T296_e<br>M198T296_f<br>M198T296_g<br>M198T296_h<br>M198T296_i<br>M198T296_j<br>M198T296_k<br>M192T305<br>M217T354_d<br>M220T264<br>M442T300<br>M104T284<br>M403T377_a<br>M342T387_a<br>M342T387_c<br>M104T237_2<br>M72T355_e<br>M349T258_1_a<br>M349T258_1_b<br>M349T258_1_c<br>M349T258_1_d<br>M349T258_1_e<br>M349T258_1_f<br>M279T231<br>M180T259_c<br>M180T259_d<br>M182T285_2_a<br>M182T285_2_b<br>M310T352_2<br>M522T420_a<br>M522T420_b<br>M522T420_c<br>M522T420_d<br>M522T420_e<br>M522T420_f<br>M522T420_g<br>M522T420_h<br>M522T420_i<br>M159T277_2_a<br>M159T277_2_b<br>M315T293_a<br>M315T293_c<br>M118T239<br>M366T372_a<br>M366T372_b<br>M206T75<br>M310T296<br>M268T274_2<br>M365T393_a<br>M365T393_b<br>M365T393_c<br>M365T393_d<br>M365T393_e<br>M365T393_f<br>M365T393_g<br>M365T393_h<br>M365T393_i<br>M365T393_j<br>M365T393_k<br>M203T385_d<br>M203T385_e<br>M203T385_f<br>M556T297<br>M363T352_a<br>M363T352_b<br>M363T352_c<br>M363T352_d<br>M242T315<br>M527T363_a<br>M527T363_b<br>M527T363_c<br>M345T368_a<br>M345T368_b<br>M345T368_c<br>M345T368_d<br>M289T242<br>M146T211<br>M310T438<br>M388T259_a<br>M388T259_b<br>M388T491_a<br>M388T491_b<br>M513T368_a<br>M513T368_b<br>M513T368_c<br>M513T368_d<br>M327T345_a<br>M327T345_b<br>M327T345_c<br>M327T345_d<br>M327T345_e<br>M327T345_f<br>M212T208<br>M315T394_a<br>M315T394_c<br>M159T245_2_a<br>M159T245_2_b<br>M386T299<br>M335T140<br>M219T251_a<br>M195T284<br>M171T248_a<br>M171T248_b<br>M171T248_c<br>M233T275<br>M236T393<br>M342T377_1_a<br>M284T447_a<br>M284T447_b<br>M217T230_a<br>M217T230_b<br>M217T230_c<br>M217T230_d<br>M217T230_e<br>M217T230_j<br>M268T208<br>M112T334_e<br>M219T385_d<br>M219T385_e<br>M219T385_f<br>M336T432_2<br>M335T120<br>M347T382<br>M312T320<br>M169T243_b<br>M310T370<br>M332T292<br>M158T231
Phenols,0.08959975094853592,M296T273,6,6,0,1,0.16216216216216217,37,0.13634744709559815,905,M296T273<br>M369T247<br>M200T259_a<br>M200T259_c<br>M200T259_f<br>M200T259_g<br>M264T248_b<br>M280T269_a<br>M185T244_a<br>M185T244_b<br>M186T367<br>M144T280_a<br>M144T280_c<br>M288T110<br>M194T333<br>M275T209_1<br>M170T211<br>M159T211<br>M171T273<br>M226T260_a<br>M226T260_b<br>M152T236<br>M107T248_a<br>M107T248_b<br>M201T261<br>M172T211<br>M296T242<br>M175T215<br>M139T242<br>M127T259<br>M188T153<br>M245T240_a<br>M180T223_b<br>M135T220_2<br>M192T252<br>M77T291<br>M180T244_b
Phenylpropanoic acids,0.023924238893774524,M200T259_b,3,3,0,1,0.42857142857142855,7,0.05981059723443631,563,M200T259_b<br>M200T259_d<br>M200T259_e<br>M280T269_c<br>M323T281<br>M232T209_a<br>M230T260
Purine nucleosides,0.0017903662772263207,M384T402,3,3,0,1,0.5,6,0.005696619972992838,422,M384T402<br>M269T214<br>M268T167<br>M283T144_a<br>M283T144_b<br>M288T291_2
Purine nucleotides,1.5800348367310375e-11,M454T484,9,7,2,0.7777777777777778,0.23684210526315788,38,1.382530482139658e-10,472,M454T484<br>M348T428<br>M330T278<br>M347T285<br>M526T462_b<br>M372T416<br>M508T482<br>M768T432<br>M590T450<br>M553T246<br>M450T463_a<br>M450T463_b<br>M450T463_c<br>M450T463_d<br>M524T486_a<br>M524T486_b<br>M331T443_a<br>M606T466_a<br>M606T466_b<br>M802T481<br>M546T491<br>M640T483_a<br>M640T483_b<br>M640T483_c<br>M640T483_d<br>M640T483_e<br>M640T483_f<br>M492T477<br>M365T501<br>M550T416<br>M466T449<br>M404T260<br>M331T318<br>M560T418<br>M347T393<br>M426T292<br>M347T414<br>M510T430
Pyridines and derivatives,0.08336158606602206,M248T274_1,4,4,0,1,0.19047619047619047,21,0.1326207051050351,833,M248T274_1<br>M96T35<br>M124T31<br>M170T108<br>M124T317<br>M129T155_b<br>M230T259<br>M250T438_2<br>M212T352<br>M140T259_a<br>M124T280<br>M201T216_1_a<br>M288T413<br>M123T157<br>M123T229<br>M208T260<br>M170T92<br>M124T218<br>M225T316<br>M208T297<br>M180T229_a
Pyrimidine nucleotides,6.556413195198004e-9,M325T438_1,19,18,1,0.9473684210526315,0.5757575757575758,33,4.589489236638603e-8,257,M325T438_1<br>M405T472<br>M589T441_a<br>M589T441_b<br>M589T441_c<br>M324T456<br>M405T440<br>M581T473<br>M485T488<br>M404T480<br>M309T412<br>M489T437<br>M608T428<br>M635T438<br>M826T437_a<br>M826T437_b<br>M826T437_c<br>M615T437<br>M675T395<br>M867T438<br>M554T432_a<br>M554T432_b<br>M554T432_c<br>M554T432_d<br>M468T488<br>M801T440_2_a<br>M801T440_2_b<br>M801T440_2_c<br>M801T440_2_d<br>M801T440_2_e<br>M323T259<br>M572T427_a<br>M572T427_b
Saccharolipids,0.0013690702076520403,M295T233_a,3,3,0,1,0.3333333333333333,9,0.0047917457267821414,478,M295T233_a<br>M597T481_b<br>M597T481_c<br>M336T291_1_b<br>M336T291_1_c<br>M336T291_1_d<br>M296T298<br>M333T391_1<br>M318T486
Thiohydroximic acids and derivatives,0.05574876796463146,M276T291_1,2,2,0,1,0.6666666666666666,3,0.10269509888221585,356,M276T291_1<br>M271T230_1<br>M277T302
