pathway,p.value,q.value,FDR,Pathway.length,Overlap
Galactose metabolism - Mus musculus (mouse);mmu00052,1.1485693012379406e-9,5.513132645942115e-8,5.513132645942115e-8,46,13
Starch and sucrose metabolism - Mus musculus (mouse);mmu00500,1.663356080684574e-4,0.003992054593642977,0.003992054593642977,37,7
Purine metabolism - Mus musculus (mouse);mmu00230,0.001018003118011333,0.01628804988818133,0.01628804988818133,95,10
Nicotinate and nicotinamide metabolism - Mus musculus (mouse);mmu00760,0.0020056429631896454,0.024067715558275745,0.024067715558275745,55,7
Fructose and mannose metabolism - Mus musculus (mouse);mmu00051,0.008293671792811192,0.07961924921098744,0.07961924921098744,54,6
Arginine and proline metabolism - Mus musculus (mouse);mmu00330,0.01398975336810413,0.11191802694483304,0.11191802694483304,78,7
"Glycine, serine and threonine metabolism - Mus musculus (mouse);mmu00260",0.023936956306437766,0.16413912895843039,0.16413912895843039,50,5
One carbon pool by folate - Mus musculus (mouse);mmu00670,0.03392643724364461,0.20355862346186765,0.20355862346186765,9,2
Pantothenate and CoA biosynthesis - Mus musculus (mouse);mmu00770,0.0642913299310403,0.32051054344763324,0.32051054344763324,28,3
Pyrimidine metabolism - Mus musculus (mouse);mmu00240,0.06677302988492359,0.32051054344763324,0.32051054344763324,66,5
Lysine degradation - Mus musculus (mouse);mmu00310,0.09290133237141292,0.37160532948565167,0.37160532948565167,52,4
Glycerophospholipid metabolism - Mus musculus (mouse);mmu00564,0.09290133237141292,0.37160532948565167,0.37160532948565167,52,4
Metabolism of xenobiotics by cytochrome P450 - Mus musculus (mouse);mmu00980,0.10580650426957733,0.3716986158887723,0.3716986158887723,121,7
Pentose and glucuronate interconversions - Mus musculus (mouse);mmu00040,0.10869866175938406,0.3716986158887723,0.3716986158887723,55,4
Glycerolipid metabolism - Mus musculus (mouse);mmu00561,0.11615581746524133,0.3716986158887723,0.3716986158887723,36,3
Cysteine and methionine metabolism - Mus musculus (mouse);mmu00270,0.1435963345211074,0.43078900356332217,0.43078900356332217,61,4
Caffeine metabolism - Mus musculus (mouse);mmu00232,0.15331003500278673,0.4328753929490449,0.4328753929490449,21,2
"Valine, leucine and isoleucine biosynthesis - Mus musculus (mouse);mmu00290",0.17715852519181546,0.47242273384484124,0.47242273384484124,23,2
Ascorbate and aldarate metabolism - Mus musculus (mouse);mmu00053,0.2047518224949577,0.5172677620925247,0.5172677620925247,47,3
beta-Alanine metabolism - Mus musculus (mouse);mmu00410,0.28879421616054735,0.688649790602879,0.688649790602879,32,2
Sulfur metabolism - Mus musculus (mouse);mmu00920,0.30128428338875957,0.688649790602879,0.688649790602879,33,2
"Phenylalanine, tyrosine and tryptophan biosynthesis - Mus musculus (mouse);mmu00400",0.32614901302763943,0.6980191200811693,0.6980191200811693,35,2
D-Glutamine and D-glutamate metabolism - Mus musculus (mouse);mmu00471,0.3344674950388936,0.6980191200811693,0.6980191200811693,12,1
Tyrosine metabolism - Mus musculus (mouse);mmu00350,0.48536906401146873,0.9377489352885415,0.9377489352885415,78,3
Amino sugar and nucleotide sugar metabolism - Mus musculus (mouse);mmu00520,0.4884109037961154,0.9377489352885415,0.9377489352885415,108,4
Taurine and hypotaurine metabolism - Mus musculus (mouse);mmu00430,0.5265733686568623,0.9643659760740214,0.9643659760740214,22,1
Arginine biosynthesis - Mus musculus (mouse);mmu00220,0.542455861541637,0.9643659760740214,0.9643659760740214,23,1
Ether lipid metabolism - Mus musculus (mouse);mmu00565,0.5726553367217087,0.975055935224455,0.975055935224455,25,1
Linoleic acid metabolism - Mus musculus (mouse);mmu00591,0.6142927265485826,0.975055935224455,0.975055935224455,28,1
Vitamin B6 metabolism - Mus musculus (mouse);mmu00750,0.6142927265485826,0.975055935224455,0.975055935224455,28,1
Pyruvate metabolism - Mus musculus (mouse);mmu00620,0.6519102618440076,0.975055935224455,0.975055935224455,31,1
Thiamine metabolism - Mus musculus (mouse);mmu00730,0.6519102618440076,0.975055935224455,0.975055935224455,31,1
Phenylalanine metabolism - Mus musculus (mouse);mmu00360,0.6998709635285651,0.975055935224455,0.975055935224455,72,2
"Valine, leucine and isoleucine degradation - Mus musculus (mouse);mmu00280",0.7612826887091212,0.975055935224455,0.975055935224455,42,1
Primary bile acid biosynthesis - Mus musculus (mouse);mmu00120,0.7989892817054566,0.975055935224455,0.975055935224455,47,1
Histidine metabolism - Mus musculus (mouse);mmu00340,0.7989892817054566,0.975055935224455,0.975055935224455,47,1
Inositol phosphate metabolism - Mus musculus (mouse);mmu00562,0.7989892817054566,0.975055935224455,0.975055935224455,47,1
Propanoate metabolism - Mus musculus (mouse);mmu00640,0.8057903962342193,0.975055935224455,0.975055935224455,48,1
Fatty acid degradation - Mus musculus (mouse);mmu00071,0.8187165852673516,0.975055935224455,0.975055935224455,50,1
Biosynthesis of unsaturated fatty acids - Mus musculus (mouse);mmu01040,0.8420679386500437,0.975055935224455,0.975055935224455,54,1
Phosphonate and phosphinate metabolism - Mus musculus (mouse);mmu00440,0.8576033851181086,0.975055935224455,0.975055935224455,57,1
Glyoxylate and dicarboxylate metabolism - Mus musculus (mouse);mmu00630,0.8802035618328476,0.975055935224455,0.975055935224455,62,1
Drug metabolism - other enzymes - Mus musculus (mouse);mmu00983,0.8842777107090236,0.975055935224455,0.975055935224455,63,1
Arachidonic acid metabolism - Mus musculus (mouse);mmu00590,0.9236720745062814,0.975055935224455,0.975055935224455,75,1
Tryptophan metabolism - Mus musculus (mouse);mmu00380,0.9380514775138367,0.975055935224455,0.975055935224455,81,1
"Neomycin, kanamycin and gentamicin biosynthesis - Mus musculus (mouse);mmu00524",0.9380514775138367,0.975055935224455,0.975055935224455,81,1
Ubiquinone and other terpenoid-quinone biosynthesis - Mus musculus (mouse);mmu00130,0.954742269907279,0.975055935224455,0.975055935224455,90,1
Porphyrin and chlorophyll metabolism - Mus musculus (mouse);mmu00860,0.9927659589812676,0.9927659589812676,0.9927659589812676,142,1
