compound.name,id.zhulab,id.pubchem,ref.mz,rt,polarity
3-Methoxy-4-Hydroxyphenylglycol Sulfate,L0228,3035420,263.0231,0.991,negative
1-Methylxanthine,L0216,80220,165.0418,3.167,negative
N-Acetyl-L-phenylalanine,L0086,74839,206.0822,4.867,negative
5-Hydroxyhexanoic acid,S0266,170748,131.0713,6.874,negative
5-Hydroxymethylcytidine,L0264,14367004,272.0889,8.493,negative
Sebacic acid,S0193,5192,201.1132,9.836,negative
Suberic acid,S0214,10457,173.0819,10.837,negative
N-Acetyl-L-aspartic acid,S0246,65065,174.0408,11.971,negative
N-carbamoyl-L-aspartate,L0084,93072,175.036,12.701,negative
UDP-D-glucuronate,L0081,17473,579.027,14.688,negative
