pathway,p.value,q.value,FDR,Pathway.length,Overlap
Galactose metabolism - Mus musculus (mouse);mmu00052,3.442124618606974e-14,2.0652747711641846e-12,2.0652747711641846e-12,46,21
Amino sugar and nucleotide sugar metabolism - Mus musculus (mouse);mmu00520,4.589955693882422e-7,1.0769178501056275e-5,1.0769178501056275e-5,108,22
Fructose and mannose metabolism - Mus musculus (mouse);mmu00051,5.384589250528138e-7,1.0769178501056275e-5,1.0769178501056275e-5,54,15
Arginine and proline metabolism - Mus musculus (mouse);mmu00330,7.958515248858407e-7,1.193777287328761e-5,1.193777287328761e-5,78,18
Glycolysis / Gluconeogenesis - Mus musculus (mouse);mmu00010,1.0603480922997913e-5,1.2724177107597496e-4,1.2724177107597496e-4,31,10
Pentose phosphate pathway - Mus musculus (mouse);mmu00030,3.514464985278967e-5,3.514464985278967e-4,3.514464985278967e-4,35,10
Lysine degradation - Mus musculus (mouse);mmu00310,2.816477151653694e-4,0.0022992874269416497,0.0022992874269416497,52,11
Cysteine and methionine metabolism - Mus musculus (mouse);mmu00270,3.065716569255533e-4,0.0022992874269416497,0.0022992874269416497,61,12
Arginine biosynthesis - Mus musculus (mouse);mmu00220,3.600957413408983e-4,0.0024006382756059886,0.0024006382756059886,23,7
Inositol phosphate metabolism - Mus musculus (mouse);mmu00562,5.098527881476135e-4,0.0030591167288856807,0.0030591167288856807,47,10
"Alanine, aspartate and glutamate metabolism - Mus musculus (mouse);mmu00250",0.0013284655659801825,0.007246175814437358,0.007246175814437358,28,7
Starch and sucrose metabolism - Mus musculus (mouse);mmu00500,0.0016754950045171056,0.008377475022585528,0.008377475022585528,37,8
Pyrimidine metabolism - Mus musculus (mouse);mmu00240,0.0023031656613612178,0.010629995360128696,0.010629995360128696,66,11
"Valine, leucine and isoleucine biosynthesis - Mus musculus (mouse);mmu00290",0.012389837700924763,0.053099304432534696,0.053099304432534696,23,5
Purine metabolism - Mus musculus (mouse);mmu00230,0.014561187912054092,0.056981671571752504,0.056981671571752504,95,12
Sulfur metabolism - Mus musculus (mouse);mmu00920,0.015195112419134002,0.056981671571752504,0.056981671571752504,33,6
D-Arginine and D-ornithine metabolism - Mus musculus (mouse);mmu00472,0.021148169567790674,0.07464059847455531,0.07464059847455531,10,3
Vitamin B6 metabolism - Mus musculus (mouse);mmu00750,0.028056029484159133,0.09352009828053044,0.09352009828053044,28,5
"Glycine, serine and threonine metabolism - Mus musculus (mouse);mmu00260",0.03476221341566587,0.10599749384742765,0.10599749384742765,50,7
D-Glutamine and D-glutamate metabolism - Mus musculus (mouse);mmu00471,0.035332497949142554,0.10599749384742765,0.10599749384742765,12,3
Pyruvate metabolism - Mus musculus (mouse);mmu00620,0.04168079875890814,0.11908799645402326,0.11908799645402326,31,5
"Valine, leucine and isoleucine degradation - Mus musculus (mouse);mmu00280",0.045127365053060683,0.12254024527297307,0.12254024527297307,42,6
beta-Alanine metabolism - Mus musculus (mouse);mmu00410,0.04697376068797301,0.12254024527297307,0.12254024527297307,32,5
Ascorbate and aldarate metabolism - Mus musculus (mouse);mmu00053,0.07146331061405777,0.1786582765351444,0.1786582765351444,47,6
Glutathione metabolism - Mus musculus (mouse);mmu00480,0.08673550373455878,0.20816520896294108,0.20816520896294108,38,5
Pantothenate and CoA biosynthesis - Mus musculus (mouse);mmu00770,0.095183568734229,0.21965438938668227,0.21965438938668227,28,4
Butanoate metabolism - Mus musculus (mouse);mmu00650,0.1205946215069711,0.2679880477932691,0.2679880477932691,42,5
Citrate cycle (TCA cycle) - Mus musculus (mouse);mmu00020,0.12709965979755472,0.27235641385190296,0.27235641385190296,20,3
Caffeine metabolism - Mus musculus (mouse);mmu00232,0.14177857032951172,0.2933349730955415,0.2933349730955415,21,3
Taurine and hypotaurine metabolism - Mus musculus (mouse);mmu00430,0.1569913736279284,0.3139827472558568,0.3139827472558568,22,3
"Phenylalanine, tyrosine and tryptophan biosynthesis - Mus musculus (mouse);mmu00400",0.17465296003203715,0.3380379871587816,0.3380379871587816,35,4
Glyoxylate and dicarboxylate metabolism - Mus musculus (mouse);mmu00630,0.1919278023561485,0.35986462941777847,0.35986462941777847,62,6
Tyrosine metabolism - Mus musculus (mouse);mmu00350,0.2167412695689579,0.3940750355799234,0.3940750355799234,78,7
Oxidative phosphorylation - Mus musculus (mouse);mmu00190,0.26648248277240527,0.47026320489247986,0.47026320489247986,16,2
Phenylalanine metabolism - Mus musculus (mouse);mmu00360,0.298089786989655,0.5110110634108371,0.5110110634108371,72,6
Thiamine metabolism - Mus musculus (mouse);mmu00730,0.3090477293116975,0.5150795488528291,0.5150795488528291,31,3
Synthesis and degradation of ketone bodies - Mus musculus (mouse);mmu00072,0.32302917311414303,0.5238310915364481,0.5238310915364481,6,1
Nitrogen metabolism - Mus musculus (mouse);mmu00910,0.3379760950450251,0.533646465860566,0.533646465860566,19,2
Glycerolipid metabolism - Mus musculus (mouse);mmu00561,0.39707070436692915,0.6018558368130789,0.6018558368130789,36,3
"Neomycin, kanamycin and gentamicin biosynthesis - Mus musculus (mouse);mmu00524",0.4012372245420526,0.6018558368130789,0.6018558368130789,81,6
Sphingolipid metabolism - Mus musculus (mouse);mmu00600,0.47292689789731135,0.6920881432643581,0.6920881432643581,25,2
Tryptophan metabolism - Mus musculus (mouse);mmu00380,0.5846658006077464,0.8352368580110663,0.8352368580110663,81,5
Glycerophospholipid metabolism - Mus musculus (mouse);mmu00564,0.6452910814983674,0.9004061602302802,0.9004061602302802,52,3
Pentose and glucuronate interconversions - Mus musculus (mouse);mmu00040,0.6830262085127091,0.9313993752446033,0.9313993752446033,55,3
Fatty acid elongation - Mus musculus (mouse);mmu00062,0.7279686059716068,0.9501498673944448,0.9501498673944448,40,2
Riboflavin metabolism - Mus musculus (mouse);mmu00740,0.7284482316690744,0.9501498673944448,0.9501498673944448,20,1
Terpenoid backbone biosynthesis - Mus musculus (mouse);mmu00900,0.7861787714560226,0.9683087459963512,0.9683087459963512,45,2
Histidine metabolism - Mus musculus (mouse);mmu00340,0.80623393584715,0.9683087459963512,0.9683087459963512,47,2
Propanoate metabolism - Mus musculus (mouse);mmu00640,0.8156239049991518,0.9683087459963512,0.9683087459963512,48,2
Mannose type O-glycan biosynthesis - Mus musculus (mouse);mmu00515,0.8283022436672288,0.9683087459963512,0.9683087459963512,27,1
Fatty acid degradation - Mus musculus (mouse);mmu00071,0.8331972988801684,0.9683087459963512,0.9683087459963512,50,2
Biotin metabolism - Mus musculus (mouse);mmu00780,0.8392009131968378,0.9683087459963512,0.9683087459963512,28,1
Nicotinate and nicotinamide metabolism - Mus musculus (mouse);mmu00760,0.8707220982856936,0.9816021855790149,0.9816021855790149,55,2
Phosphonate and phosphinate metabolism - Mus musculus (mouse);mmu00440,0.8834419670211133,0.9816021855790149,0.9816021855790149,57,2
Ubiquinone and other terpenoid-quinone biosynthesis - Mus musculus (mouse);mmu00130,0.9304973957078161,0.9969094669999732,0.9969094669999732,90,3
Primary bile acid biosynthesis - Mus musculus (mouse);mmu00120,0.9539492570232623,0.9969094669999732,0.9969094669999732,47,1
Fatty acid biosynthesis - Mus musculus (mouse);mmu00061,0.9622289242189973,0.9969094669999732,0.9969094669999732,50,1
Porphyrin and chlorophyll metabolism - Mus musculus (mouse);mmu00860,0.9825992764476368,0.9969094669999732,0.9969094669999732,142,4
Drug metabolism - other enzymes - Mus musculus (mouse);mmu00983,0.9840375507589454,0.9969094669999732,0.9969094669999732,63,1
Metabolism of xenobiotics by cytochrome P450 - Mus musculus (mouse);mmu00980,0.9969094669999732,0.9969094669999732,0.9969094669999732,121,2
