name,pvalues,keycpdname,alteredMetabolites,upcount,downcount,upratio,altratio,csize,adjustedpvalue,xlogp,Compounds
5'-deoxyribonucleosides,0.12409940640240122,M465T826_b,2,2,0,1,0.2222222222222222,9,0.20092284846103053,820,M465T826_b<br>M465T826_c<br>M298T180<br>M415T798<br>M597T634_c<br>M385T708<br>M415T764<br>M592T733_c<br>M592T765_a
Azoles,0.01000212303200898,M128T392,2,0,2,0,0.5,4,0.022671478872553687,382.5,M128T392<br>M139T521<br>M127T583<br>M174T635
Benzene and substituted derivatives,7.430649298611623e-5,M248T733_i,11,6,5,0.5454545454545454,0.4782608695652174,23,2.2967461468435926e-4,541,M248T733_i<br>M148T514<br>M247T477_c<br>M176T557_a<br>M176T557_b<br>M269T461_b<br>M155T336<br>M210T352_a<br>M210T352_b<br>M146T409<br>M232T554_1_b<br>M206T679<br>M268T591_a<br>M226T681_a<br>M247T655_c<br>M292T661_a<br>M292T661_b<br>M216T790<br>M193T188<br>M275T565<br>M248T623_a<br>M248T623_d<br>M229T659
Carboxylic acids and derivatives,3.685129698093339e-64,M228T610,153,26,127,0.16993464052287582,0.4967532467532468,308,6.264720486758675e-63,484.5,M228T610<br>M269T538_a<br>M269T538_b<br>M269T538_c<br>M215T526<br>M244T676<br>M150T513<br>M245T64_a<br>M245T64_b<br>M318T322<br>M190T691<br>M260T659_a<br>M260T659_b<br>M220T729<br>M248T733_j<br>M199T695<br>M230T597<br>M257T680<br>M490T589<br>M247T477_b<br>M230T681<br>M283T470<br>M165T597<br>M288T733<br>M176T727<br>M192T676<br>M140T724<br>M143T592<br>M257T635<br>M219T483_a<br>M219T483_b<br>M219T483_c<br>M233T819_a<br>M233T819_b<br>M233T819_c<br>M175T687_a<br>M175T687_b<br>M305T672<br>M294T472<br>M302T432<br>M212T593<br>M338T789<br>M490T732<br>M263T422<br>M213T586_a<br>M213T586_b<br>M213T661_a<br>M213T661_b<br>M227T626<br>M233T723_a<br>M233T723_b<br>M233T723_c<br>M233T723_d<br>M132T475_a<br>M132T475_b<br>M132T475_c<br>M186T686_a<br>M186T686_b<br>M186T686_d<br>M186T686_e<br>M186T686_f<br>M444T721<br>M262T812<br>M232T686<br>M166T675_2<br>M256T744_a<br>M256T744_b<br>M256T722_a<br>M256T722_b<br>M259T564<br>M187T620<br>M198T623_a<br>M198T623_b<br>M198T623_c<br>M262T540_a<br>M262T540_b<br>M205T533_2<br>M243T562<br>M269T461_a<br>M216T557<br>M197T661_a<br>M197T661_b<br>M166T791_a<br>M166T791_b<br>M166T791_c<br>M233T449<br>M245T327_a<br>M245T327_b<br>M245T327_c<br>M245T327_d<br>M265T325<br>M276T760_a<br>M276T760_b<br>M248T813<br>M285T606_a<br>M285T606_b<br>M260T688_2_a<br>M260T688_2_b<br>M146T655_2<br>M248T769<br>M188T561_a<br>M188T561_b<br>M258T763<br>M221T717<br>M251T722<br>M176T724<br>M267T380<br>M245T771<br>M212T534<br>M237T417_a<br>M237T417_b<br>M220T763<br>M243T742<br>M246T738<br>M231T782<br>M213T800_a<br>M213T800_b<br>M293T597<br>M276T781<br>M409T890<br>M215T791<br>M130T544<br>M352T286<br>M274T702<br>M284T679<br>M170T701<br>M277T836<br>M393T459<br>M203T657<br>M241T540_a<br>M241T540_b<br>M232T554_1_a<br>M132T497_a<br>M132T497_b<br>M322T620<br>M231T355_a<br>M231T355_b<br>M277T678<br>M356T728<br>M248T791<br>M201T609_a<br>M201T609_b<br>M201T609_c<br>M201T609_d<br>M295T365_a<br>M295T365_b<br>M220T791<br>M306T670<br>M214T736<br>M247T645_a<br>M247T645_b<br>M207T686<br>M287T546<br>M126T540_a<br>M126T540_b<br>M126T540_c<br>M290T748<br>M104T120<br>M126T660<br>M272T566<br>M288T616_a<br>M288T616_b<br>M219T871<br>M116T564_a<br>M116T564_b<br>M247T850<br>M290T849<br>M198T578<br>M199T634<br>M294T499<br>M361T784<br>M337T854<br>M223T680_b<br>M223T680_c<br>M219T609<br>M244T881<br>M208T520<br>M246T775<br>M133T582_b<br>M247T697<br>M175T738<br>M369T910<br>M288T651_a<br>M288T651_b<br>M313T744<br>M163T712<br>M189T721_2<br>M257T427_a<br>M217T681<br>M90T631<br>M128T336_a<br>M377T725<br>M246T1014<br>M246T533<br>M143T613<br>M226T681_b<br>M317T573_4<br>M247T722_a<br>M247T722_b<br>M203T471_a<br>M203T471_b<br>M245T680_b<br>M245T680_c<br>M239T560<br>M330T543<br>M178T740_a<br>M178T740_b<br>M271T613<br>M300T580<br>M232T816<br>M147T687<br>M277T855<br>M295T627<br>M114T296<br>M276T856<br>M291T766<br>M304T842<br>M144T460<br>M229T553<br>M305T802<br>M166T723_a<br>M166T723_b<br>M166T723_c<br>M166T723_d<br>M106T691_a<br>M106T691_b<br>M219T756<br>M219T791_a<br>M219T791_b<br>M219T791_c<br>M276T800<br>M255T575<br>M178T723<br>M306T427<br>M247T655_d<br>M214T564<br>M261T556<br>M233T898<br>M339T557<br>M118T587_a<br>M118T587_b<br>M148T733<br>M166T463_a<br>M166T463_b<br>M275T786<br>M243T625<br>M285T790_a<br>M285T790_b<br>M274T658<br>M104T685_2<br>M118T493_2<br>M291T872<br>M201T574<br>M182T545<br>M235T791<br>M442T803<br>M152T687_a<br>M281T791<br>M222T502<br>M313T730<br>M313T565<br>M176T746<br>M332T723<br>M190T716_a<br>M190T716_b<br>M76T664<br>M293T580_b<br>M286T724<br>M156T573_a<br>M156T573_b<br>M286T910<br>M285T766<br>M253T505<br>M204T723<br>M281T399<br>M291T791<br>M147T985<br>M261T823<br>M240T653_b<br>M132T636<br>M293T831<br>M188T712_a<br>M188T712_b<br>M201T673<br>M257T609_a<br>M257T609_b<br>M257T609_c<br>M257T609_d<br>M117T503<br>M118T478<br>M194T282<br>M336T658_a<br>M336T658_b<br>M189T569_a<br>M189T569_b<br>M175T961<br>M241T689_c<br>M338T733<br>M217T791<br>M131T561_b<br>M131T561_c<br>M131T561_d<br>M248T623_b<br>M248T623_c<br>M198T720<br>M189T649<br>M188T725_c<br>M188T725_d
Cinnamic acids and derivatives,5.804231943962179e-7,M171T299,4,1,3,0.25,1,4,2.466798576183926e-6,292,M171T299<br>M254T697<br>M290T661<br>M254T722
Fatty Acyls,1.2653931348661712e-12,M145T558_a,24,2,22,0.08333333333333333,0.5581395348837209,43,1.4341122195149942e-11,272,M145T558_a<br>M145T558_b<br>M145T558_c<br>M145T558_d<br>M204T558_1<br>M146T696<br>M428T300<br>M289T727_a<br>M289T727_b<br>M289T727_c<br>M180T728_a<br>M180T728_b<br>M180T728_c<br>M180T728_d<br>M307T596<br>M186T686_c<br>M400T306<br>M180T557_c<br>M180T557_e<br>M180T557_f<br>M180T557_h<br>M367T714<br>M277T78<br>M400T291<br>M120T559<br>M349T831_a<br>M349T831_b<br>M163T677_a<br>M163T677_b<br>M163T677_c<br>M269T642_a<br>M269T642_b<br>M269T642_c<br>M269T642_d<br>M163T765_a<br>M163T765_b<br>M163T765_c<br>M383T719_a<br>M245T602_b<br>M338T56_2<br>M163T557_j<br>M375T566_a<br>M120T591
Glycerolipids,0.02418041128378723,M277T765,3,1,2,0.3333333333333333,0.5,6,0.04836082256757446,559,M277T765<br>M337T712_c<br>M337T689_c<br>M255T580<br>M277T552<br>M293T580_a
Glycerophospholipids,1.1428160108152932e-9,M216T729,11,5,6,0.45454545454545453,0.3548387096774194,31,7.771148873543993e-9,574,M216T729<br>M789T254<br>M173T638_a<br>M173T638_b<br>M173T638_c<br>M173T638_d<br>M258T718_1<br>M468T343<br>M787T82<br>M719T261<br>M510T346<br>M504T341<br>M719T84<br>M454T356_2<br>M482T342<br>M524T339_2_a<br>M524T339_2_b<br>M155T729_a<br>M155T729_b<br>M155T729_c<br>M155T729_d<br>M460T566<br>M454T332<br>M496T339<br>M524T326_a<br>M524T326_b<br>M482T323<br>M173T804_a<br>M173T804_b<br>M173T804_c<br>M173T804_d
Imidazopyrimidines,0.1653074944560084,M174T472,3,0,3,0,0.3333333333333333,9,0.25547521870474027,709,M174T472<br>M150T421<br>M212T522_b<br>M136T281<br>M137T295_2<br>M153T383<br>M203T478_a<br>M203T478_i<br>M203T478_j
Indoles and derivatives,0.007686648344669256,M132T463,2,0,2,0,0.2222222222222222,9,0.01866757455133962,645,M132T463<br>M159T463<br>M227T462<br>M257T427_b<br>M162T314_a<br>M118T463<br>M305T720<br>M219T79<br>M227T265
Keto acids and derivatives,1.474008555779286e-6,M177T729,13,0,13,0,0.5,26,5.568476766277302e-6,480.5,M177T729<br>M259T772_a<br>M259T772_b<br>M175T438_a<br>M175T438_b<br>M279T438<br>M186T686_g<br>M188T657<br>M180T557_a<br>M180T557_b<br>M180T514_a<br>M180T514_b<br>M180T514_c<br>M168T660_a<br>M168T660_b<br>M163T677_d<br>M163T677_e<br>M179T593_i<br>M179T593_j<br>M179T593_k<br>M143T540_a<br>M143T540_b<br>M279T631<br>M174T663<br>M163T557_c<br>M163T557_d
Organic phosphoric acids and derivatives,0.026545495268117447,M248T733_e,3,0,3,0,0.42857142857142855,7,0.050141491061999624,525,M248T733_e<br>M248T733_f<br>M213T825_b<br>M142T875<br>M204T686_a<br>M228T510<br>M174T669
Organonitrogen compounds,0.043626884019973826,M162T651_2,4,2,2,0.5,0.2857142857142857,14,0.0741657028339555,739.5,M162T651_2<br>M150T267<br>M302T233<br>M190T409<br>M127T418_a<br>M127T418_b<br>M84T560_a<br>M84T560_b<br>M60T489_a<br>M60T489_b<br>M145T594<br>M106T560<br>M184T910<br>M145T463
Organooxygen compounds,1.2768908187321557e-74,M827T388,177,6,171,0.03389830508474576,0.44139650872817954,401,4.341428783689329e-73,551,M827T388<br>M283T610_a<br>M283T610_b<br>M283T610_c<br>M206T549<br>M1008T845<br>M244T463_a<br>M244T463_b<br>M322T497<br>M343T717_a<br>M343T717_b<br>M343T717_c<br>M343T717_d<br>M343T717_e<br>M343T717_f<br>M343T717_g<br>M343T717_h<br>M343T717_i<br>M343T717_j<br>M343T717_k<br>M343T717_l<br>M343T717_m<br>M651T817<br>M198T542_a<br>M198T542_b<br>M198T542_c<br>M198T542_d<br>M198T542_e<br>M198T542_f<br>M198T542_g<br>M198T542_h<br>M198T542_i<br>M198T542_j<br>M240T410_b<br>M708T921<br>M248T733_a<br>M248T733_b<br>M248T733_c<br>M248T733_d<br>M248T733_g<br>M248T733_h<br>M568T812_a<br>M568T812_b<br>M220T495<br>M247T477_a<br>M365T544<br>M505T845<br>M335T811_a<br>M335T811_b<br>M335T811_c<br>M360T727_a<br>M360T727_b<br>M360T727_c<br>M360T727_d<br>M360T727_e<br>M360T727_f<br>M360T727_g<br>M360T727_h<br>M360T727_i<br>M360T727_j<br>M360T727_k<br>M360T727_l<br>M288T462_b<br>M667T930<br>M527T866_a<br>M527T866_b<br>M527T866_c<br>M527T866_d<br>M527T866_e<br>M527T866_f<br>M527T866_g<br>M527T866_h<br>M527T866_i<br>M527T866_j<br>M259T772_c<br>M259T772_d<br>M259T772_e<br>M232T789_a<br>M232T789_b<br>M348T543<br>M563T845_a<br>M563T845_b<br>M563T845_c<br>M487T800_a<br>M487T800_b<br>M487T800_c<br>M487T800_d<br>M487T800_e<br>M487T800_f<br>M487T800_g<br>M487T800_h<br>M487T800_i<br>M692T790<br>M278T768_a<br>M278T768_b<br>M278T768_c<br>M278T768_d<br>M278T768_e<br>M278T768_f<br>M278T768_g<br>M278T768_h<br>M278T768_i<br>M563T867_a<br>M563T867_b<br>M563T867_c<br>M331T618<br>M725T928<br>M406T687_a<br>M406T687_b<br>M406T687_c<br>M323T680_a<br>M323T680_b<br>M323T680_c<br>M180T557_g<br>M218T770<br>M541T846<br>M242T773_a<br>M242T773_b<br>M342T929<br>M469T635<br>M205T543<br>M335T832<br>M269T461_c<br>M342T845<br>M407T871<br>M374T798<br>M365T829_a<br>M365T829_b<br>M365T829_c<br>M365T829_d<br>M365T829_e<br>M365T829_f<br>M365T829_g<br>M365T829_h<br>M365T829_i<br>M365T829_j<br>M365T829_k<br>M365T829_l<br>M365T829_m<br>M365T829_n<br>M365T829_o<br>M365T829_p<br>M268T727<br>M358T727_a<br>M358T727_b<br>M358T727_c<br>M337T712_a<br>M337T712_b<br>M374T694<br>M365T574<br>M392T798_a<br>M212T522_a<br>M338T305<br>M337T689_a<br>M337T689_b<br>M213T825_a<br>M829T972<br>M379T564_a<br>M379T564_b<br>M243T883_a<br>M243T883_b<br>M243T883_c<br>M243T883_d<br>M243T883_e<br>M243T883_f<br>M243T883_g<br>M243T883_h<br>M243T883_i<br>M243T883_j<br>M366T586_a<br>M366T586_b<br>M310T660<br>M204T769_a<br>M204T769_b<br>M204T769_c<br>M204T769_d<br>M465T826_a<br>M325T765_a<br>M325T765_b<br>M325T765_c<br>M325T765_d<br>M325T765_e<br>M325T765_f<br>M325T765_g<br>M325T765_h<br>M325T765_i<br>M325T765_j<br>M325T765_k<br>M325T765_l<br>M251T405<br>M380T855_a<br>M380T855_b<br>M349T831_c<br>M198T694<br>M542T794<br>M284T417_c<br>M284T417_d<br>M347T621<br>M445T849_a<br>M445T849_b<br>M445T849_c<br>M445T849_d<br>M445T849_e<br>M445T849_f<br>M223T680_a<br>M418T631_a<br>M418T631_b<br>M423T849_a<br>M423T849_b<br>M423T849_c<br>M423T849_d<br>M423T849_e<br>M423T849_f<br>M87T54<br>M365T629_a<br>M365T629_b<br>M365T629_c<br>M365T629_d<br>M365T629_e<br>M365T629_f<br>M365T629_g<br>M365T629_h<br>M365T629_i<br>M365T629_j<br>M365T629_k<br>M365T629_l<br>M364T812_d<br>M364T812_g<br>M365T798_a<br>M105T337<br>M385T846<br>M347T712<br>M245T680_a<br>M204T686_b<br>M204T686_c<br>M341T680_a<br>M341T680_b<br>M341T680_c<br>M363T676_a<br>M363T676_b<br>M363T676_c<br>M991T992<br>M266T459_b<br>M336T631_e<br>M336T631_h<br>M185T712<br>M384T805<br>M363T722_a<br>M363T722_b<br>M363T722_c<br>M325T676_a<br>M325T676_b<br>M325T676_c<br>M325T676_d<br>M325T676_e<br>M325T676_f<br>M325T676_g<br>M325T676_h<br>M325T676_i<br>M325T676_j<br>M325T676_k<br>M325T676_l<br>M325T676_m<br>M247T655_a<br>M247T655_b<br>M198T677_a<br>M198T677_b<br>M198T677_c<br>M198T677_f<br>M198T677_g<br>M198T677_h<br>M198T677_i<br>M198T677_j<br>M198T677_k<br>M198T677_l<br>M198T677_m<br>M198T677_n<br>M198T677_o<br>M365T724_a<br>M365T724_b<br>M365T724_c<br>M365T724_d<br>M365T724_e<br>M365T724_f<br>M365T724_g<br>M365T724_h<br>M365T724_i<br>M365T724_j<br>M365T724_k<br>M365T724_l<br>M365T724_m<br>M365T724_n<br>M365T724_o<br>M365T724_p<br>M365T724_q<br>M365T724_r<br>M365T724_s<br>M273T864<br>M198T557_a<br>M198T557_b<br>M198T557_c<br>M198T557_d<br>M198T557_e<br>M198T557_f<br>M198T557_g<br>M198T557_h<br>M198T557_i<br>M198T557_j<br>M383T719_b<br>M383T719_c<br>M383T719_d<br>M245T669_a<br>M245T669_b<br>M130T468<br>M245T631_a<br>M245T631_b<br>M347T541<br>M428T769_e<br>M428T769_g<br>M527T778_a<br>M527T778_b<br>M527T778_c<br>M527T778_d<br>M527T778_e<br>M527T778_f<br>M527T778_g<br>M527T778_h<br>M527T778_i<br>M263T520<br>M243T740<br>M335T659<br>M365T850_a<br>M365T850_b<br>M365T850_c<br>M365T850_d<br>M365T850_e<br>M365T850_f<br>M365T850_g<br>M365T850_h<br>M365T850_i<br>M365T850_j<br>M365T850_k<br>M365T850_l<br>M365T850_m<br>M365T850_n<br>M365T850_o<br>M365T850_p<br>M365T850_q<br>M522T820_a<br>M522T820_b<br>M522T820_c<br>M522T820_d<br>M522T820_e<br>M522T820_f<br>M522T820_g<br>M522T820_h<br>M522T820_i<br>M522T820_j<br>M268T356<br>M442T564_1_a<br>M442T564_1_b<br>M179T593_c<br>M179T593_d<br>M179T593_e<br>M179T593_f<br>M179T593_g<br>M362T856<br>M112T503<br>M364T861_c<br>M364T861_d<br>M364T861_g<br>M112T481<br>M203T478_b<br>M203T478_c<br>M203T478_d<br>M203T478_e<br>M203T478_f<br>M203T478_g<br>M203T478_h<br>M406T713_a<br>M406T713_b<br>M367T724_a<br>M367T724_b<br>M367T724_c<br>M367T724_d<br>M367T724_e<br>M163T557_a<br>M163T557_b<br>M163T557_e<br>M163T557_f<br>M163T557_g<br>M163T557_h<br>M163T557_i<br>M335T634<br>M198T727_c<br>M208T553_a<br>M208T553_b<br>M375T566_b<br>M375T566_c<br>M188T725_a<br>M188T725_b
Phenols,6.739203076029497e-4,M184T441_a,4,0,4,0,0.4444444444444444,9,0.0017625608045000222,609,M184T441_a<br>M184T441_b<br>M184T441_c<br>M127T883<br>M268T591_b<br>M128T336_c<br>M128T336_d<br>M147T545<br>M127T282
Pteridines and derivatives,7.424402810922464e-5,M238T462,4,0,4,0,0.36363636363636365,11,2.2967461468435926e-4,715,M238T462<br>M240T410_a<br>M240T410_c<br>M472T674<br>M494T710<br>M336T631_a<br>M336T631_b<br>M336T631_f<br>M336T631_g<br>M336T631_i<br>M377T382
Purine nucleosides,6.122444217028391e-11,M269T388,14,1,13,0.07142857142857142,0.6086956521739131,23,5.204077584474132e-10,436,M269T388<br>M509T544_a<br>M509T544_b<br>M288T462_a<br>M282T237_a<br>M282T237_b<br>M333T784_1<br>M284T471<br>M358T376<br>M344T540_a<br>M344T540_b<br>M344T540_c<br>M344T540_d<br>M285T565<br>M268T301<br>M284T417_b<br>M252T250<br>M365T540_a<br>M365T540_b<br>M365T540_c<br>M266T459_a<br>M384T753<br>M282T599
Purine nucleotides,5.081965085696317e-8,M346T589,11,4,7,0.36363636363636365,0.3235294117647059,34,2.468383041623925e-7,632,M346T589<br>M466T875_a<br>M466T875_b<br>M466T875_c<br>M330T484<br>M606T877_a<br>M606T877_b<br>M392T798_b<br>M330T519<br>M315T561_a<br>M315T561_b<br>M349T831_d<br>M349T831_e<br>M348T802<br>M364T812_b<br>M364T812_f<br>M365T798_b<br>M572T748_a<br>M572T748_b<br>M662T793_a<br>M662T793_b<br>M662T793_c<br>M662T793_d<br>M332T781<br>M428T769_a<br>M428T769_b<br>M428T769_c<br>M428T769_d<br>M428T769_f<br>M428T769_h<br>M364T861_a<br>M364T861_f<br>M481T565<br>M560T783
Pyridines and derivatives,4.834235250121832e-4,M168T177,5,3,2,0.6,0.5555555555555556,9,0.0013696999875345193,467,M168T177<br>M185T694<br>M184T68<br>M124T389_2<br>M148T357_a<br>M128T336_b<br>M123T112<br>M124T510<br>M123T88
Pyrimidine nucleosides,0.031205633074333782,M244T432,3,0,3,0,0.6,5,0.05584165918564993,326,M244T432<br>M245T285<br>M228T370<br>M258T442_a<br>M258T442_b
Pyrimidine nucleotides,0.012067923352614418,M324T507,2,0,2,0,0.25,8,0.02564433712430564,607.5,M324T507<br>M306T588<br>M386T871<br>M489T825<br>M447T832<br>M608T803<br>M405T889<br>M405T803
Steroids and steroid derivatives,9.680536384272129e-9,M555T422,10,1,9,0.1,0.18518518518518517,54,5.485637284420873e-8,702.5,M555T422<br>M618T492_a<br>M618T492_b<br>M618T492_c<br>M618T492_d<br>M618T463_a<br>M618T463_b<br>M618T463_c<br>M618T463_d<br>M447T279<br>M486T356_a<br>M486T356_b<br>M486T356_c<br>M486T356_d<br>M486T356_e<br>M578T493_a<br>M578T493_b<br>M488T238_a<br>M488T238_b<br>M488T238_c<br>M638T423_a<br>M638T423_b<br>M516T323<br>M490T235_a<br>M490T235_b<br>M490T235_c<br>M538T327_a<br>M538T327_b<br>M475T272_a<br>M475T272_b<br>M475T272_c<br>M488T354_a<br>M488T354_b<br>M470T357_a<br>M470T357_b<br>M470T357_c<br>M473T275_a<br>M473T275_b<br>M473T275_c<br>M473T275_d<br>M473T275_e<br>M473T275_f<br>M473T275_g<br>M572T327_a<br>M572T327_b<br>M572T327_c<br>M572T327_d<br>M554T329_a<br>M554T329_b<br>M554T329_c<br>M554T329_d<br>M554T329_e<br>M516T337<br>M536T353
