compound_name,order,pvalue,foldchange,class
M162T651_2,1,1.277944593072081e-11,0.31272493026361625,Organonitrogen compounds
M145T558_a,2,8.86051925491568e-11,0.20731530410480892,Fatty Acyls
M145T558_b,3,8.86051925491568e-11,0.20731530410480892,Fatty Acyls
M145T558_c,4,8.86051925491568e-11,0.20731530410480892,Fatty Acyls
M145T558_d,5,8.86051925491568e-11,0.20731530410480892,Fatty Acyls
M145T558_e,6,8.86051925491568e-11,0.20731530410480892,Hydroxy acids and derivatives
M204T558_1,7,4.642043741872168e-9,0.15875959342441606,Fatty Acyls
M269T388,8,1.2878669156638427e-7,0.5174074245506337,Purine nucleosides
M827T388,9,1.794413996931182e-7,0.40557789171891745,Organooxygen compounds
M228T610,10,2.614576415490229e-7,0.3673914855176766,Carboxylic acids and derivatives
M146T696,11,3.3664953863326836e-7,0.32043856942033766,Fatty Acyls
M245T495,12,3.8783897110259256e-7,0.3916839169981145,Biotin and derivatives
M283T610_a,13,1.038205961943744e-6,0.3398649038993164,Organooxygen compounds
M283T610_b,14,1.038205961943744e-6,0.3398649038993164,Organooxygen compounds
M283T610_c,15,1.038205961943744e-6,0.3398649038993164,Organooxygen compounds
M216T729,16,1.390099579518872e-6,0.4296257647141094,Glycerophospholipids
M324T507,17,1.5648093415845492e-6,0.5207174911253631,Pyrimidine nucleotides
M269T538_a,18,6.098928685516012e-6,0.5117724455764632,Carboxylic acids and derivatives
M269T538_b,19,6.098928685516012e-6,0.5117724455764632,Carboxylic acids and derivatives
M269T538_c,20,6.098928685516012e-6,0.5117724455764632,Carboxylic acids and derivatives
M206T549,21,8.356035825571613e-6,0.2518740189557614,Organooxygen compounds
M215T526,22,9.174176985674567e-6,0.576214773714452,Carboxylic acids and derivatives
M244T676,23,9.693379749462355e-6,0.30081624079110275,Carboxylic acids and derivatives
M150T513,24,2.9963784849483514e-5,0.5918967414319192,Carboxylic acids and derivatives
M1008T845,25,3.646017732942862e-5,0.4285302476534858,Organooxygen compounds
M244T463_a,26,3.9726458483156e-5,0.4554483561631387,Organooxygen compounds
M244T463_b,27,3.9726458483156e-5,0.4554483561631387,Organooxygen compounds
M244T463_c,28,3.9726458483156e-5,0.4554483561631387,Pyrimidodiazepines
M245T64_a,29,3.992427672788949e-5,0.6032610971989765,Carboxylic acids and derivatives
M245T64_b,30,3.992427672788949e-5,0.6032610971989765,Carboxylic acids and derivatives
M238T462,31,4.91510331726323e-5,0.2952851739348322,Pteridines and derivatives
M322T497,32,5.19438616474768e-5,0.48067864543477296,Organooxygen compounds
M343T717_a,33,5.535513748944874e-5,0.56433051607874,Organooxygen compounds
M343T717_b,34,5.535513748944874e-5,0.56433051607874,Organooxygen compounds
M343T717_c,35,5.535513748944874e-5,0.56433051607874,Organooxygen compounds
M343T717_d,36,5.535513748944874e-5,0.56433051607874,Organooxygen compounds
M343T717_e,37,5.535513748944874e-5,0.56433051607874,Organooxygen compounds
M343T717_f,38,5.535513748944874e-5,0.56433051607874,Organooxygen compounds
M343T717_g,39,5.535513748944874e-5,0.56433051607874,Organooxygen compounds
M343T717_h,40,5.535513748944874e-5,0.56433051607874,Organooxygen compounds
M343T717_i,41,5.535513748944874e-5,0.56433051607874,Organooxygen compounds
M343T717_j,42,5.535513748944874e-5,0.56433051607874,Organooxygen compounds
M343T717_k,43,5.535513748944874e-5,0.56433051607874,Organooxygen compounds
M343T717_l,44,5.535513748944874e-5,0.56433051607874,Organooxygen compounds
M343T717_m,45,5.535513748944874e-5,0.56433051607874,Organooxygen compounds
M651T817,46,5.847640224531e-5,0.41250738765922534,Organooxygen compounds
M198T542_a,47,6.962659549373196e-5,0.508561834510795,Organooxygen compounds
M198T542_b,48,6.962659549373196e-5,0.508561834510795,Organooxygen compounds
M198T542_c,49,6.962659549373196e-5,0.508561834510795,Organooxygen compounds
M198T542_d,50,6.962659549373196e-5,0.508561834510795,Organooxygen compounds
M198T542_e,51,6.962659549373196e-5,0.508561834510795,Organooxygen compounds
M198T542_f,52,6.962659549373196e-5,0.508561834510795,Organooxygen compounds
M198T542_g,53,6.962659549373196e-5,0.508561834510795,Organooxygen compounds
M198T542_h,54,6.962659549373196e-5,0.508561834510795,Organooxygen compounds
M198T542_i,55,6.962659549373196e-5,0.508561834510795,Organooxygen compounds
M198T542_j,56,6.962659549373196e-5,0.508561834510795,Organooxygen compounds
M240T410_a,57,7.180624276539256e-5,0.34586224991847303,Pteridines and derivatives
M240T410_b,58,7.180624276539256e-5,0.34586224991847303,Organooxygen compounds
M240T410_c,59,7.180624276539256e-5,0.34586224991847303,Pteridines and derivatives
M318T322,60,9.314238910474912e-5,0.40325997178065454,Carboxylic acids and derivatives
M789T254,61,1.1245576387878951e-4,4.424089429428639,Glycerophospholipids
M708T921,62,1.1264396722041364e-4,0.44804869673947356,Organooxygen compounds
M190T691,63,1.1266379962826938e-4,0.42624200166233445,Carboxylic acids and derivatives
M260T659_a,64,1.1951630404959714e-4,0.5220983242310318,Carboxylic acids and derivatives
M260T659_b,65,1.1951630404959714e-4,0.5220983242310318,Carboxylic acids and derivatives
M220T729,66,1.2740485796049948e-4,0.5938874759114189,Carboxylic acids and derivatives
M248T733_a,67,1.2741576307345823e-4,0.549274048384308,Organooxygen compounds
M248T733_b,68,1.2741576307345823e-4,0.549274048384308,Organooxygen compounds
M248T733_c,69,1.2741576307345823e-4,0.549274048384308,Organooxygen compounds
M248T733_d,70,1.2741576307345823e-4,0.549274048384308,Organooxygen compounds
M248T733_e,71,1.2741576307345823e-4,0.549274048384308,Organic phosphoric acids and derivatives
M248T733_f,72,1.2741576307345823e-4,0.549274048384308,Organic phosphoric acids and derivatives
M248T733_g,73,1.2741576307345823e-4,0.549274048384308,Organooxygen compounds
M248T733_h,74,1.2741576307345823e-4,0.549274048384308,Organooxygen compounds
M248T733_i,75,1.2741576307345823e-4,0.549274048384308,Benzene and substituted derivatives
M248T733_j,76,1.2741576307345823e-4,0.549274048384308,Carboxylic acids and derivatives
M199T695,77,1.2824736413357695e-4,0.5672400674597368,Carboxylic acids and derivatives
M568T812_a,78,1.3360485179325207e-4,0.5808703399588291,Organooxygen compounds
M568T812_b,79,1.3360485179325207e-4,0.5808703399588291,Organooxygen compounds
M177T729,80,1.464467918374501e-4,0.6000904866701181,Keto acids and derivatives
M230T597,81,1.5039812287993942e-4,0.28658638927833774,Carboxylic acids and derivatives
M257T680,82,1.5093011604498722e-4,0.6009980180265654,Carboxylic acids and derivatives
M490T589,83,1.5188605582755797e-4,0.6239381691667577,Carboxylic acids and derivatives
M220T495,84,1.5389416674418371e-4,0.6102055472847933,Organooxygen compounds
M148T514,85,1.5764545816227842e-4,0.5914938060966238,Benzene and substituted derivatives
M306T588,86,1.6764853504564457e-4,0.6116262599840896,Pyrimidine nucleotides
M174T472,87,1.8616216618247997e-4,0.6105749027040102,Imidazopyrimidines
M247T477_a,88,2.024924124354988e-4,0.6255857753089573,Organooxygen compounds
M247T477_b,89,2.024924124354988e-4,0.6255857753089573,Carboxylic acids and derivatives
M247T477_c,90,2.024924124354988e-4,0.6255857753089573,Benzene and substituted derivatives
M365T544,91,2.1783920697634532e-4,0.6051920615672955,Organooxygen compounds
M230T681,92,2.2163302895312275e-4,0.5638334175965871,Carboxylic acids and derivatives
M283T470,93,2.3276998433491197e-4,0.5569038879787404,Carboxylic acids and derivatives
M173T638_a,94,2.8301172645181375e-4,0.4973037865332044,Glycerophospholipids
M173T638_b,95,2.8301172645181375e-4,0.4973037865332044,Glycerophospholipids
M173T638_c,96,2.8301172645181375e-4,0.4973037865332044,Glycerophospholipids
M173T638_d,97,2.8301172645181375e-4,0.4973037865332044,Glycerophospholipids
M505T845,98,2.8497864978772023e-4,0.5102273966202251,Organooxygen compounds
M165T597,99,2.907822689120956e-4,0.37681121112482874,Carboxylic acids and derivatives
M258T718_1,100,3.5326719509976186e-4,0.6036166519875115,Glycerophospholipids
M335T811_a,101,3.7928928310152144e-4,0.5893198141999315,Organooxygen compounds
M335T811_b,102,3.7928928310152144e-4,0.5893198141999315,Organooxygen compounds
M335T811_c,103,3.7928928310152144e-4,0.5893198141999315,Organooxygen compounds
M509T544_a,104,3.909586827550438e-4,0.8011079483950491,Purine nucleosides
M509T544_b,105,3.909586827550438e-4,0.8011079483950491,Purine nucleosides
M360T727_a,106,4.1998976581879397e-4,0.5281724909155193,Organooxygen compounds
M360T727_b,107,4.1998976581879397e-4,0.5281724909155193,Organooxygen compounds
M360T727_c,108,4.1998976581879397e-4,0.5281724909155193,Organooxygen compounds
M360T727_d,109,4.1998976581879397e-4,0.5281724909155193,Organooxygen compounds
M360T727_e,110,4.1998976581879397e-4,0.5281724909155193,Organooxygen compounds
M360T727_f,111,4.1998976581879397e-4,0.5281724909155193,Organooxygen compounds
M360T727_g,112,4.1998976581879397e-4,0.5281724909155193,Organooxygen compounds
M360T727_h,113,4.1998976581879397e-4,0.5281724909155193,Organooxygen compounds
M360T727_i,114,4.1998976581879397e-4,0.5281724909155193,Organooxygen compounds
M360T727_j,115,4.1998976581879397e-4,0.5281724909155193,Organooxygen compounds
M360T727_k,116,4.1998976581879397e-4,0.5281724909155193,Organooxygen compounds
M360T727_l,117,4.1998976581879397e-4,0.5281724909155193,Organooxygen compounds
M288T462_a,118,4.3483053191213785e-4,0.6107796568533708,Purine nucleosides
M288T462_b,119,4.3483053191213785e-4,0.6107796568533708,Organooxygen compounds
M667T930,120,4.4553317631726636e-4,0.39970114415106617,Organooxygen compounds
M527T866_a,121,4.58977818184921e-4,0.5494492551962333,Organooxygen compounds
M527T866_b,122,4.58977818184921e-4,0.5494492551962333,Organooxygen compounds
M527T866_c,123,4.58977818184921e-4,0.5494492551962333,Organooxygen compounds
M527T866_d,124,4.58977818184921e-4,0.5494492551962333,Organooxygen compounds
M527T866_e,125,4.58977818184921e-4,0.5494492551962333,Organooxygen compounds
M527T866_f,126,4.58977818184921e-4,0.5494492551962333,Organooxygen compounds
M527T866_g,127,4.58977818184921e-4,0.5494492551962333,Organooxygen compounds
M527T866_h,128,4.58977818184921e-4,0.5494492551962333,Organooxygen compounds
M527T866_i,129,4.58977818184921e-4,0.5494492551962333,Organooxygen compounds
M527T866_j,130,4.58977818184921e-4,0.5494492551962333,Organooxygen compounds
M259T772_a,131,5.014454580801866e-4,0.4385688226945831,Keto acids and derivatives
M259T772_b,132,5.014454580801866e-4,0.4385688226945831,Keto acids and derivatives
M259T772_c,133,5.014454580801866e-4,0.4385688226945831,Organooxygen compounds
M259T772_d,134,5.014454580801866e-4,0.4385688226945831,Organooxygen compounds
M259T772_e,135,5.014454580801866e-4,0.4385688226945831,Organooxygen compounds
M348T759,136,5.017503412517931e-4,0.6197894388744053,Ribonucleoside 3'-phosphates
M555T422,137,5.053414885585231e-4,0.24143647957803374,Steroids and steroid derivatives
M232T789_a,138,5.533747875133936e-4,0.6157201376238864,Organooxygen compounds
M232T789_b,139,5.533747875133936e-4,0.6157201376238864,Organooxygen compounds
M428T300,140,5.573215518076596e-4,0.1609406806524527,Fatty Acyls
M288T733,141,5.826559268699529e-4,0.6173256946868136,Carboxylic acids and derivatives
M171T299,142,5.924035246219911e-4,4.4072025080525465,Cinnamic acids and derivatives
M176T727,143,5.94905179970444e-4,1.9522510947010367,Carboxylic acids and derivatives
M289T727_a,144,6.186927000161146e-4,0.5623649109734312,Fatty Acyls
M289T727_b,145,6.186927000161146e-4,0.5623649109734312,Fatty Acyls
M289T727_c,146,6.186927000161146e-4,0.5623649109734312,Fatty Acyls
M168T177,147,6.706379820556228e-4,0.6736925574390031,Pyridines and derivatives
M192T676,148,6.983866502491888e-4,0.23112001588498787,Carboxylic acids and derivatives
M140T724,149,7.012322187379067e-4,1.6632812980166025,Carboxylic acids and derivatives
M180T728_a,150,7.259513501245627e-4,0.6194760864491854,Fatty Acyls
M180T728_b,151,7.259513501245627e-4,0.6194760864491854,Fatty Acyls
M180T728_c,152,7.259513501245627e-4,0.6194760864491854,Fatty Acyls
M180T728_d,153,7.259513501245627e-4,0.6194760864491854,Fatty Acyls
M185T694,154,7.321413471712586e-4,2.0333870108844962,Pyridines and derivatives
M143T592,155,8.865679634348589e-4,1.8101664141871667,Carboxylic acids and derivatives
M257T635,156,9.121404701227884e-4,0.6001307044636985,Carboxylic acids and derivatives
M348T543,157,0.0010336056342197919,0.7014471731330968,Organooxygen compounds
M757T828,158,0.001034333455318024,0.43367107218633333,(5'->5')-dinucleotides
M175T438_a,159,0.0010388461163600125,0.5274466609641978,Keto acids and derivatives
M175T438_b,160,0.0010388461163600125,0.5274466609641978,Keto acids and derivatives
M563T845_a,161,0.0010785195355412327,0.5392242515837008,Organooxygen compounds
M563T845_b,162,0.0010785195355412327,0.5392242515837008,Organooxygen compounds
M563T845_c,163,0.0010785195355412327,0.5392242515837008,Organooxygen compounds
M244T432,164,0.0010793688661871726,0.6042508443934836,Pyrimidine nucleosides
M344T843,165,0.0012012219966605019,0.6242707320227957,Peptidomimetics
M219T483_a,166,0.0012818994857483519,0.43950837150155936,Carboxylic acids and derivatives
M219T483_b,167,0.0012818994857483519,0.43950837150155936,Carboxylic acids and derivatives
M219T483_c,168,0.0012818994857483519,0.43950837150155936,Carboxylic acids and derivatives
M233T819_a,169,0.0012829183168289536,0.6096697019868436,Carboxylic acids and derivatives
M233T819_b,170,0.0012829183168289536,0.6096697019868436,Carboxylic acids and derivatives
M233T819_c,171,0.0012829183168289536,0.6096697019868436,Carboxylic acids and derivatives
M175T687_a,172,0.001318754458121065,2.0259485922140916,Carboxylic acids and derivatives
M175T687_b,173,0.001318754458121065,2.0259485922140916,Carboxylic acids and derivatives
M305T672,174,0.0013427661559142522,2.133522825189337,Carboxylic acids and derivatives
M487T800_a,175,0.0013536814414366204,0.5471763022458219,Organooxygen compounds
M487T800_b,176,0.0013536814414366204,0.5471763022458219,Organooxygen compounds
M487T800_c,177,0.0013536814414366204,0.5471763022458219,Organooxygen compounds
M487T800_d,178,0.0013536814414366204,0.5471763022458219,Organooxygen compounds
M487T800_e,179,0.0013536814414366204,0.5471763022458219,Organooxygen compounds
M487T800_f,180,0.0013536814414366204,0.5471763022458219,Organooxygen compounds
M487T800_g,181,0.0013536814414366204,0.5471763022458219,Organooxygen compounds
M487T800_h,182,0.0013536814414366204,0.5471763022458219,Organooxygen compounds
M487T800_i,183,0.0013536814414366204,0.5471763022458219,Organooxygen compounds
M294T472,184,0.001353988947923284,0.5197185958405437,Carboxylic acids and derivatives
M302T432,185,0.0013547921189938652,0.7564687719114584,Carboxylic acids and derivatives
M212T593,186,0.0013669907580373618,0.7420595483570013,Carboxylic acids and derivatives
M338T789,187,0.0014441166510332781,0.4674371124512796,Carboxylic acids and derivatives
M279T438,188,0.0014505309950292556,0.43099288883167985,Keto acids and derivatives
M692T790,189,0.0015584706102029775,0.5050796250752964,Organooxygen compounds
M490T732,190,0.001568453826276369,0.6412907718428057,Carboxylic acids and derivatives
M278T768_a,191,0.0016113946951164721,0.6233390021205134,Organooxygen compounds
M278T768_b,192,0.0016113946951164721,0.6233390021205134,Organooxygen compounds
M278T768_c,193,0.0016113946951164721,0.6233390021205134,Organooxygen compounds
M278T768_d,194,0.0016113946951164721,0.6233390021205134,Organooxygen compounds
M278T768_e,195,0.0016113946951164721,0.6233390021205134,Organooxygen compounds
M278T768_f,196,0.0016113946951164721,0.6233390021205134,Organooxygen compounds
M278T768_g,197,0.0016113946951164721,0.6233390021205134,Organooxygen compounds
M278T768_h,198,0.0016113946951164721,0.6233390021205134,Organooxygen compounds
M278T768_i,199,0.0016113946951164721,0.6233390021205134,Organooxygen compounds
M263T422,200,0.0016543878670743578,0.5836125737748628,Carboxylic acids and derivatives
M213T586_a,201,0.001737944791286603,2.7859226749387145,Carboxylic acids and derivatives
M213T586_b,202,0.001737944791286603,2.7859226749387145,Carboxylic acids and derivatives
M213T661_a,203,0.0017509699115577611,0.6165980740461363,Carboxylic acids and derivatives
M213T661_b,204,0.0017509699115577611,0.6165980740461363,Carboxylic acids and derivatives
M227T626,205,0.001800882640990419,0.6016729478112197,Carboxylic acids and derivatives
M307T596,206,0.0018137784930439369,1.956072486882209,Fatty Acyls
M233T723_a,207,0.00189439221400708,0.12517240098397003,Carboxylic acids and derivatives
M233T723_b,208,0.00189439221400708,0.12517240098397003,Carboxylic acids and derivatives
M233T723_c,209,0.00189439221400708,0.12517240098397003,Carboxylic acids and derivatives
M233T723_d,210,0.00189439221400708,0.12517240098397003,Carboxylic acids and derivatives
M132T475_a,211,0.0019058502399618381,0.7054645175583859,Carboxylic acids and derivatives
M132T475_b,212,0.0019058502399618381,0.7054645175583859,Carboxylic acids and derivatives
M132T475_c,213,0.0019058502399618381,0.7054645175583859,Carboxylic acids and derivatives
M176T557_a,214,0.0019236885537885849,2.377642446543802,Benzene and substituted derivatives
M176T557_b,215,0.0019236885537885849,2.377642446543802,Benzene and substituted derivatives
M563T867_a,216,0.0019439260098267522,0.6240956849281516,Organooxygen compounds
M563T867_b,217,0.0019439260098267522,0.6240956849281516,Organooxygen compounds
M563T867_c,218,0.0019439260098267522,0.6240956849281516,Organooxygen compounds
M128T392,219,0.002127494464452317,0.6054956164847715,Azoles
M186T686_a,220,0.002162268780852873,0.6556184305008533,Carboxylic acids and derivatives
M186T686_b,221,0.002162268780852873,0.6556184305008533,Carboxylic acids and derivatives
M186T686_c,222,0.002162268780852873,0.6556184305008533,Fatty Acyls
M186T686_d,223,0.002162268780852873,0.6556184305008533,Carboxylic acids and derivatives
M186T686_e,224,0.002162268780852873,0.6556184305008533,Carboxylic acids and derivatives
M186T686_f,225,0.002162268780852873,0.6556184305008533,Carboxylic acids and derivatives
M186T686_g,226,0.002162268780852873,0.6556184305008533,Keto acids and derivatives
M400T306,227,0.0021943331962460183,0.037086807585217076,Fatty Acyls
M331T618,228,0.0022394447061945696,0.5517016109728882,Organooxygen compounds
M725T928,229,0.002265584469525427,0.487384484623933,Organooxygen compounds
M184T68,230,0.0024116500545078635,0.62384366585989115,Pyridines and derivatives
M444T721,231,0.002455749361470343,0.5978203168274066,Carboxylic acids and derivatives
M468T343,232,0.0025410345318286885,2.335191079921081,Glycerophospholipids
M406T687_a,233,0.002807146973269901,0.7192518023138084,Organooxygen compounds
M406T687_b,234,0.002807146973269901,0.7192518023138084,Organooxygen compounds
M406T687_c,235,0.002807146973269901,0.7192518023138084,Organooxygen compounds
M139T521,236,0.002814683261446752,0.5339522050632285,Azoles
M188T657,237,0.0028206635264108734,0.5054445006639717,Keto acids and derivatives
M262T812,238,0.0028254231909558385,0.5359242878814328,Carboxylic acids and derivatives
M232T686,239,0.002983713540824363,2.3274693973917353,Carboxylic acids and derivatives
M618T492_a,240,0.003239977767152259,0.0011838386700102567,Steroids and steroid derivatives
M618T492_b,241,0.003239977767152259,0.0011838386700102567,Steroids and steroid derivatives
M618T492_c,242,0.003239977767152259,0.0011838386700102567,Steroids and steroid derivatives
M618T492_d,243,0.003239977767152259,0.0011838386700102567,Steroids and steroid derivatives
M323T680_a,244,0.003335173354317128,0.661210927524752,Organooxygen compounds
M323T680_b,245,0.003335173354317128,0.661210927524752,Organooxygen compounds
M323T680_c,246,0.003335173354317128,0.661210927524752,Organooxygen compounds
M180T557_a,247,0.003490076447640539,0.6452826246432058,Keto acids and derivatives
M180T557_b,248,0.003490076447640539,0.6452826246432058,Keto acids and derivatives
M180T557_c,249,0.003490076447640539,0.6452826246432058,Fatty Acyls
M180T557_d,250,0.003490076447640539,0.6452826246432058,Lactones
M180T557_e,251,0.003490076447640539,0.6452826246432058,Fatty Acyls
M180T557_f,252,0.003490076447640539,0.6452826246432058,Fatty Acyls
M180T557_g,253,0.003490076447640539,0.6452826246432058,Organooxygen compounds
M180T557_h,254,0.003490076447640539,0.6452826246432058,Fatty Acyls
M218T770,255,0.0035438099116001766,0.33654768611649066,Organooxygen compounds
M166T675_2,256,0.0036755093506032803,0.6738081659096331,Carboxylic acids and derivatives
M541T846,257,0.004209105563733514,0.6629280981360757,Organooxygen compounds
M256T744_a,258,0.004245433904039106,0.17835313130272773,Carboxylic acids and derivatives
M256T744_b,259,0.004245433904039106,0.17835313130272773,Carboxylic acids and derivatives
M242T773_a,260,0.004281878919432809,0.5527859026877642,Organooxygen compounds
M242T773_b,261,0.004281878919432809,0.5527859026877642,Organooxygen compounds
M256T722_a,262,0.004426994903777052,0.2085561699724397,Carboxylic acids and derivatives
M256T722_b,263,0.004426994903777052,0.2085561699724397,Carboxylic acids and derivatives
M259T564,264,0.0046033410887574705,2.4291282878036693,Carboxylic acids and derivatives
M282T237_a,265,0.004653595847481572,0.5808836749016276,Purine nucleosides
M282T237_b,266,0.004653595847481572,0.5808836749016276,Purine nucleosides
M342T929,267,0.00471746645072658,0.5262222783227904,Organooxygen compounds
M187T620,268,0.004992528450805761,0.7035317747240383,Carboxylic acids and derivatives
M198T623_a,269,0.005062134573195666,2.745028947647015,Carboxylic acids and derivatives
M198T623_b,270,0.005062134573195666,2.745028947647015,Carboxylic acids and derivatives
M198T623_c,271,0.005062134573195666,2.745028947647015,Carboxylic acids and derivatives
M367T714,272,0.005106547094092166,1.6585652982449879,Fatty Acyls
M469T635,273,0.005324659895697153,0.5614028591273366,Organooxygen compounds
M361T280,274,0.005343983970843774,0.35748725553838545,Sterigmatocystins
M205T543,275,0.005448298219822482,2.1739193303746562,Organooxygen compounds
M262T540_a,276,0.005551277107637229,2.7203631949199547,Carboxylic acids and derivatives
M262T540_b,277,0.005551277107637229,2.7203631949199547,Carboxylic acids and derivatives
M333T784_1,278,0.005591467039133456,0.6569498921634814,Purine nucleosides
M205T533_2,279,0.005662162515946341,2.341351249437392,Carboxylic acids and derivatives
M254T697,280,0.005706996754847825,0.28579803186485936,Cinnamic acids and derivatives
M243T562,281,0.005781015257015192,1.748719442256726,Carboxylic acids and derivatives
M335T832,282,0.005907116443891858,1.3712820386023337,Organooxygen compounds
M269T461_a,283,0.006231299990900288,0.6895134026908653,Carboxylic acids and derivatives
M269T461_b,284,0.006231299990900288,0.6895134026908653,Benzene and substituted derivatives
M269T461_c,285,0.006231299990900288,0.6895134026908653,Organooxygen compounds
M216T557,286,0.006318114673495665,2.5633430066853125,Carboxylic acids and derivatives
M197T661_a,287,0.006594014347547627,2.588903347617159,Carboxylic acids and derivatives
M197T661_b,288,0.006594014347547627,2.588903347617159,Carboxylic acids and derivatives
M166T791_a,289,0.006650524395143556,0.6539708300298945,Carboxylic acids and derivatives
M166T791_b,290,0.006650524395143556,0.6539708300298945,Carboxylic acids and derivatives
M166T791_c,291,0.006650524395143556,0.6539708300298945,Carboxylic acids and derivatives
M233T449,292,0.006774686667050431,0.47589808075859663,Carboxylic acids and derivatives
M342T845,293,0.006910932673960077,0.7442537875956685,Organooxygen compounds
M245T327_a,294,0.007102632499071331,0.44839707353587377,Carboxylic acids and derivatives
M245T327_b,295,0.007102632499071331,0.44839707353587377,Carboxylic acids and derivatives
M245T327_c,296,0.007102632499071331,0.44839707353587377,Carboxylic acids and derivatives
M245T327_d,297,0.007102632499071331,0.44839707353587377,Carboxylic acids and derivatives
M284T471,298,0.007254608526192345,0.712154982616576,Purine nucleosides
M155T336,299,0.007354833922789498,2.357034313135082,Benzene and substituted derivatives
M346T589,300,0.007917235116811808,0.41861586594460204,Purine nucleotides
M265T325,301,0.008279801432709025,0.4306195424013989,Carboxylic acids and derivatives
M245T285,302,0.008315571595978392,0.5917629562717577,Pyrimidine nucleosides
M407T871,303,0.009591092003715527,0.30762043384690346,Organooxygen compounds
M290T661,304,0.009837609199575888,0.08464482186816036,Cinnamic acids and derivatives
M374T798,305,0.009961968862959828,0.1734098136193904,Organooxygen compounds
M365T829_a,306,0.01042937123923386,0.7449710254997088,Organooxygen compounds
M365T829_b,307,0.01042937123923386,0.7449710254997088,Organooxygen compounds
M365T829_c,308,0.01042937123923386,0.7449710254997088,Organooxygen compounds
M365T829_d,309,0.01042937123923386,0.7449710254997088,Organooxygen compounds
M365T829_e,310,0.01042937123923386,0.7449710254997088,Organooxygen compounds
M365T829_f,311,0.01042937123923386,0.7449710254997088,Organooxygen compounds
M365T829_g,312,0.01042937123923386,0.7449710254997088,Organooxygen compounds
M365T829_h,313,0.01042937123923386,0.7449710254997088,Organooxygen compounds
M365T829_i,314,0.01042937123923386,0.7449710254997088,Organooxygen compounds
M365T829_j,315,0.01042937123923386,0.7449710254997088,Organooxygen compounds
M365T829_k,316,0.01042937123923386,0.7449710254997088,Organooxygen compounds
M365T829_l,317,0.01042937123923386,0.7449710254997088,Organooxygen compounds
M365T829_m,318,0.01042937123923386,0.7449710254997088,Organooxygen compounds
M365T829_n,319,0.01042937123923386,0.7449710254997088,Organooxygen compounds
M365T829_o,320,0.01042937123923386,0.7449710254997088,Organooxygen compounds
M365T829_p,321,0.01042937123923386,0.7449710254997088,Organooxygen compounds
M618T463_a,322,0.010485317994901499,0.048929488191999417,Steroids and steroid derivatives
M618T463_b,323,0.010485317994901499,0.048929488191999417,Steroids and steroid derivatives
M618T463_c,324,0.010485317994901499,0.048929488191999417,Steroids and steroid derivatives
M618T463_d,325,0.010485317994901499,0.048929488191999417,Steroids and steroid derivatives
M228T370,326,0.01117433367684238,0.4783488758750035,Pyrimidine nucleosides
M472T674,327,0.011469491330336683,0.715285376397517,Pteridines and derivatives
M150T421,328,0.012600083979682512,0.735776317349896,Imidazopyrimidines
M268T727,329,0.012686633049159462,0.17015190779912417,Organooxygen compounds
M132T463,330,0.012768705844910204,0.7555915542204731,Indoles and derivatives
M276T760_a,331,0.01324466446833051,0.7012088529676404,Carboxylic acids and derivatives
M276T760_b,332,0.01324466446833051,0.7012088529676404,Carboxylic acids and derivatives
M248T813,333,0.013500707028493986,0.6112685762416938,Carboxylic acids and derivatives
M787T82,334,0.014069415902513578,1.842924205766767,Glycerophospholipids
M719T261,335,0.014286313607537869,1.6699702222667125,Glycerophospholipids
M184T441_a,336,0.014468077350013622,0.6922754927935989,Phenols
M184T441_b,337,0.014468077350013622,0.6922754927935989,Phenols
M184T441_c,338,0.014468077350013622,0.6922754927935989,Phenols
M466T875_a,339,0.014570034521330528,1.890269600218735,Purine nucleotides
M466T875_b,340,0.014570034521330528,1.890269600218735,Purine nucleotides
M466T875_c,341,0.014570034521330528,1.890269600218735,Purine nucleotides
M150T267,342,0.014806334261467992,0.7140517619730812,Organonitrogen compounds
M285T606_a,343,0.015203415071096316,0.7766438540030279,Carboxylic acids and derivatives
M285T606_b,344,0.015203415071096316,0.7766438540030279,Carboxylic acids and derivatives
M260T688_2_a,345,0.015241034849981861,0.6453781557913482,Carboxylic acids and derivatives
M260T688_2_b,346,0.015241034849981861,0.6453781557913482,Carboxylic acids and derivatives
M302T233,347,0.01524267705861914,1.5449129603385074,Organonitrogen compounds
M146T655_2,348,0.01551963980456091,1.2902092934886298,Carboxylic acids and derivatives
M358T727_a,349,0.015742732900440436,0.6307189021654839,Organooxygen compounds
M358T727_b,350,0.015742732900440436,0.6307189021654839,Organooxygen compounds
M358T727_c,351,0.015742732900440436,0.6307189021654839,Organooxygen compounds
M248T769,352,0.016368685308137673,0.38624553748341756,Carboxylic acids and derivatives
M188T561_a,353,0.016708644285347872,0.7567779772328623,Carboxylic acids and derivatives
M188T561_b,354,0.016708644285347872,0.7567779772328623,Carboxylic acids and derivatives
M258T763,355,0.016908265519985997,0.28817528647408486,Carboxylic acids and derivatives
M221T717,356,0.01700788669274504,0.7831630787854373,Carboxylic acids and derivatives
M251T722,357,0.017382130064590388,0.5802040344676427,Carboxylic acids and derivatives
M176T724,358,0.017814440826425054,0.6393171068018345,Carboxylic acids and derivatives
M210T352_a,359,0.018298887757759858,1.6939483065605223,Benzene and substituted derivatives
M210T352_b,360,0.018298887757759858,1.6939483065605223,Benzene and substituted derivatives
M330T484,361,0.01832262275560167,0.1741881545120129,Purine nucleotides
M267T380,362,0.018485350749145806,0.5581535286612872,Carboxylic acids and derivatives
M245T771,363,0.019100709786177644,0.7113453147735911,Carboxylic acids and derivatives
M277T765,364,0.019337093767200397,2.094445809508699,Glycerolipids
M447T279,365,0.019353016797068488,2.019407852884961,Steroids and steroid derivatives
M212T534,366,0.019387618452718622,1.501308400193932,Carboxylic acids and derivatives
M358T376,367,0.019651196988467654,1.5758994912295885,Purine nucleosides
M237T417_a,368,0.020043884112403893,0.6493638833329992,Carboxylic acids and derivatives
M237T417_b,369,0.020043884112403893,0.6493638833329992,Carboxylic acids and derivatives
M337T712_a,370,0.0209855826115157,0.683213797039057,Organooxygen compounds
M337T712_b,371,0.0209855826115157,0.683213797039057,Organooxygen compounds
M337T712_c,372,0.0209855826115157,0.683213797039057,Glycerolipids
M277T78,373,0.021124052205401672,0.6996574143924348,Fatty Acyls
M220T763,374,0.021294533254024067,0.4599384873620406,Carboxylic acids and derivatives
M374T694,375,0.02226288365880563,0.6671328955106228,Organooxygen compounds
M159T463,376,0.022351910185244232,0.7807052247531899,Indoles and derivatives
M606T877_a,377,0.02240582495545723,0.685323623592482,Purine nucleotides
M606T877_b,378,0.02240582495545723,0.685323623592482,Purine nucleotides
M365T574,379,0.022793278154656753,0.7394946300124754,Organooxygen compounds
M243T742,380,0.02297706495099523,0.33918369232282963,Carboxylic acids and derivatives
M246T738,381,0.024081472502844422,0.6233276198144428,Carboxylic acids and derivatives
M124T389_2,382,0.024877653343986568,1.3936016445806723,Pyridines and derivatives
M231T782,383,0.025285134250207352,0.7319607360530747,Carboxylic acids and derivatives
M213T800_a,384,0.025789863853878398,0.6489549098468436,Carboxylic acids and derivatives
M213T800_b,385,0.025789863853878398,0.6489549098468436,Carboxylic acids and derivatives
M293T597,386,0.02609316074379081,0.7753362820852989,Carboxylic acids and derivatives
M392T798_a,387,0.026171078353471242,1.4184271503558972,Organooxygen compounds
M392T798_b,388,0.026171078353471242,1.4184271503558972,Purine nucleotides
M146T409,389,0.026844724687694246,1.3670850107333623,Benzene and substituted derivatives
M190T325,390,0.027187411591356982,0.7502567275767451,Quinolines and derivatives
M212T522_a,391,0.02723261540364492,0.8249178279904487,Organooxygen compounds
M212T522_b,392,0.02723261540364492,0.8249178279904487,Imidazopyrimidines
M276T781,393,0.02740848244757429,0.6379075278319809,Carboxylic acids and derivatives
M254T722,394,0.027601722783891766,0.3456944515208023,Cinnamic acids and derivatives
M409T890,395,0.028065635034384494,0.6038866586120395,Carboxylic acids and derivatives
M215T791,396,0.02822187566411649,0.4201856721968843,Carboxylic acids and derivatives
M130T544,397,0.028468170344251517,1.441258476809047,Carboxylic acids and derivatives
M352T286,398,0.028551909089300838,0.6641713305411147,Carboxylic acids and derivatives
M330T519,399,0.030013135460834006,0.7998133861531511,Purine nucleotides
M274T702,400,0.030142650997891207,0.5165087079164772,Carboxylic acids and derivatives
M338T305,401,0.032238841603373175,1.5809007534576476,Organooxygen compounds
M315T561_a,402,0.032279690042116754,0.628559233860795,Purine nucleotides
M315T561_b,403,0.032279690042116754,0.628559233860795,Purine nucleotides
M284T679,404,0.03246784250482461,0.6818633051708115,Carboxylic acids and derivatives
M170T701,405,0.033065385712603604,0.6883580465798173,Carboxylic acids and derivatives
M337T689_a,406,0.03321288319138043,0.6729496004833093,Organooxygen compounds
M337T689_b,407,0.03321288319138043,0.6729496004833093,Organooxygen compounds
M337T689_c,408,0.03321288319138043,0.6729496004833093,Glycerolipids
M213T825_a,409,0.03324639332444857,0.5736403485422658,Organooxygen compounds
M213T825_b,410,0.03324639332444857,0.5736403485422658,Organic phosphoric acids and derivatives
M277T836,411,0.03333219944247355,0.526321766524285,Carboxylic acids and derivatives
M393T459,412,0.0343453495116085,1.4420337035946824,Carboxylic acids and derivatives
M829T972,413,0.03578201635037549,0.659225079936222,Organooxygen compounds
M203T657,414,0.03603782782587798,0.7492708428290243,Carboxylic acids and derivatives
M241T540_a,415,0.036052712719588244,0.7365452816559244,Carboxylic acids and derivatives
M241T540_b,416,0.036052712719588244,0.7365452816559244,Carboxylic acids and derivatives
M232T554_1_a,417,0.03652535006085536,0.7546072412870782,Carboxylic acids and derivatives
M232T554_1_b,418,0.03652535006085536,0.7546072412870782,Benzene and substituted derivatives
M132T497_a,419,0.03682133995813183,0.7774720002271649,Carboxylic acids and derivatives
M132T497_b,420,0.03682133995813183,0.7774720002271649,Carboxylic acids and derivatives
M379T564_a,421,0.03691039506343065,0.7717730411305423,Organooxygen compounds
M379T564_b,422,0.03691039506343065,0.7717730411305423,Organooxygen compounds
M243T883_a,423,0.037023334265343155,0.5238843218629723,Organooxygen compounds
M243T883_b,424,0.037023334265343155,0.5238843218629723,Organooxygen compounds
M243T883_c,425,0.037023334265343155,0.5238843218629723,Organooxygen compounds
M243T883_d,426,0.037023334265343155,0.5238843218629723,Organooxygen compounds
M243T883_e,427,0.037023334265343155,0.5238843218629723,Organooxygen compounds
M243T883_f,428,0.037023334265343155,0.5238843218629723,Organooxygen compounds
M243T883_g,429,0.037023334265343155,0.5238843218629723,Organooxygen compounds
M243T883_h,430,0.037023334265343155,0.5238843218629723,Organooxygen compounds
M243T883_i,431,0.037023334265343155,0.5238843218629723,Organooxygen compounds
M243T883_j,432,0.037023334265343155,0.5238843218629723,Organooxygen compounds
M395T393,433,0.03720905421508056,0.6695758387107886,Biotin and derivatives
M344T540_a,434,0.037668154517489505,0.7354498914221145,Purine nucleosides
M344T540_b,435,0.037668154517489505,0.7354498914221145,Purine nucleosides
M344T540_c,436,0.037668154517489505,0.7354498914221145,Purine nucleosides
M344T540_d,437,0.037668154517489505,0.7354498914221145,Purine nucleosides
M322T620,438,0.03801285369384843,0.5240098305270623,Carboxylic acids and derivatives
M180T514_a,439,0.03809943547950975,0.6691432420388665,Keto acids and derivatives
M180T514_b,440,0.03809943547950975,0.6691432420388665,Keto acids and derivatives
M180T514_c,441,0.03809943547950975,0.6691432420388665,Keto acids and derivatives
M190T409,442,0.03828648010973253,1.5181613231984556,Organonitrogen compounds
M366T586_a,443,0.03856102551677866,0.7017290249853181,Organooxygen compounds
M366T586_b,444,0.03856102551677866,0.7017290249853181,Organooxygen compounds
M231T355_a,445,0.03857797279776199,0.5708729455777919,Carboxylic acids and derivatives
M231T355_b,446,0.03857797279776199,0.5708729455777919,Carboxylic acids and derivatives
M310T660,447,0.038588138871363496,1.8652762925873878,Organooxygen compounds
M277T678,448,0.03912146017881901,0.7264337530188201,Carboxylic acids and derivatives
M204T769_a,449,0.04017989477604748,0.5310139285707802,Organooxygen compounds
M204T769_b,450,0.04017989477604748,0.5310139285707802,Organooxygen compounds
M204T769_c,451,0.04017989477604748,0.5310139285707802,Organooxygen compounds
M204T769_d,452,0.04017989477604748,0.5310139285707802,Organooxygen compounds
M400T291,453,0.04020145130227262,0.016328229540362775,Fatty Acyls
M285T565,454,0.04059210980340126,0.7311985833627266,Purine nucleosides
M127T883,455,0.0410034332874884,0.56571553249782,Phenols
M356T728,456,0.041020405173952855,0.6693192426740893,Carboxylic acids and derivatives
M248T791,457,0.04170178911506956,0.5146086877474145,Carboxylic acids and derivatives
M201T609_a,458,0.04213721634977355,0.2652633775289018,Carboxylic acids and derivatives
M201T609_b,459,0.04213721634977355,0.2652633775289018,Carboxylic acids and derivatives
M201T609_c,460,0.04213721634977355,0.2652633775289018,Carboxylic acids and derivatives
M201T609_d,461,0.04213721634977355,0.2652633775289018,Carboxylic acids and derivatives
M295T365_a,462,0.04392578626573616,0.6078887431973098,Carboxylic acids and derivatives
M295T365_b,463,0.04392578626573616,0.6078887431973098,Carboxylic acids and derivatives
M465T826_a,464,0.04612685208265261,1.57900330586158,Organooxygen compounds
M465T826_b,465,0.04612685208265261,1.57900330586158,5'-deoxyribonucleosides
M465T826_c,466,0.04612685208265261,1.57900330586158,5'-deoxyribonucleosides
M148T357_a,467,0.04660233503143249,1.848205740077848,Pyridines and derivatives
M148T357_b,468,0.04660233503143249,1.848205740077848,N-phenylhydroxylamines
M148T357_c,469,0.04660233503143249,1.848205740077848,N-phenylhydroxylamines
M220T791,470,0.046693033206774114,0.5595058132772877,Carboxylic acids and derivatives
M306T670,471,0.04684676732362768,0.6665683348022604,Carboxylic acids and derivatives
M214T736,472,0.04759223551226773,1.2966495020336248,Carboxylic acids and derivatives
M247T645_a,473,0.04837677101539215,0.7268647651698928,Carboxylic acids and derivatives
M247T645_b,474,0.04837677101539215,0.7268647651698928,Carboxylic acids and derivatives
M510T346,475,0.04901429472568098,2.023310561929021,Glycerophospholipids
M207T686,476,0.049575174574068986,1.5672492194382917,Carboxylic acids and derivatives
M287T546,477,0.049927591725671384,0.64786901513456,Carboxylic acids and derivatives
M120T559,478,0.050528458450396684,1.3880158761622687,Fatty Acyls
M486T356_a,479,0.05083296236436447,0.7493665875403119,Steroids and steroid derivatives
M486T356_b,480,0.05083296236436447,0.7493665875403119,Steroids and steroid derivatives
M486T356_c,481,0.05083296236436447,0.7493665875403119,Steroids and steroid derivatives
M486T356_d,482,0.05083296236436447,0.7493665875403119,Steroids and steroid derivatives
M486T356_e,483,0.05083296236436447,0.7493665875403119,Steroids and steroid derivatives
M126T540_a,484,0.05083394644957291,1.6390316360259207,Carboxylic acids and derivatives
M126T540_b,485,0.05083394644957291,1.6390316360259207,Carboxylic acids and derivatives
M126T540_c,486,0.05083394644957291,1.6390316360259207,Carboxylic acids and derivatives
M325T765_a,487,0.05293741662496325,0.7410246802044984,Organooxygen compounds
M325T765_b,488,0.05293741662496325,0.7410246802044984,Organooxygen compounds
M325T765_c,489,0.05293741662496325,0.7410246802044984,Organooxygen compounds
M325T765_d,490,0.05293741662496325,0.7410246802044984,Organooxygen compounds
M325T765_e,491,0.05293741662496325,0.7410246802044984,Organooxygen compounds
M325T765_f,492,0.05293741662496325,0.7410246802044984,Organooxygen compounds
M325T765_g,493,0.05293741662496325,0.7410246802044984,Organooxygen compounds
M325T765_h,494,0.05293741662496325,0.7410246802044984,Organooxygen compounds
M325T765_i,495,0.05293741662496325,0.7410246802044984,Organooxygen compounds
M325T765_j,496,0.05293741662496325,0.7410246802044984,Organooxygen compounds
M325T765_k,497,0.05293741662496325,0.7410246802044984,Organooxygen compounds
M325T765_l,498,0.05293741662496325,0.7410246802044984,Organooxygen compounds
M321T563,499,0.05409648914701288,0.6319474688314742,Imidazole ribonucleosides and ribonucleotides
M504T341,500,0.055085734701099814,0.6979841931173184,Glycerophospholipids
M290T748,501,0.05524617236137403,0.5988776582242091,Carboxylic acids and derivatives
M104T120,502,0.05542738583919415,1.4649007934252778,Carboxylic acids and derivatives
M126T660,503,0.05600150072780373,1.7662726674509033,Carboxylic acids and derivatives
M268T301,504,0.05662281484580049,1.2123957409792805,Purine nucleosides
M272T566,505,0.05701070896717554,0.7040542426778436,Carboxylic acids and derivatives
M115T581,506,0.057831266550043274,1.6611630895236715,Diazines
M251T405,507,0.06164788940019158,1.3795777923862298,Organooxygen compounds
M380T855_a,508,0.06206825924313473,1.340948250877399,Organooxygen compounds
M380T855_b,509,0.06206825924313473,1.340948250877399,Organooxygen compounds
M288T616_a,510,0.06286950012176179,0.6372122734099739,Carboxylic acids and derivatives
M288T616_b,511,0.06286950012176179,0.6372122734099739,Carboxylic acids and derivatives
M349T831_a,512,0.06350115351387639,0.7439675101910255,Fatty Acyls
M349T831_b,513,0.06350115351387639,0.7439675101910255,Fatty Acyls
M349T831_c,514,0.06350115351387639,0.7439675101910255,Organooxygen compounds
M349T831_d,515,0.06350115351387639,0.7439675101910255,Purine nucleotides
M349T831_e,516,0.06350115351387639,0.7439675101910255,Purine nucleotides
M219T871,517,0.06613296303102514,0.6483858590545586,Carboxylic acids and derivatives
M719T84,518,0.06649163685287376,1.6447106400391949,Glycerophospholipids
M198T694,519,0.06806972580453197,0.808100830129807,Organooxygen compounds
M168T660_a,520,0.06876794919006443,1.8108279423590552,Keto acids and derivatives
M168T660_b,521,0.06876794919006443,1.8108279423590552,Keto acids and derivatives
M542T794,522,0.07131262306406526,1.382609621753172,Organooxygen compounds
M116T564_a,523,0.07134893227771127,0.8437796926931027,Carboxylic acids and derivatives
M116T564_b,524,0.07134893227771127,0.8437796926931027,Carboxylic acids and derivatives
M142T875,525,0.0722263269151527,1.3754007352330706,Organic phosphoric acids and derivatives
M176T276_a,526,0.07270543164806588,1.4834378047931933,Quinolines and derivatives
M176T276_b,527,0.07270543164806588,1.4834378047931933,Quinolines and derivatives
M247T850,528,0.07283712393346937,2.0422566681433683,Carboxylic acids and derivatives
M127T583,529,0.0734612099267242,0.8934695091982197,Azoles
M290T849,530,0.07491708605588529,0.7243914329098856,Carboxylic acids and derivatives
M198T578,531,0.07506642245523974,2.3574843409451067,Carboxylic acids and derivatives
M454T356_2,532,0.07578112380584046,0.7596138807867273,Glycerophospholipids
M284T417_b,533,0.07597080155835845,1.517028238095516,Purine nucleosides
M284T417_c,534,0.07597080155835845,1.517028238095516,Organooxygen compounds
M284T417_d,535,0.07597080155835845,1.517028238095516,Organooxygen compounds
M311T482_a,536,0.07608305644733097,0.8289368805346177,Ajmaline-sarpagine alkaloids
M311T482_b,537,0.07608305644733097,0.8289368805346177,Ajmaline-sarpagine alkaloids
M386T871,538,0.0767095652260311,0.7833086478927653,Pyrimidine nucleotides
M482T342,539,0.07732187351946293,0.6931116080263366,Glycerophospholipids
M489T825,540,0.08040305260785607,0.7895956729386179,Pyrimidine nucleotides
M206T679,541,0.08099438573377307,0.6190339098948028,Benzene and substituted derivatives
M199T634,542,0.08286741992908524,1.382795096726745,Carboxylic acids and derivatives
M294T499,543,0.08356861649677863,0.6734933172384011,Carboxylic acids and derivatives
M347T621,544,0.08361488715374595,1.3114459159603666,Organooxygen compounds
M361T784,545,0.08380285485963787,0.7402019236991876,Carboxylic acids and derivatives
M337T854,546,0.08397252894441651,2.0532342127457675,Carboxylic acids and derivatives
M298T180,547,0.08432317910444569,0.6533277447806729,5'-deoxyribonucleosides
M348T802,548,0.08786919994289961,1.7301184495700688,Purine nucleotides
M445T849_a,549,0.08820717741273727,0.6343437861146507,Organooxygen compounds
M445T849_b,550,0.08820717741273727,0.6343437861146507,Organooxygen compounds
M445T849_c,551,0.08820717741273727,0.6343437861146507,Organooxygen compounds
M445T849_d,552,0.08820717741273727,0.6343437861146507,Organooxygen compounds
M445T849_e,553,0.08820717741273727,0.6343437861146507,Organooxygen compounds
M445T849_f,554,0.08820717741273727,0.6343437861146507,Organooxygen compounds
M223T680_a,555,0.08923351516347187,1.1666525871822306,Organooxygen compounds
M223T680_b,556,0.08923351516347187,1.1666525871822306,Carboxylic acids and derivatives
M223T680_c,557,0.08923351516347187,1.1666525871822306,Carboxylic acids and derivatives
M219T609,558,0.08949246356934143,0.6683729985688466,Carboxylic acids and derivatives
M418T631_a,559,0.09020780221725694,0.9000067529156613,Organooxygen compounds
M418T631_b,560,0.09020780221725694,0.9000067529156613,Organooxygen compounds
M244T881,561,0.09069174236715548,0.7294679394712441,Carboxylic acids and derivatives
M208T520,562,0.09137206590482476,1.2713266111795558,Carboxylic acids and derivatives
M423T849_a,563,0.09318074804991083,0.7824873227465771,Organooxygen compounds
M423T849_b,564,0.09318074804991083,0.7824873227465771,Organooxygen compounds
M423T849_c,565,0.09318074804991083,0.7824873227465771,Organooxygen compounds
M423T849_d,566,0.09318074804991083,0.7824873227465771,Organooxygen compounds
M423T849_e,567,0.09318074804991083,0.7824873227465771,Organooxygen compounds
M423T849_f,568,0.09318074804991083,0.7824873227465771,Organooxygen compounds
M127T418_a,569,0.09411655692590869,0.7685812851847417,Organonitrogen compounds
M127T418_b,570,0.09411655692590869,0.7685812851847417,Organonitrogen compounds
M246T775,571,0.09465879553384535,0.6992601272045903,Carboxylic acids and derivatives
M786T736,572,0.09647432390395463,1.2980803971299852,Flavin nucleotides
M87T54,573,0.09780178629543398,0.8700666795531139,Organooxygen compounds
M524T339_2_a,574,0.10087247507100847,1.2670478639399771,Glycerophospholipids
M524T339_2_b,575,0.10087247507100847,1.2670478639399771,Glycerophospholipids
M155T729_a,576,0.10114418485441973,0.7763252820500448,Glycerophospholipids
M155T729_b,577,0.10114418485441973,0.7763252820500448,Glycerophospholipids
M155T729_c,578,0.10114418485441973,0.7763252820500448,Glycerophospholipids
M155T729_d,579,0.10114418485441973,0.7763252820500448,Glycerophospholipids
M227T462,580,0.10284689812565906,6.807794957632757,Indoles and derivatives
M133T582_a,581,0.10362420796266739,1.461806835425776,Organic carbonic acids and derivatives
M133T582_b,582,0.10362420796266739,1.461806835425776,Carboxylic acids and derivatives
M365T629_a,583,0.10387697091622296,1.4378277041426337,Organooxygen compounds
M365T629_b,584,0.10387697091622296,1.4378277041426337,Organooxygen compounds
M365T629_c,585,0.10387697091622296,1.4378277041426337,Organooxygen compounds
M365T629_d,586,0.10387697091622296,1.4378277041426337,Organooxygen compounds
M365T629_e,587,0.10387697091622296,1.4378277041426337,Organooxygen compounds
M365T629_f,588,0.10387697091622296,1.4378277041426337,Organooxygen compounds
M365T629_g,589,0.10387697091622296,1.4378277041426337,Organooxygen compounds
M365T629_h,590,0.10387697091622296,1.4378277041426337,Organooxygen compounds
M365T629_i,591,0.10387697091622296,1.4378277041426337,Organooxygen compounds
M365T629_j,592,0.10387697091622296,1.4378277041426337,Organooxygen compounds
M365T629_k,593,0.10387697091622296,1.4378277041426337,Organooxygen compounds
M365T629_l,594,0.10387697091622296,1.4378277041426337,Organooxygen compounds
M247T697,595,0.10518521077885784,0.7688589578165783,Carboxylic acids and derivatives
M175T738,596,0.10534500340294778,2.1478650049826955,Carboxylic acids and derivatives
M364T812_a,597,0.10797763850558076,1.4125961804796372,Imidazole ribonucleosides and ribonucleotides
M364T812_b,598,0.10797763850558076,1.4125961804796372,Purine nucleotides
M364T812_c,599,0.10797763850558076,1.4125961804796372,Ribonucleoside 3'-phosphates
M364T812_d,600,0.10797763850558076,1.4125961804796372,Organooxygen compounds
M364T812_e,601,0.10797763850558076,1.4125961804796372,Ribonucleoside 3'-phosphates
M364T812_f,602,0.10797763850558076,1.4125961804796372,Purine nucleotides
M364T812_g,603,0.10797763850558076,1.4125961804796372,Organooxygen compounds
M369T910,604,0.10914807488629229,1.552510204852872,Carboxylic acids and derivatives
M286T721,605,0.11227983653292412,1.220061673076764,Morphinans
M288T651_a,606,0.11332862509310423,0.5952539575998637,Carboxylic acids and derivatives
M288T651_b,607,0.11332862509310423,0.5952539575998637,Carboxylic acids and derivatives
M268T591_a,608,0.11938243442829104,1.8043293902585062,Benzene and substituted derivatives
M268T591_b,609,0.11938243442829104,1.8043293902585062,Phenols
M313T744,610,0.12008210779970166,1.4581520913686903,Carboxylic acids and derivatives
M163T712,611,0.12236252082008874,1.264772325606023,Carboxylic acids and derivatives
M189T721_2,612,0.12250136007602486,1.22185340201683,Carboxylic acids and derivatives
M252T250,613,0.12414785865911261,0.742810960759029,Purine nucleosides
M375T831,614,0.12635036451444792,1.1748197292928528,Pyridine nucleotides
M365T798_a,615,0.12660632467662614,0.7617190266920486,Organooxygen compounds
M365T798_b,616,0.12660632467662614,0.7617190266920486,Purine nucleotides
M257T427_a,617,0.13046783668341375,1.2514461864731192,Carboxylic acids and derivatives
M257T427_b,618,0.13046783668341375,1.2514461864731192,Indoles and derivatives
M105T337,619,0.13509249764604378,1.3235950267318173,Organooxygen compounds
M217T681,620,0.13627610847376845,1.2678150470657892,Carboxylic acids and derivatives
M90T631,621,0.13890663093192623,0.8894674492157096,Carboxylic acids and derivatives
M128T336_a,622,0.1408407194875898,1.8446089015371259,Carboxylic acids and derivatives
M128T336_b,623,0.1408407194875898,1.8446089015371259,Pyridines and derivatives
M128T336_c,624,0.1408407194875898,1.8446089015371259,Phenols
M128T336_d,625,0.1408407194875898,1.8446089015371259,Phenols
M578T493_a,626,0.14167755600027743,0.8484316184195398,Steroids and steroid derivatives
M578T493_b,627,0.14167755600027743,0.8484316184195398,Steroids and steroid derivatives
M377T725,628,0.1434854911000853,0.7508399003975523,Carboxylic acids and derivatives
M246T1014,629,0.14564973722518818,0.8510990620679699,Carboxylic acids and derivatives
M246T533,630,0.14616490067168078,1.8779773659928736,Carboxylic acids and derivatives
M143T613,631,0.14694981990951211,0.8122444371422892,Carboxylic acids and derivatives
M385T846,632,0.14787147412037474,0.8097735361236358,Organooxygen compounds
M347T712,633,0.14825886793391463,1.5254725007516936,Organooxygen compounds
M488T238_a,634,0.15015070857946652,4.20202689992441,Steroids and steroid derivatives
M488T238_b,635,0.15015070857946652,4.20202689992441,Steroids and steroid derivatives
M488T238_c,636,0.15015070857946652,4.20202689992441,Steroids and steroid derivatives
M638T423_a,637,0.15400426189469038,1.7572948533752708,Steroids and steroid derivatives
M638T423_b,638,0.15400426189469038,1.7572948533752708,Steroids and steroid derivatives
M226T681_a,639,0.15407416075203706,0.7787710815685733,Benzene and substituted derivatives
M226T681_b,640,0.15407416075203706,0.7787710815685733,Carboxylic acids and derivatives
M365T540_a,641,0.1545633228320237,1.267063623618443,Purine nucleosides
M365T540_b,642,0.1545633228320237,1.267063623618443,Purine nucleosides
M365T540_c,643,0.1545633228320237,1.267063623618443,Purine nucleosides
M136T281,644,0.1571070507296361,0.8811201638347584,Imidazopyrimidines
M162T314_a,645,0.15720143475396292,1.390887611923321,Indoles and derivatives
M162T314_b,646,0.15720143475396292,1.390887611923321,Quinolines and derivatives
M162T314_c,647,0.15720143475396292,1.390887611923321,Quinolines and derivatives
M572T748_a,648,0.15802416262191388,1.2440322176784195,Purine nucleotides
M572T748_b,649,0.15802416262191388,1.2440322176784195,Purine nucleotides
M245T554,650,0.15853741115703623,1.2708258448818135,Lactams
M317T573_4,651,0.15913108514692464,0.963528924210046,Carboxylic acids and derivatives
M344T681,652,0.16343371784562716,0.7916213899483782,Peptidomimetics
M247T722_a,653,0.16438186306849267,0.8061496882365938,Carboxylic acids and derivatives
M247T722_b,654,0.16438186306849267,0.8061496882365938,Carboxylic acids and derivatives
M163T677_a,655,0.16520222889890415,0.8040594251171543,Fatty Acyls
M163T677_b,656,0.16520222889890415,0.8040594251171543,Fatty Acyls
M163T677_c,657,0.16520222889890415,0.8040594251171543,Fatty Acyls
M163T677_d,658,0.16520222889890415,0.8040594251171543,Keto acids and derivatives
M163T677_e,659,0.16520222889890415,0.8040594251171543,Keto acids and derivatives
M123T112,660,0.16807313568294902,1.2460024580106726,Pyridines and derivatives
M203T471_a,661,0.17172293285715914,2.0139904998228104,Carboxylic acids and derivatives
M203T471_b,662,0.17172293285715914,2.0139904998228104,Carboxylic acids and derivatives
M118T463,663,0.17394273311388778,12.069226472889463,Indoles and derivatives
M245T680_a,664,0.17712801024112315,0.854127327777677,Organooxygen compounds
M245T680_b,665,0.17712801024112315,0.854127327777677,Carboxylic acids and derivatives
M245T680_c,666,0.17712801024112315,0.854127327777677,Carboxylic acids and derivatives
M662T793_a,667,0.17949469331051157,1.2842312784932135,Purine nucleotides
M662T793_b,668,0.17949469331051157,1.2842312784932135,Purine nucleotides
M662T793_c,669,0.17949469331051157,1.2842312784932135,Purine nucleotides
M662T793_d,670,0.17949469331051157,1.2842312784932135,Purine nucleotides
M239T560,671,0.1807973204221573,2.4753783201331916,Carboxylic acids and derivatives
M330T543,672,0.18358428368895705,0.7781619164423547,Carboxylic acids and derivatives
M178T740_a,673,0.18513620006827647,0.6829246378297857,Carboxylic acids and derivatives
M178T740_b,674,0.18513620006827647,0.6829246378297857,Carboxylic acids and derivatives
M447T832,675,0.19020812529980502,0.8802601463502423,Pyrimidine nucleotides
M516T323,676,0.19194572057905282,0.7334215381652659,Steroids and steroid derivatives
M271T613,677,0.19260911472188794,0.817759548056487,Carboxylic acids and derivatives
M300T580,678,0.19325791573852713,1.2773876570719607,Carboxylic acids and derivatives
M232T816,679,0.19950374604042898,0.8636597431479329,Carboxylic acids and derivatives
M147T687,680,0.20119663173217378,1.3509315348090378,Carboxylic acids and derivatives
M204T686_a,681,0.2051621525613606,0.8149041557949315,Organic phosphoric acids and derivatives
M204T686_b,682,0.2051621525613606,0.8149041557949315,Organooxygen compounds
M204T686_c,683,0.2051621525613606,0.8149041557949315,Organooxygen compounds
M230T475,684,0.2054700188201674,0.8327237930852875,Organic sulfuric acids and derivatives
M277T855,685,0.20575265995481531,1.2684722343151653,Carboxylic acids and derivatives
M295T627,686,0.20595689334563108,0.881579874629835,Carboxylic acids and derivatives
M494T710,687,0.20846332928315128,0.8646080133577397,Pteridines and derivatives
M114T296,688,0.20898701218391622,0.8392976267933714,Carboxylic acids and derivatives
M490T235_a,689,0.21320517019592872,5.324405203750806,Steroids and steroid derivatives
M490T235_b,690,0.21320517019592872,5.324405203750806,Steroids and steroid derivatives
M490T235_c,691,0.21320517019592872,5.324405203750806,Steroids and steroid derivatives
M276T856,692,0.21373989253161427,0.8012228640300417,Carboxylic acids and derivatives
M341T680_a,693,0.21566347468259706,0.8210416042051605,Organooxygen compounds
M341T680_b,694,0.21566347468259706,0.8210416042051605,Organooxygen compounds
M341T680_c,695,0.21566347468259706,0.8210416042051605,Organooxygen compounds
M291T766,696,0.21723259624526478,1.2577194368064861,Carboxylic acids and derivatives
M363T676_a,697,0.22361299819790503,1.2196393226245492,Organooxygen compounds
M363T676_b,698,0.22361299819790503,1.2196393226245492,Organooxygen compounds
M363T676_c,699,0.22361299819790503,1.2196393226245492,Organooxygen compounds
M304T842,700,0.2252129176893188,0.8296404130018988,Carboxylic acids and derivatives
M144T460,701,0.2252576244316309,1.258083954134162,Carboxylic acids and derivatives
M538T327_a,702,0.23065047958403084,0.8939633632375187,Steroids and steroid derivatives
M538T327_b,703,0.23065047958403084,0.8939633632375187,Steroids and steroid derivatives
M991T992,704,0.23105261750410538,0.8207056485920114,Organooxygen compounds
M266T459_a,705,0.2319687271253577,1.2534047331597924,Purine nucleosides
M266T459_b,706,0.2319687271253577,1.2534047331597924,Organooxygen compounds
M229T553,707,0.23257182477343286,1.214043181437094,Carboxylic acids and derivatives
M305T802,708,0.23843669060979622,0.700770828619114,Carboxylic acids and derivatives
M137T295_2,709,0.23933236286906512,0.6470280381048188,Imidazopyrimidines
M255T580,710,0.2429613862031001,0.6484570199867771,Glycerolipids
M166T723_a,711,0.2514689735583391,0.754786284053584,Carboxylic acids and derivatives
M166T723_b,712,0.2514689735583391,0.754786284053584,Carboxylic acids and derivatives
M166T723_c,713,0.2514689735583391,0.754786284053584,Carboxylic acids and derivatives
M166T723_d,714,0.2514689735583391,0.754786284053584,Carboxylic acids and derivatives
M336T631_a,715,0.2516802441256476,1.3254119588164062,Pteridines and derivatives
M336T631_b,716,0.2516802441256476,1.3254119588164062,Pteridines and derivatives
M336T631_c,717,0.2516802441256476,1.3254119588164062,Diazines
M336T631_d,718,0.2516802441256476,1.3254119588164062,Diazines
M336T631_e,719,0.2516802441256476,1.3254119588164062,Organooxygen compounds
M336T631_f,720,0.2516802441256476,1.3254119588164062,Pteridines and derivatives
M336T631_g,721,0.2516802441256476,1.3254119588164062,Pteridines and derivatives
M336T631_h,722,0.2516802441256476,1.3254119588164062,Organooxygen compounds
M336T631_i,723,0.2516802441256476,1.3254119588164062,Pteridines and derivatives
M608T803,724,0.25360467111519286,0.8661786053979974,Pyrimidine nucleotides
M106T691_a,725,0.25891138809844694,0.8678639880879113,Carboxylic acids and derivatives
M106T691_b,726,0.25891138809844694,0.8678639880879113,Carboxylic acids and derivatives
M203T520,727,0.2600647823802047,1.152767520162747,Lactams
M185T712,728,0.2663322561265311,1.256670474658327,Organooxygen compounds
M219T756,729,0.268164723017884,0.8522978480821497,Carboxylic acids and derivatives
M269T642_a,730,0.2692882157327797,1.35734306854409,Fatty Acyls
M269T642_b,731,0.2692882157327797,1.35734306854409,Fatty Acyls
M269T642_c,732,0.2692882157327797,1.35734306854409,Fatty Acyls
M269T642_d,733,0.2692882157327797,1.35734306854409,Fatty Acyls
M384T805,734,0.2692964857401214,0.8700114171258316,Organooxygen compounds
M246T988,735,0.2708217077039977,1.1750551089928487,Peptidomimetics
M219T791_a,736,0.28297719371545466,0.7982744628239068,Carboxylic acids and derivatives
M219T791_b,737,0.28297719371545466,0.7982744628239068,Carboxylic acids and derivatives
M219T791_c,738,0.28297719371545466,0.7982744628239068,Carboxylic acids and derivatives
M84T560_a,739,0.29009827168909497,1.1355613422813329,Organonitrogen compounds
M84T560_b,740,0.29009827168909497,1.1355613422813329,Organonitrogen compounds
M460T566,741,0.29216448699979874,1.4440185819184703,Glycerophospholipids
M415T798,742,0.30112603982920927,0.4810350983750611,5'-deoxyribonucleosides
M305T720,743,0.30217421214053775,0.7357643883872055,Indoles and derivatives
M276T800,744,0.30368791237499015,0.7465980995928664,Carboxylic acids and derivatives
M174T635,745,0.3111437628520796,1.6576617506192994,Azoles
M277T552,746,0.31178148231721253,1.2032839641864657,Glycerolipids
M293T526,747,0.3121786722195064,0.8953094378250613,Thiohydroximic acids and derivatives
M255T575,748,0.31960318649848574,0.967846895939354,Carboxylic acids and derivatives
M475T272_a,749,0.3292413025130211,1.5069985502307524,Steroids and steroid derivatives
M475T272_b,750,0.3292413025130211,1.5069985502307524,Steroids and steroid derivatives
M475T272_c,751,0.3292413025130211,1.5069985502307524,Steroids and steroid derivatives
M363T722_a,752,0.3295204789947077,0.851423312893215,Organooxygen compounds
M363T722_b,753,0.3295204789947077,0.851423312893215,Organooxygen compounds
M363T722_c,754,0.3295204789947077,0.851423312893215,Organooxygen compounds
M178T723,755,0.3310097678372744,1.1568433257783743,Carboxylic acids and derivatives
M306T427,756,0.33562551632327675,0.7485243686176991,Carboxylic acids and derivatives
M325T676_a,757,0.3366291448895373,0.8781823214242163,Organooxygen compounds
M325T676_b,758,0.3366291448895373,0.8781823214242163,Organooxygen compounds
M325T676_c,759,0.3366291448895373,0.8781823214242163,Organooxygen compounds
M325T676_d,760,0.3366291448895373,0.8781823214242163,Organooxygen compounds
M325T676_e,761,0.3366291448895373,0.8781823214242163,Organooxygen compounds
M325T676_f,762,0.3366291448895373,0.8781823214242163,Organooxygen compounds
M325T676_g,763,0.3366291448895373,0.8781823214242163,Organooxygen compounds
M325T676_h,764,0.3366291448895373,0.8781823214242163,Organooxygen compounds
M325T676_i,765,0.3366291448895373,0.8781823214242163,Organooxygen compounds
M325T676_j,766,0.3366291448895373,0.8781823214242163,Organooxygen compounds
M325T676_k,767,0.3366291448895373,0.8781823214242163,Organooxygen compounds
M325T676_l,768,0.3366291448895373,0.8781823214242163,Organooxygen compounds
M325T676_m,769,0.3366291448895373,0.8781823214242163,Organooxygen compounds
M368T360,770,0.34343567030389954,1.2633475840806243,Ajmaline-sarpagine alkaloids
M247T655_a,771,0.34436851933559975,1.240077905039984,Organooxygen compounds
M247T655_b,772,0.34436851933559975,1.240077905039984,Organooxygen compounds
M247T655_c,773,0.34436851933559975,1.240077905039984,Benzene and substituted derivatives
M247T655_d,774,0.34436851933559975,1.240077905039984,Carboxylic acids and derivatives
M198T677_a,775,0.34451347678712074,0.8347147756801301,Organooxygen compounds
M198T677_b,776,0.34451347678712074,0.8347147756801301,Organooxygen compounds
M198T677_c,777,0.34451347678712074,0.8347147756801301,Organooxygen compounds
M198T677_d,778,0.34451347678712074,0.8347147756801301,Hydroxy acids and derivatives
M198T677_e,779,0.34451347678712074,0.8347147756801301,Hydroxy acids and derivatives
M198T677_f,780,0.34451347678712074,0.8347147756801301,Organooxygen compounds
M198T677_g,781,0.34451347678712074,0.8347147756801301,Organooxygen compounds
M198T677_h,782,0.34451347678712074,0.8347147756801301,Organooxygen compounds
M198T677_i,783,0.34451347678712074,0.8347147756801301,Organooxygen compounds
M198T677_j,784,0.34451347678712074,0.8347147756801301,Organooxygen compounds
M198T677_k,785,0.34451347678712074,0.8347147756801301,Organooxygen compounds
M198T677_l,786,0.34451347678712074,0.8347147756801301,Organooxygen compounds
M198T677_m,787,0.34451347678712074,0.8347147756801301,Organooxygen compounds
M198T677_n,788,0.34451347678712074,0.8347147756801301,Organooxygen compounds
M198T677_o,789,0.34451347678712074,0.8347147756801301,Organooxygen compounds
M163T765_a,790,0.3457969304206956,0.7939511195259986,Fatty Acyls
M163T765_b,791,0.3457969304206956,0.7939511195259986,Fatty Acyls
M163T765_c,792,0.3457969304206956,0.7939511195259986,Fatty Acyls
M214T564,793,0.3463393838505038,0.889454893424482,Carboxylic acids and derivatives
M365T724_a,794,0.35490497557684997,0.8927910483718415,Organooxygen compounds
M365T724_b,795,0.35490497557684997,0.8927910483718415,Organooxygen compounds
M365T724_c,796,0.35490497557684997,0.8927910483718415,Organooxygen compounds
M365T724_d,797,0.35490497557684997,0.8927910483718415,Organooxygen compounds
M365T724_e,798,0.35490497557684997,0.8927910483718415,Organooxygen compounds
M365T724_f,799,0.35490497557684997,0.8927910483718415,Organooxygen compounds
M365T724_g,800,0.35490497557684997,0.8927910483718415,Organooxygen compounds
M365T724_h,801,0.35490497557684997,0.8927910483718415,Organooxygen compounds
M365T724_i,802,0.35490497557684997,0.8927910483718415,Organooxygen compounds
M365T724_j,803,0.35490497557684997,0.8927910483718415,Organooxygen compounds
M365T724_k,804,0.35490497557684997,0.8927910483718415,Organooxygen compounds
M365T724_l,805,0.35490497557684997,0.8927910483718415,Organooxygen compounds
M365T724_m,806,0.35490497557684997,0.8927910483718415,Organooxygen compounds
M365T724_n,807,0.35490497557684997,0.8927910483718415,Organooxygen compounds
M365T724_o,808,0.35490497557684997,0.8927910483718415,Organooxygen compounds
M365T724_p,809,0.35490497557684997,0.8927910483718415,Organooxygen compounds
M365T724_q,810,0.35490497557684997,0.8927910483718415,Organooxygen compounds
M365T724_r,811,0.35490497557684997,0.8927910483718415,Organooxygen compounds
M365T724_s,812,0.35490497557684997,0.8927910483718415,Organooxygen compounds
M124T510,813,0.3570222701206248,0.7792503329201768,Pyridines and derivatives
M261T556,814,0.3579634974282587,0.4499310083092294,Carboxylic acids and derivatives
M273T864,815,0.36083599954190515,0.8470672339131986,Organooxygen compounds
M332T781,816,0.36213942893662354,1.167127180385666,Purine nucleotides
M233T898,817,0.37579870338815313,0.8601482884012214,Carboxylic acids and derivatives
M597T634_a,818,0.38017415221704653,1.121880528526017,Saccharolipids
M597T634_b,819,0.38017415221704653,1.121880528526017,Saccharolipids
M597T634_c,820,0.38017415221704653,1.121880528526017,5'-deoxyribonucleosides
M339T557,821,0.3809881727198292,0.8872977918352326,Carboxylic acids and derivatives
M292T661_a,822,0.38934286313546695,1.1950556410286033,Benzene and substituted derivatives
M292T661_b,823,0.38934286313546695,1.1950556410286033,Benzene and substituted derivatives
M454T332,824,0.38936334233196224,0.7528756722470686,Glycerophospholipids
M118T587_a,825,0.39236361401852504,0.8953028266374831,Carboxylic acids and derivatives
M118T587_b,826,0.39236361401852504,0.8953028266374831,Carboxylic acids and derivatives
M148T733,827,0.3926471665515293,0.8870395163851413,Carboxylic acids and derivatives
M252T497,828,0.39335063358038236,1.0791687126190816,Organic sulfuric acids and derivatives
M166T463_a,829,0.39579302888871615,0.9187705224394597,Carboxylic acids and derivatives
M166T463_b,830,0.39579302888871615,0.9187705224394597,Carboxylic acids and derivatives
M60T489_a,831,0.39790521189084804,0.8268232538477016,Organonitrogen compounds
M60T489_b,832,0.39790521189084804,0.8268232538477016,Organonitrogen compounds
M275T786,833,0.3982579887911234,0.9056729832188418,Carboxylic acids and derivatives
M198T557_a,834,0.4002900218723664,0.8316250499280421,Organooxygen compounds
M198T557_b,835,0.4002900218723664,0.8316250499280421,Organooxygen compounds
M198T557_c,836,0.4002900218723664,0.8316250499280421,Organooxygen compounds
M198T557_d,837,0.4002900218723664,0.8316250499280421,Organooxygen compounds
M198T557_e,838,0.4002900218723664,0.8316250499280421,Organooxygen compounds
M198T557_f,839,0.4002900218723664,0.8316250499280421,Organooxygen compounds
M198T557_g,840,0.4002900218723664,0.8316250499280421,Organooxygen compounds
M198T557_h,841,0.4002900218723664,0.8316250499280421,Organooxygen compounds
M198T557_i,842,0.4002900218723664,0.8316250499280421,Organooxygen compounds
M198T557_j,843,0.4002900218723664,0.8316250499280421,Organooxygen compounds
M219T79,844,0.40310683978607753,1.1183421748138602,Indoles and derivatives
M243T625,845,0.40311170071621816,0.8939445697508986,Carboxylic acids and derivatives
M285T790_a,846,0.4103256338687493,1.148083340348536,Carboxylic acids and derivatives
M285T790_b,847,0.4103256338687493,1.148083340348536,Carboxylic acids and derivatives
M274T658,848,0.41126207054299935,0.8399855599887963,Carboxylic acids and derivatives
M385T708,849,0.4126957260453886,1.7675327432833905,5'-deoxyribonucleosides
M104T685_2,850,0.41781397175215884,0.950204136872756,Carboxylic acids and derivatives
M118T493_2,851,0.4344871894276564,0.9181915899643481,Carboxylic acids and derivatives
M488T354_a,852,0.43586522684004925,1.1465203112828377,Steroids and steroid derivatives
M488T354_b,853,0.43586522684004925,1.1465203112828377,Steroids and steroid derivatives
M383T719_a,854,0.4359560572334017,0.841703455228704,Fatty Acyls
M383T719_b,855,0.4359560572334017,0.841703455228704,Organooxygen compounds
M383T719_c,856,0.4359560572334017,0.841703455228704,Organooxygen compounds
M383T719_d,857,0.4359560572334017,0.841703455228704,Organooxygen compounds
M415T764,858,0.43729834700707193,0.8614155769972864,5'-deoxyribonucleosides
M291T872,859,0.4457187189290649,1.206820314194654,Carboxylic acids and derivatives
M201T574,860,0.4472841603272203,0.9673966934707474,Carboxylic acids and derivatives
M182T545,861,0.44942004273332303,0.8814157153037252,Carboxylic acids and derivatives
M235T791,862,0.4547899002395631,1.254288323883815,Carboxylic acids and derivatives
M442T803,863,0.46536434972960183,1.1399178327668833,Carboxylic acids and derivatives
M393T388,864,0.4753504201235731,0.8992581113147123,Ajmaline-sarpagine alkaloids
M152T687_a,865,0.479454756014867,1.1887910082372046,Carboxylic acids and derivatives
M152T687_b,866,0.479454756014867,1.1887910082372046,Pyrrolines
M281T791,867,0.480207047725569,0.8908221904709082,Carboxylic acids and derivatives
M222T502,868,0.48134319601525866,0.9000573140454108,Carboxylic acids and derivatives
M313T730,869,0.48394243250550795,1.1024029420493018,Carboxylic acids and derivatives
M245T669_a,870,0.4862684513767873,1.1362663835566424,Organooxygen compounds
M245T669_b,871,0.4862684513767873,1.1362663835566424,Organooxygen compounds
M313T565,872,0.4880018506903572,0.9138888145715715,Carboxylic acids and derivatives
M664T812,873,0.49254078435618,1.1273863941962163,(5'->5')-dinucleotides
M470T357_a,874,0.4931338488795698,1.5738729360402337,Steroids and steroid derivatives
M470T357_b,875,0.4931338488795698,1.5738729360402337,Steroids and steroid derivatives
M470T357_c,876,0.4931338488795698,1.5738729360402337,Steroids and steroid derivatives
M130T468,877,0.49430536495927424,1.080713133617906,Organooxygen compounds
M176T746,878,0.49812617987010377,0.8945921986991887,Carboxylic acids and derivatives
M245T631_a,879,0.5003514339879043,0.9471111423628163,Organooxygen compounds
M245T631_b,880,0.5003514339879043,0.9471111423628163,Organooxygen compounds
M332T723,881,0.5047414480203319,1.22069705506388,Carboxylic acids and derivatives
M228T510,882,0.5063390920816392,0.8749885942038818,Organic phosphoric acids and derivatives
M347T541,883,0.5079909244805858,1.1423509085175205,Organooxygen compounds
M473T275_a,884,0.5100417662336922,0.8413136513608657,Steroids and steroid derivatives
M473T275_b,885,0.5100417662336922,0.8413136513608657,Steroids and steroid derivatives
M473T275_c,886,0.5100417662336922,0.8413136513608657,Steroids and steroid derivatives
M473T275_d,887,0.5100417662336922,0.8413136513608657,Steroids and steroid derivatives
M473T275_e,888,0.5100417662336922,0.8413136513608657,Steroids and steroid derivatives
M473T275_f,889,0.5100417662336922,0.8413136513608657,Steroids and steroid derivatives
M473T275_g,890,0.5100417662336922,0.8413136513608657,Steroids and steroid derivatives
M153T383,891,0.5128444196948136,0.805102481608725,Imidazopyrimidines
M190T716_a,892,0.5135613643539599,1.0717986849231413,Carboxylic acids and derivatives
M190T716_b,893,0.5135613643539599,1.0717986849231413,Carboxylic acids and derivatives
M76T664,894,0.5159908952021726,1.1200585258390774,Carboxylic acids and derivatives
M428T769_a,895,0.5250458070045553,0.8842576225758022,Purine nucleotides
M428T769_b,896,0.5250458070045553,0.8842576225758022,Purine nucleotides
M428T769_c,897,0.5250458070045553,0.8842576225758022,Purine nucleotides
M428T769_d,898,0.5250458070045553,0.8842576225758022,Purine nucleotides
M428T769_e,899,0.5250458070045553,0.8842576225758022,Organooxygen compounds
M428T769_f,900,0.5250458070045553,0.8842576225758022,Purine nucleotides
M428T769_g,901,0.5250458070045553,0.8842576225758022,Organooxygen compounds
M428T769_h,902,0.5250458070045553,0.8842576225758022,Purine nucleotides
M428T769_i,903,0.5250458070045553,0.8842576225758022,Ribonucleoside 3'-phosphates
M428T769_j,904,0.5250458070045553,0.8842576225758022,Ribonucleoside 3'-phosphates
M527T778_a,905,0.5320325740024399,1.1200609163338142,Organooxygen compounds
M527T778_b,906,0.5320325740024399,1.1200609163338142,Organooxygen compounds
M527T778_c,907,0.5320325740024399,1.1200609163338142,Organooxygen compounds
M527T778_d,908,0.5320325740024399,1.1200609163338142,Organooxygen compounds
M527T778_e,909,0.5320325740024399,1.1200609163338142,Organooxygen compounds
M527T778_f,910,0.5320325740024399,1.1200609163338142,Organooxygen compounds
M527T778_g,911,0.5320325740024399,1.1200609163338142,Organooxygen compounds
M527T778_h,912,0.5320325740024399,1.1200609163338142,Organooxygen compounds
M527T778_i,913,0.5320325740024399,1.1200609163338142,Organooxygen compounds
M245T602_a,914,0.5463272781973358,1.3448128931321484,Organic sulfuric acids and derivatives
M245T602_b,915,0.5463272781973358,1.3448128931321484,Fatty Acyls
M572T327_a,916,0.5473512355173804,1.1429817940978397,Steroids and steroid derivatives
M572T327_b,917,0.5473512355173804,1.1429817940978397,Steroids and steroid derivatives
M572T327_c,918,0.5473512355173804,1.1429817940978397,Steroids and steroid derivatives
M572T327_d,919,0.5473512355173804,1.1429817940978397,Steroids and steroid derivatives
M293T580_a,920,0.5483481508071617,1.0979682098563,Glycerolipids
M293T580_b,921,0.5483481508071617,1.0979682098563,Carboxylic acids and derivatives
M293T580_c,922,0.5483481508071617,1.0979682098563,Thiohydroximic acids and derivatives
M554T329_a,923,0.5496078053223459,1.1019330857051772,Steroids and steroid derivatives
M554T329_b,924,0.5496078053223459,1.1019330857051772,Steroids and steroid derivatives
M554T329_c,925,0.5496078053223459,1.1019330857051772,Steroids and steroid derivatives
M554T329_d,926,0.5496078053223459,1.1019330857051772,Steroids and steroid derivatives
M554T329_e,927,0.5496078053223459,1.1019330857051772,Steroids and steroid derivatives
M263T520,928,0.5502553368164436,1.0964181352938906,Organooxygen compounds
M243T740,929,0.5536681543297626,0.9069159519839051,Organooxygen compounds
M335T659,930,0.5548332240333922,0.9419842090340109,Organooxygen compounds
M365T850_a,931,0.5642249158132706,1.2299426683195418,Organooxygen compounds
M365T850_b,932,0.5642249158132706,1.2299426683195418,Organooxygen compounds
M365T850_c,933,0.5642249158132706,1.2299426683195418,Organooxygen compounds
M365T850_d,934,0.5642249158132706,1.2299426683195418,Organooxygen compounds
M365T850_e,935,0.5642249158132706,1.2299426683195418,Organooxygen compounds
M365T850_f,936,0.5642249158132706,1.2299426683195418,Organooxygen compounds
M365T850_g,937,0.5642249158132706,1.2299426683195418,Organooxygen compounds
M365T850_h,938,0.5642249158132706,1.2299426683195418,Organooxygen compounds
M365T850_i,939,0.5642249158132706,1.2299426683195418,Organooxygen compounds
M365T850_j,940,0.5642249158132706,1.2299426683195418,Organooxygen compounds
M365T850_k,941,0.5642249158132706,1.2299426683195418,Organooxygen compounds
M365T850_l,942,0.5642249158132706,1.2299426683195418,Organooxygen compounds
M365T850_m,943,0.5642249158132706,1.2299426683195418,Organooxygen compounds
M365T850_n,944,0.5642249158132706,1.2299426683195418,Organooxygen compounds
M365T850_o,945,0.5642249158132706,1.2299426683195418,Organooxygen compounds
M365T850_p,946,0.5642249158132706,1.2299426683195418,Organooxygen compounds
M365T850_q,947,0.5642249158132706,1.2299426683195418,Organooxygen compounds
M338T56_2,948,0.5650122583086123,0.8579980964296433,Fatty Acyls
M286T724,949,0.5691054287603113,1.1580454660615476,Carboxylic acids and derivatives
M247T610,950,0.5742522037156853,0.8624743845691999,Organic sulfuric acids and derivatives
M522T820_a,951,0.5805036312313299,0.9338438512101599,Organooxygen compounds
M522T820_b,952,0.5805036312313299,0.9338438512101599,Organooxygen compounds
M522T820_c,953,0.5805036312313299,0.9338438512101599,Organooxygen compounds
M522T820_d,954,0.5805036312313299,0.9338438512101599,Organooxygen compounds
M522T820_e,955,0.5805036312313299,0.9338438512101599,Organooxygen compounds
M522T820_f,956,0.5805036312313299,0.9338438512101599,Organooxygen compounds
M522T820_g,957,0.5805036312313299,0.9338438512101599,Organooxygen compounds
M522T820_h,958,0.5805036312313299,0.9338438512101599,Organooxygen compounds
M522T820_i,959,0.5805036312313299,0.9338438512101599,Organooxygen compounds
M522T820_j,960,0.5805036312313299,0.9338438512101599,Organooxygen compounds
M268T356,961,0.5949338007300149,1.2558590745334508,Organooxygen compounds
M516T337,962,0.5992007291436928,1.208906555503472,Steroids and steroid derivatives
M156T573_a,963,0.5993520673082342,0.9303978484940743,Carboxylic acids and derivatives
M156T573_b,964,0.5993520673082342,0.9303978484940743,Carboxylic acids and derivatives
M811T146,965,0.600861245558286,1.1565362162638326,Sphingolipids
M269T708,966,0.6022664528849393,0.8972849673361262,"Pyrazolo[3,4-d]pyrimidine glycosides"
M286T910,967,0.6223345096148111,0.9162623223428962,Carboxylic acids and derivatives
M285T766,968,0.6252788045694688,1.0731844342603523,Carboxylic acids and derivatives
M442T564_1_a,969,0.6320548253576801,0.945764344772479,Organooxygen compounds
M442T564_1_b,970,0.6320548253576801,0.945764344772479,Organooxygen compounds
M179T593_a,971,0.6363617107037902,0.8925610390679678,Lactones
M179T593_b,972,0.6363617107037902,0.8925610390679678,Lactones
M179T593_c,973,0.6363617107037902,0.8925610390679678,Organooxygen compounds
M179T593_d,974,0.6363617107037902,0.8925610390679678,Organooxygen compounds
M179T593_e,975,0.6363617107037902,0.8925610390679678,Organooxygen compounds
M179T593_f,976,0.6363617107037902,0.8925610390679678,Organooxygen compounds
M179T593_g,977,0.6363617107037902,0.8925610390679678,Organooxygen compounds
M179T593_h,978,0.6363617107037902,0.8925610390679678,Lactones
M179T593_i,979,0.6363617107037902,0.8925610390679678,Keto acids and derivatives
M179T593_j,980,0.6363617107037902,0.8925610390679678,Keto acids and derivatives
M179T593_k,981,0.6363617107037902,0.8925610390679678,Keto acids and derivatives
M253T505,982,0.6439241757960277,0.9492456033890789,Carboxylic acids and derivatives
M362T856,983,0.644937294467625,0.932128345841898,Organooxygen compounds
M204T723,984,0.655732387476416,1.0503857043045657,Carboxylic acids and derivatives
M220T745,985,0.6620283134076963,0.8431038132712602,Lactams
M174T669,986,0.6626612494364735,0.7866369205904565,Organic phosphoric acids and derivatives
M281T399,987,0.6696467943400943,1.0549131711923037,Carboxylic acids and derivatives
M496T339,988,0.6701008263960244,0.9162262561034694,Glycerophospholipids
M592T733_a,989,0.6714805531386041,0.9294521147025835,Saccharolipids
M592T733_b,990,0.6714805531386041,0.9294521147025835,Saccharolipids
M592T733_c,991,0.6714805531386041,0.9294521147025835,5'-deoxyribonucleosides
M216T790,992,0.6787374592269357,1.2954906068324958,Benzene and substituted derivatives
M193T188,993,0.681320545778803,0.948032980654515,Benzene and substituted derivatives
M536T353,994,0.6932768451375821,0.9650869394609636,Steroids and steroid derivatives
M112T503,995,0.7001275314467994,1.0354265048949214,Organooxygen compounds
M291T791,996,0.702661425670688,0.951531041651129,Carboxylic acids and derivatives
M126T533_2,997,0.7086037330791639,1.03559141513565,Organic sulfonic acids and derivatives
M524T326_a,998,0.7115138789449102,1.0525578793654164,Glycerophospholipids
M524T326_b,999,0.7115138789449102,1.0525578793654164,Glycerophospholipids
M335T879,1000,0.7129270609300884,1.0767003604705896,Pyridine nucleotides
M147T985,1001,0.7282332845058989,0.9447262856265696,Carboxylic acids and derivatives
M261T823,1002,0.7330529368052011,1.0659801868559002,Carboxylic acids and derivatives
M384T753,1003,0.7354651964764622,1.0551057880943238,Purine nucleosides
M122T512,1004,0.7514707361192889,0.9646392803138377,Hydroxy acids and derivatives
M405T889,1005,0.7565442601745664,0.960606738838551,Pyrimidine nucleotides
M364T861_a,1006,0.761545704051081,1.0493192273049474,Purine nucleotides
M364T861_b,1007,0.761545704051081,1.0493192273049474,Ribonucleoside 3'-phosphates
M364T861_c,1008,0.761545704051081,1.0493192273049474,Organooxygen compounds
M364T861_d,1009,0.761545704051081,1.0493192273049474,Organooxygen compounds
M364T861_e,1010,0.761545704051081,1.0493192273049474,Ribonucleoside 3'-phosphates
M364T861_f,1011,0.761545704051081,1.0493192273049474,Purine nucleotides
M364T861_g,1012,0.761545704051081,1.0493192273049474,Organooxygen compounds
M227T265,1013,0.7663044525326831,1.1579618709866515,Indoles and derivatives
M240T653_a,1014,0.7702837335390493,1.0300363646550945,Peptidomimetics
M240T653_b,1015,0.7702837335390493,1.0300363646550945,Carboxylic acids and derivatives
M112T481,1016,0.7889024424156721,0.966598355374933,Organooxygen compounds
M143T540_a,1017,0.7949811646647993,0.9592064087682911,Keto acids and derivatives
M143T540_b,1018,0.7949811646647993,0.9592064087682911,Keto acids and derivatives
M258T442_a,1019,0.7997343389034279,0.9699304323126112,Pyrimidine nucleosides
M258T442_b,1020,0.7997343389034279,0.9699304323126112,Pyrimidine nucleosides
M132T636,1021,0.811573474775987,0.9566109003639724,Carboxylic acids and derivatives
M203T478_a,1022,0.812123542632837,0.9512873022078999,Imidazopyrimidines
M203T478_b,1023,0.812123542632837,0.9512873022078999,Organooxygen compounds
M203T478_c,1024,0.812123542632837,0.9512873022078999,Organooxygen compounds
M203T478_d,1025,0.812123542632837,0.9512873022078999,Organooxygen compounds
M203T478_e,1026,0.812123542632837,0.9512873022078999,Organooxygen compounds
M203T478_f,1027,0.812123542632837,0.9512873022078999,Organooxygen compounds
M203T478_g,1028,0.812123542632837,0.9512873022078999,Organooxygen compounds
M203T478_h,1029,0.812123542632837,0.9512873022078999,Organooxygen compounds
M203T478_i,1030,0.812123542632837,0.9512873022078999,Imidazopyrimidines
M203T478_j,1031,0.812123542632837,0.9512873022078999,Imidazopyrimidines
M293T831,1032,0.8149362406059734,1.0461832767545163,Carboxylic acids and derivatives
M145T594,1033,0.8194175213457698,1.0271197845996138,Organonitrogen compounds
M279T631,1034,0.8315240552789305,1.0168098184578354,Keto acids and derivatives
M188T712_a,1035,0.8428626404682762,0.9642129833236446,Carboxylic acids and derivatives
M188T712_b,1036,0.8428626404682762,0.9642129833236446,Carboxylic acids and derivatives
M201T673,1037,0.8506633821990297,1.0211205510725132,Carboxylic acids and derivatives
M275T565,1038,0.852343881925603,0.9734398044863183,Benzene and substituted derivatives
M257T609_a,1039,0.8528570091110386,0.8848293875222842,Carboxylic acids and derivatives
M257T609_b,1040,0.8528570091110386,0.8848293875222842,Carboxylic acids and derivatives
M257T609_c,1041,0.8528570091110386,0.8848293875222842,Carboxylic acids and derivatives
M257T609_d,1042,0.8528570091110386,0.8848293875222842,Carboxylic acids and derivatives
M174T663,1043,0.8565422540872337,1.0273879517127338,Keto acids and derivatives
M123T88,1044,0.8580917878439273,0.9642052899892206,Pyridines and derivatives
M406T713_a,1045,0.8597690158009933,0.9753770801241622,Organooxygen compounds
M406T713_b,1046,0.8597690158009933,0.9753770801241622,Organooxygen compounds
M117T503,1047,0.8777389487285684,1.02102442193081,Carboxylic acids and derivatives
M367T724_a,1048,0.8794687175211588,0.9388116573253866,Organooxygen compounds
M367T724_b,1049,0.8794687175211588,0.9388116573253866,Organooxygen compounds
M367T724_c,1050,0.8794687175211588,0.9388116573253866,Organooxygen compounds
M367T724_d,1051,0.8794687175211588,0.9388116573253866,Organooxygen compounds
M367T724_e,1052,0.8794687175211588,0.9388116573253866,Organooxygen compounds
M147T545,1053,0.88607895961364,0.976838148567637,Phenols
M118T478,1054,0.8882496669064146,0.9893762397036457,Carboxylic acids and derivatives
M277T560,1055,0.888863895860184,1.0592580711058015,Thiohydroximic acids and derivatives
M194T282,1056,0.8930339349594483,0.9838080297589339,Carboxylic acids and derivatives
M336T658_a,1057,0.8933636157293825,1.0281957873256828,Carboxylic acids and derivatives
M336T658_b,1058,0.8933636157293825,1.0281957873256828,Carboxylic acids and derivatives
M286T369_a,1059,0.8951214320581502,1.0247841314916077,Morphinans
M286T369_b,1060,0.8951214320581502,1.0247841314916077,Morphinans
M482T323,1061,0.8968337790356695,1.021990701323549,Glycerophospholipids
M163T557_a,1062,0.9025527267003428,0.9555862504071218,Organooxygen compounds
M163T557_b,1063,0.9025527267003428,0.9555862504071218,Organooxygen compounds
M163T557_c,1064,0.9025527267003428,0.9555862504071218,Keto acids and derivatives
M163T557_d,1065,0.9025527267003428,0.9555862504071218,Keto acids and derivatives
M163T557_e,1066,0.9025527267003428,0.9555862504071218,Organooxygen compounds
M163T557_f,1067,0.9025527267003428,0.9555862504071218,Organooxygen compounds
M163T557_g,1068,0.9025527267003428,0.9555862504071218,Organooxygen compounds
M163T557_h,1069,0.9025527267003428,0.9555862504071218,Organooxygen compounds
M163T557_i,1070,0.9025527267003428,0.9555862504071218,Organooxygen compounds
M163T557_j,1071,0.9025527267003428,0.9555862504071218,Fatty Acyls
M335T634,1072,0.9031637743585483,0.9897635727014417,Organooxygen compounds
M198T727_a,1073,0.9094774292392764,0.958077568639958,Hydroxy acids and derivatives
M198T727_b,1074,0.9094774292392764,0.958077568639958,Hydroxy acids and derivatives
M198T727_c,1075,0.9094774292392764,0.958077568639958,Organooxygen compounds
M208T553_a,1076,0.9180756684179532,1.01709320051889,Organooxygen compounds
M208T553_b,1077,0.9180756684179532,1.01709320051889,Organooxygen compounds
M375T566_a,1078,0.9255030247003375,0.9933251280319478,Fatty Acyls
M375T566_b,1079,0.9255030247003375,0.9933251280319478,Organooxygen compounds
M375T566_c,1080,0.9255030247003375,0.9933251280319478,Organooxygen compounds
M189T569_a,1081,0.9277844336123262,1.0589269121804072,Carboxylic acids and derivatives
M189T569_b,1082,0.9277844336123262,1.0589269121804072,Carboxylic acids and derivatives
M175T961,1083,0.9280878205566598,0.9892169366932057,Carboxylic acids and derivatives
M127T282,1084,0.9298506448401305,0.98391592514181,Phenols
M106T560,1085,0.9321445323297353,1.01309765088468,Organonitrogen compounds
M241T689_a,1086,0.9372315791055107,1.0151774795245767,Peptidomimetics
M241T689_b,1087,0.9372315791055107,1.0151774795245767,Peptidomimetics
M241T689_c,1088,0.9372315791055107,1.0151774795245767,Carboxylic acids and derivatives
M120T591,1089,0.9375059269754483,0.9880343542639018,Fatty Acyls
M327T632,1090,0.9389127881901942,0.9684883173368951,Organic sulfuric acids and derivatives
M267T653,1091,0.9413547058364025,1.0186245342191702,Lactams
M282T599,1092,0.9422264894596806,1.007440541600814,Purine nucleosides
M173T804_a,1093,0.9468762829398247,0.9884222463415815,Glycerophospholipids
M173T804_b,1094,0.9468762829398247,0.9884222463415815,Glycerophospholipids
M173T804_c,1095,0.9468762829398247,0.9884222463415815,Glycerophospholipids
M173T804_d,1096,0.9468762829398247,0.9884222463415815,Glycerophospholipids
M338T733,1097,0.948170795813059,1.0067223057851373,Carboxylic acids and derivatives
M217T791,1098,0.9555739871573853,1.0415518781174693,Carboxylic acids and derivatives
M247T792,1099,0.9595039369863091,1.0070537006650293,Organic sulfuric acids and derivatives
M592T765_a,1100,0.9740640410926374,0.9941252094124,5'-deoxyribonucleosides
M592T765_b,1101,0.9740640410926374,0.9941252094124,Saccharolipids
M592T765_c,1102,0.9740640410926374,0.9941252094124,Saccharolipids
M405T803,1103,0.9770499971743951,1.003952420177757,Pyrimidine nucleotides
M377T382,1104,0.9837190229873891,1.001674809817299,Pteridines and derivatives
M184T910,1105,0.9894991753464254,0.9982816620969538,Organonitrogen compounds
M145T463,1106,0.989762332609724,1.0025193732301847,Organonitrogen compounds
M131T561_a,1107,0.9920430618116682,0.9985042607770647,Pyrrolines
M131T561_b,1108,0.9920430618116682,0.9985042607770647,Carboxylic acids and derivatives
M131T561_c,1109,0.9920430618116682,0.9985042607770647,Carboxylic acids and derivatives
M131T561_d,1110,0.9920430618116682,0.9985042607770647,Carboxylic acids and derivatives
M248T623_a,1111,0.9929042455182732,0.9986190117232965,Benzene and substituted derivatives
M248T623_b,1112,0.9929042455182732,0.9986190117232965,Carboxylic acids and derivatives
M248T623_c,1113,0.9929042455182732,0.9986190117232965,Carboxylic acids and derivatives
M248T623_d,1114,0.9929042455182732,0.9986190117232965,Benzene and substituted derivatives
M198T720,1115,0.9938062479803931,1.0012593827310652,Carboxylic acids and derivatives
M481T565,1116,0.9938199425464358,1.00189932126214,Purine nucleotides
M229T659,1117,0.9962588459425972,1.000608336258591,Benzene and substituted derivatives
M189T649,1118,0.9962848284830463,1.0006716586893647,Carboxylic acids and derivatives
M188T725_a,1119,0.9971093207680367,0.999084901684863,Organooxygen compounds
M188T725_b,1120,0.9971093207680367,0.999084901684863,Organooxygen compounds
M188T725_c,1121,0.9971093207680367,0.999084901684863,Carboxylic acids and derivatives
M188T725_d,1122,0.9971093207680367,0.999084901684863,Carboxylic acids and derivatives
M350T631,1123,0.9972088780745214,1.0004245081518703,Lactams
M560T783,1124,0.9995591277957923,1.0000784409270842,Purine nucleotides
