name,pvalues,keycpdname,alteredMetabolites,upcount,downcount,upratio,altratio,csize,adjustedpvalue,xlogp,Compounds
5'-deoxy-5'-thionucleosides,0.12409940640240122,M465T826_b,2,2,0,1,0.2222222222222222,9,0.20683234400400205,778,M465T826_b<br>M465T826_c<br>M298T180<br>M415T798<br>M597T634_c<br>M385T708<br>M415T764<br>M592T733_c<br>M592T765_a
Alcohols and polyols,0.0717160148374668,M198T542_i,4,0,4,0,0.4,10,0.13416480382917786,739,M198T542_i<br>M220T495<br>M180T557_g<br>M243T883_d<br>M198T677_a<br>M198T677_i<br>M198T557_f<br>M179T593_c<br>M203T478_h<br>M163T557_a
Amines,0.19853255520230983,M150T267,2,1,1,0.5,0.4,5,0.30806775807254977,789,M150T267<br>M302T233<br>M60T489_a<br>M60T489_b<br>M106T560
"Amino acids, peptides, and analogues",4.735814107663425e-63,M228T610,149,24,125,0.1610738255033557,0.5,298,1.0655581742242706e-61,454.5,M228T610<br>M269T538_a<br>M269T538_b<br>M269T538_c<br>M215T526<br>M244T676<br>M150T513<br>M245T64_a<br>M245T64_b<br>M318T322<br>M190T691<br>M260T659_a<br>M260T659_b<br>M220T729<br>M199T695<br>M230T597<br>M257T680<br>M490T589<br>M247T477_b<br>M230T681<br>M283T470<br>M165T597<br>M288T733<br>M176T727<br>M192T676<br>M140T724<br>M143T592<br>M257T635<br>M219T483_a<br>M219T483_b<br>M219T483_c<br>M233T819_a<br>M233T819_b<br>M233T819_c<br>M175T687_a<br>M175T687_b<br>M305T672<br>M294T472<br>M302T432<br>M212T593<br>M338T789<br>M490T732<br>M263T422<br>M213T586_a<br>M213T586_b<br>M213T661_a<br>M213T661_b<br>M227T626<br>M233T723_a<br>M233T723_b<br>M233T723_c<br>M233T723_d<br>M132T475_a<br>M132T475_b<br>M132T475_c<br>M186T686_a<br>M186T686_b<br>M186T686_d<br>M186T686_e<br>M186T686_f<br>M444T721<br>M262T812<br>M232T686<br>M166T675_2<br>M256T744_a<br>M256T744_b<br>M256T722_a<br>M256T722_b<br>M259T564<br>M187T620<br>M198T623_a<br>M198T623_b<br>M198T623_c<br>M262T540_a<br>M262T540_b<br>M205T533_2<br>M269T461_a<br>M216T557<br>M197T661_a<br>M197T661_b<br>M166T791_a<br>M166T791_b<br>M166T791_c<br>M233T449<br>M245T327_a<br>M245T327_b<br>M245T327_c<br>M245T327_d<br>M265T325<br>M276T760_a<br>M276T760_b<br>M248T813<br>M285T606_a<br>M285T606_b<br>M260T688_2_a<br>M260T688_2_b<br>M146T655_2<br>M248T769<br>M188T561_a<br>M188T561_b<br>M258T763<br>M221T717<br>M251T722<br>M176T724<br>M267T380<br>M245T771<br>M212T534<br>M237T417_a<br>M237T417_b<br>M220T763<br>M246T738<br>M231T782<br>M213T800_a<br>M213T800_b<br>M293T597<br>M276T781<br>M409T890<br>M215T791<br>M130T544<br>M352T286<br>M274T702<br>M284T679<br>M170T701<br>M277T836<br>M393T459<br>M203T657<br>M241T540_a<br>M241T540_b<br>M232T554_1_a<br>M132T497_a<br>M132T497_b<br>M322T620<br>M231T355_a<br>M231T355_b<br>M277T678<br>M356T728<br>M248T791<br>M201T609_a<br>M201T609_b<br>M201T609_c<br>M201T609_d<br>M295T365_a<br>M295T365_b<br>M220T791<br>M306T670<br>M214T736<br>M247T645_a<br>M247T645_b<br>M287T546<br>M126T540_a<br>M126T540_b<br>M126T540_c<br>M290T748<br>M104T120<br>M126T660<br>M272T566<br>M288T616_a<br>M288T616_b<br>M219T871<br>M116T564_a<br>M116T564_b<br>M247T850<br>M290T849<br>M198T578<br>M199T634<br>M294T499<br>M361T784<br>M337T854<br>M223T680_b<br>M223T680_c<br>M219T609<br>M244T881<br>M208T520<br>M246T775<br>M133T582_b<br>M247T697<br>M175T738<br>M369T910<br>M288T651_a<br>M288T651_b<br>M313T744<br>M189T721_2<br>M257T427_a<br>M217T681<br>M90T631<br>M128T336_a<br>M246T1014<br>M246T533<br>M143T613<br>M317T573_4<br>M247T722_a<br>M247T722_b<br>M203T471_a<br>M203T471_b<br>M245T680_b<br>M245T680_c<br>M239T560<br>M330T543<br>M178T740_a<br>M178T740_b<br>M271T613<br>M300T580<br>M232T816<br>M147T687<br>M277T855<br>M295T627<br>M114T296<br>M276T856<br>M291T766<br>M304T842<br>M144T460<br>M229T553<br>M305T802<br>M166T723_a<br>M166T723_b<br>M166T723_c<br>M166T723_d<br>M106T691_a<br>M106T691_b<br>M219T756<br>M219T791_a<br>M219T791_b<br>M219T791_c<br>M276T800<br>M255T575<br>M178T723<br>M306T427<br>M247T655_d<br>M214T564<br>M261T556<br>M233T898<br>M339T557<br>M118T587_a<br>M118T587_b<br>M148T733<br>M166T463_a<br>M166T463_b<br>M275T786<br>M243T625<br>M285T790_a<br>M285T790_b<br>M274T658<br>M104T685_2<br>M118T493_2<br>M291T872<br>M201T574<br>M182T545<br>M235T791<br>M442T803<br>M152T687_a<br>M281T791<br>M222T502<br>M313T730<br>M313T565<br>M176T746<br>M332T723<br>M190T716_a<br>M190T716_b<br>M76T664<br>M293T580_b<br>M286T724<br>M156T573_a<br>M156T573_b<br>M286T910<br>M285T766<br>M253T505<br>M204T723<br>M281T399<br>M291T791<br>M147T985<br>M261T823<br>M240T653_b<br>M132T636<br>M188T712_a<br>M188T712_b<br>M201T673<br>M257T609_a<br>M257T609_b<br>M257T609_c<br>M257T609_d<br>M117T503<br>M118T478<br>M194T282<br>M336T658_a<br>M336T658_b<br>M189T569_a<br>M189T569_b<br>M175T961<br>M241T689_c<br>M338T733<br>M217T791<br>M131T561_b<br>M131T561_c<br>M131T561_d<br>M198T720<br>M189T649<br>M188T725_c<br>M188T725_d
Benzoic acids and derivatives,0.001129963327873417,M148T514,6,3,3,0.5,0.5454545454545454,11,0.0036320249824502693,285,M148T514<br>M247T477_c<br>M176T557_a<br>M176T557_b<br>M269T461_b<br>M155T336<br>M206T679<br>M247T655_c<br>M216T790<br>M275T565<br>M229T659
Carbohydrates and carbohydrate conjugates,4.2672416871335273e-72,M827T388,166,5,161,0.030120481927710843,0.44623655913978494,372,1.9202587592100872e-70,516.5,M827T388<br>M283T610_a<br>M283T610_b<br>M283T610_c<br>M1008T845<br>M244T463_a<br>M244T463_b<br>M322T497<br>M343T717_a<br>M343T717_b<br>M343T717_c<br>M343T717_d<br>M343T717_e<br>M343T717_f<br>M343T717_g<br>M343T717_h<br>M343T717_i<br>M343T717_j<br>M343T717_k<br>M343T717_l<br>M343T717_m<br>M651T817<br>M198T542_a<br>M198T542_b<br>M198T542_c<br>M198T542_d<br>M198T542_e<br>M198T542_f<br>M198T542_g<br>M198T542_h<br>M198T542_j<br>M240T410_b<br>M708T921<br>M248T733_a<br>M248T733_b<br>M248T733_c<br>M248T733_d<br>M248T733_g<br>M248T733_h<br>M568T812_a<br>M568T812_b<br>M365T544<br>M505T845<br>M335T811_a<br>M335T811_b<br>M335T811_c<br>M360T727_a<br>M360T727_b<br>M360T727_c<br>M360T727_d<br>M360T727_e<br>M360T727_f<br>M360T727_g<br>M360T727_h<br>M360T727_i<br>M360T727_j<br>M360T727_k<br>M360T727_l<br>M288T462_b<br>M667T930<br>M527T866_a<br>M527T866_b<br>M527T866_c<br>M527T866_d<br>M527T866_e<br>M527T866_f<br>M527T866_g<br>M527T866_h<br>M527T866_i<br>M527T866_j<br>M259T772_d<br>M259T772_e<br>M232T789_a<br>M232T789_b<br>M348T543<br>M563T845_a<br>M563T845_b<br>M563T845_c<br>M487T800_a<br>M487T800_b<br>M487T800_c<br>M487T800_d<br>M487T800_e<br>M487T800_f<br>M487T800_g<br>M487T800_h<br>M487T800_i<br>M692T790<br>M278T768_a<br>M278T768_b<br>M278T768_c<br>M278T768_d<br>M278T768_e<br>M278T768_f<br>M278T768_g<br>M278T768_h<br>M278T768_i<br>M563T867_a<br>M563T867_b<br>M563T867_c<br>M331T618<br>M725T928<br>M406T687_a<br>M406T687_b<br>M406T687_c<br>M323T680_a<br>M323T680_b<br>M323T680_c<br>M541T846<br>M242T773_a<br>M242T773_b<br>M342T929<br>M469T635<br>M205T543<br>M335T832<br>M342T845<br>M407T871<br>M374T798<br>M365T829_a<br>M365T829_b<br>M365T829_c<br>M365T829_d<br>M365T829_e<br>M365T829_f<br>M365T829_g<br>M365T829_h<br>M365T829_i<br>M365T829_j<br>M365T829_k<br>M365T829_l<br>M365T829_m<br>M365T829_n<br>M365T829_o<br>M365T829_p<br>M268T727<br>M358T727_a<br>M358T727_b<br>M358T727_c<br>M337T712_a<br>M337T712_b<br>M374T694<br>M365T574<br>M392T798_a<br>M212T522_a<br>M337T689_a<br>M337T689_b<br>M829T972<br>M379T564_a<br>M379T564_b<br>M243T883_a<br>M243T883_b<br>M243T883_c<br>M243T883_e<br>M243T883_f<br>M243T883_g<br>M243T883_h<br>M243T883_i<br>M243T883_j<br>M366T586_a<br>M366T586_b<br>M310T660<br>M204T769_a<br>M204T769_b<br>M204T769_c<br>M204T769_d<br>M465T826_a<br>M325T765_a<br>M325T765_b<br>M325T765_c<br>M325T765_d<br>M325T765_e<br>M325T765_f<br>M325T765_g<br>M325T765_h<br>M325T765_i<br>M325T765_j<br>M325T765_k<br>M325T765_l<br>M380T855_a<br>M380T855_b<br>M349T831_c<br>M198T694<br>M542T794<br>M284T417_c<br>M284T417_d<br>M347T621<br>M445T849_a<br>M445T849_b<br>M445T849_c<br>M445T849_d<br>M445T849_e<br>M445T849_f<br>M223T680_a<br>M418T631_a<br>M418T631_b<br>M423T849_a<br>M423T849_b<br>M423T849_c<br>M423T849_d<br>M423T849_e<br>M423T849_f<br>M365T629_a<br>M365T629_b<br>M365T629_c<br>M365T629_d<br>M365T629_e<br>M365T629_f<br>M365T629_g<br>M365T629_h<br>M365T629_i<br>M365T629_j<br>M365T629_k<br>M365T629_l<br>M364T812_d<br>M364T812_g<br>M365T798_a<br>M385T846<br>M347T712<br>M245T680_a<br>M204T686_b<br>M204T686_c<br>M341T680_a<br>M341T680_b<br>M341T680_c<br>M363T676_a<br>M363T676_b<br>M363T676_c<br>M991T992<br>M266T459_b<br>M336T631_e<br>M336T631_h<br>M384T805<br>M363T722_a<br>M363T722_b<br>M363T722_c<br>M325T676_a<br>M325T676_b<br>M325T676_c<br>M325T676_d<br>M325T676_e<br>M325T676_f<br>M325T676_g<br>M325T676_h<br>M325T676_i<br>M325T676_j<br>M325T676_k<br>M325T676_l<br>M325T676_m<br>M247T655_a<br>M198T677_b<br>M198T677_c<br>M198T677_f<br>M198T677_g<br>M198T677_h<br>M198T677_j<br>M198T677_k<br>M198T677_l<br>M198T677_m<br>M198T677_n<br>M198T677_o<br>M365T724_a<br>M365T724_b<br>M365T724_c<br>M365T724_d<br>M365T724_e<br>M365T724_f<br>M365T724_g<br>M365T724_h<br>M365T724_i<br>M365T724_j<br>M365T724_k<br>M365T724_l<br>M365T724_m<br>M365T724_n<br>M365T724_o<br>M365T724_p<br>M365T724_q<br>M365T724_r<br>M365T724_s<br>M273T864<br>M198T557_a<br>M198T557_b<br>M198T557_c<br>M198T557_d<br>M198T557_e<br>M198T557_g<br>M198T557_h<br>M198T557_i<br>M198T557_j<br>M383T719_b<br>M383T719_c<br>M383T719_d<br>M245T669_a<br>M245T669_b<br>M245T631_a<br>M245T631_b<br>M347T541<br>M428T769_e<br>M428T769_g<br>M527T778_a<br>M527T778_b<br>M527T778_c<br>M527T778_d<br>M527T778_e<br>M527T778_f<br>M527T778_g<br>M527T778_h<br>M527T778_i<br>M243T740<br>M335T659<br>M365T850_a<br>M365T850_b<br>M365T850_c<br>M365T850_d<br>M365T850_e<br>M365T850_f<br>M365T850_g<br>M365T850_h<br>M365T850_i<br>M365T850_j<br>M365T850_k<br>M365T850_l<br>M365T850_m<br>M365T850_n<br>M365T850_o<br>M365T850_p<br>M365T850_q<br>M522T820_a<br>M522T820_b<br>M522T820_c<br>M522T820_d<br>M522T820_e<br>M522T820_f<br>M522T820_g<br>M522T820_h<br>M522T820_i<br>M522T820_j<br>M442T564_1_a<br>M442T564_1_b<br>M179T593_d<br>M179T593_e<br>M179T593_f<br>M179T593_g<br>M362T856<br>M364T861_c<br>M364T861_d<br>M364T861_g<br>M203T478_b<br>M203T478_c<br>M203T478_d<br>M203T478_e<br>M203T478_f<br>M203T478_g<br>M406T713_a<br>M406T713_b<br>M367T724_a<br>M367T724_b<br>M367T724_c<br>M367T724_d<br>M367T724_e<br>M163T557_b<br>M163T557_e<br>M163T557_f<br>M163T557_g<br>M163T557_h<br>M163T557_i<br>M335T634<br>M198T727_c<br>M375T566_b<br>M375T566_c<br>M188T725_a<br>M188T725_b
Carbonyl compounds,0.002979156016250751,M206T549,7,1,6,0.14285714285714285,0.3684210526315789,19,0.008378876295705237,584,M206T549<br>M247T477_a<br>M259T772_c<br>M218T770<br>M269T461_c<br>M338T305<br>M213T825_a<br>M251T405<br>M87T54<br>M105T337<br>M185T712<br>M247T655_b<br>M130T468<br>M263T520<br>M268T356<br>M112T503<br>M112T481<br>M208T553_a<br>M208T553_b
Cyclic purine nucleotides,2.703548127513944e-5,M346T589,3,0,3,0,1,3,1.7379952248303926e-4,346,M346T589<br>M330T484<br>M330T519
Dicarboxylic acids and derivatives,0.012354711558161889,M248T733_j,3,1,2,0.3333333333333333,0.42857142857142855,7,0.02722652538127944,576,M248T733_j<br>M243T562<br>M243T742<br>M163T712<br>M226T681_b<br>M248T623_b<br>M248T623_c
Fatty acid esters,2.611962436338544e-6,M204T558_1,4,0,4,0,1,4,2.938457740880862e-5,175.5,M204T558_1<br>M428T300<br>M400T306<br>M400T291
Fatty acids and conjugates,4.29819352212643e-9,M145T558_a,17,0,17,0,0.5483870967741935,31,6.447290283189645e-8,243,M145T558_a<br>M145T558_b<br>M145T558_c<br>M145T558_d<br>M146T696<br>M289T727_a<br>M289T727_b<br>M289T727_c<br>M180T728_a<br>M180T728_b<br>M180T728_c<br>M180T728_d<br>M186T686_c<br>M180T557_c<br>M180T557_e<br>M180T557_f<br>M180T557_h<br>M120T559<br>M163T677_a<br>M163T677_b<br>M163T677_c<br>M269T642_a<br>M269T642_b<br>M269T642_c<br>M269T642_d<br>M163T765_a<br>M163T765_b<br>M163T765_c<br>M245T602_b<br>M163T557_j<br>M120T591
Fatty acyl glycosides,0.012705711844597073,M307T596,2,2,0,1,0.3333333333333333,6,0.02722652538127944,485.5,M307T596<br>M367T714<br>M349T831_a<br>M349T831_b<br>M383T719_a<br>M375T566_a
Gamma-keto acids and derivatives,8.985549289417147e-4,M279T438,4,0,4,0,0.6666666666666666,6,0.0031103824463367047,417.5,M279T438<br>M180T514_a<br>M180T514_b<br>M180T514_c<br>M168T660_b<br>M279T631
Glycerophosphates,4.640230833195157e-4,M173T638_a,4,0,4,0,0.3333333333333333,12,0.0018982762499434734,546.5,M173T638_a<br>M173T638_b<br>M173T638_c<br>M173T638_d<br>M155T729_a<br>M155T729_b<br>M155T729_c<br>M155T729_d<br>M173T804_a<br>M173T804_b<br>M173T804_c<br>M173T804_d
Glycerophosphocholines,7.623720837663398e-4,M789T254,5,4,1,0.8,0.5,10,0.002858895314123774,496,M789T254<br>M258T718_1<br>M468T343<br>M787T82<br>M510T346<br>M524T339_2_a<br>M524T339_2_b<br>M496T339<br>M524T326_a<br>M524T326_b
Glycerophosphoethanolamines,2.1015771531374128e-4,M216T729,2,1,1,0.5,0.25,8,9.907876988071503e-4,498,M216T729<br>M719T261<br>M504T341<br>M719T84<br>M454T356_2<br>M482T342<br>M454T332<br>M482T323
Hydroxycinnamic acids and derivatives,2.1028513289333972e-5,M254T697,3,0,3,0,1,3,1.577138496700048e-4,289,M254T697<br>M290T661<br>M254T722
Imidazoles,0.01000212303200898,M128T392,2,0,2,0,0.5,4,0.023689238760021266,364.5,M128T392<br>M139T521<br>M127T583<br>M174T635
Medium-chain keto acids and derivatives,0.00894550968055214,M177T729,6,0,6,0,0.4,15,0.02236377420138035,621,M177T729<br>M259T772_a<br>M259T772_b<br>M188T657<br>M180T557_a<br>M180T557_b<br>M163T677_d<br>M163T677_e<br>M179T593_i<br>M179T593_j<br>M179T593_k<br>M143T540_a<br>M143T540_b<br>M163T557_c<br>M163T557_d
Methoxyphenols,0.07791178923924406,M184T441_b,2,0,2,0,0.6666666666666666,3,0.13484732752946088,323,M184T441_b<br>M184T441_c<br>M147T545
Phosphate esters,0.026545495268117447,M248T733_e,3,0,3,0,0.42857142857142855,7,0.05429760395751296,498,M248T733_e<br>M248T733_f<br>M213T825_b<br>M142T875<br>M204T686_a<br>M228T510<br>M174T669
Pterins and derivatives,1.3678994627162887e-5,M238T462,4,0,4,0,0.4,10,1.2311095164446598e-4,662.5,M238T462<br>M240T410_a<br>M240T410_c<br>M472T674<br>M494T710<br>M336T631_a<br>M336T631_b<br>M336T631_f<br>M336T631_g<br>M336T631_i
Purine deoxyribonucleotides,0.07453600212732103,M392T798_b,2,1,1,0.5,0.4,5,0.13416480382917786,581,M392T798_b<br>M315T561_a<br>M365T798_b<br>M332T781<br>M428T769_c
Purine nucleotide sugars,1.1641813393686822e-4,M606T877_a,2,0,2,0,0.2222222222222222,9,6.548520033948838e-4,629,M606T877_a<br>M606T877_b<br>M572T748_a<br>M572T748_b<br>M662T793_a<br>M662T793_b<br>M662T793_c<br>M662T793_d<br>M560T783
Purine ribonucleotides,0.0023848272892060245,M466T875_a,4,3,1,0.75,0.23529411764705882,17,0.007154481867618074,568,M466T875_a<br>M466T875_b<br>M466T875_c<br>M315T561_b<br>M349T831_d<br>M349T831_e<br>M348T802<br>M364T812_b<br>M364T812_f<br>M428T769_a<br>M428T769_b<br>M428T769_d<br>M428T769_f<br>M428T769_h<br>M364T861_a<br>M364T861_f<br>M481T565
Purines and purine derivatives,0.1653074944560084,M174T472,3,0,3,0,0.3333333333333333,9,0.26567275894715636,670,M174T472<br>M150T421<br>M212T522_b<br>M136T281<br>M137T295_2<br>M153T383<br>M203T478_a<br>M203T478_i<br>M203T478_j
Pyridinecarboxylic acids and derivatives,0.03342844484753893,M185T694,3,2,1,0.6666666666666666,0.5,6,0.06540347904953268,493.5,M185T694<br>M184T68<br>M124T389_2<br>M123T112<br>M124T510<br>M123T88
Short-chain keto acids and derivatives,0.004762401975482281,M175T438_a,3,0,3,0,0.6,5,0.012606358170394273,217,M175T438_a<br>M175T438_b<br>M186T686_g<br>M168T660_a<br>M174T663
Steroidal glycosides,2.2017504417936673e-4,M555T422,9,0,9,0,0.36,25,9.907876988071503e-4,603,M555T422<br>M618T492_a<br>M618T492_b<br>M618T492_c<br>M618T492_d<br>M618T463_a<br>M618T463_b<br>M618T463_c<br>M618T463_d<br>M578T493_a<br>M578T493_b<br>M638T423_a<br>M638T423_b<br>M538T327_a<br>M538T327_b<br>M572T327_a<br>M572T327_b<br>M572T327_c<br>M572T327_d<br>M554T329_a<br>M554T329_b<br>M554T329_c<br>M554T329_d<br>M554T329_e<br>M536T353
