compound_name,order,pvalue,foldchange,class
M162T651_2,1,1.277944593072081e-11,0.31272493026361625,Quaternary ammonium salts
M145T558_a,2,8.86051925491568e-11,0.20731530410480892,Fatty acids and conjugates
M145T558_b,3,8.86051925491568e-11,0.20731530410480892,Fatty acids and conjugates
M145T558_c,4,8.86051925491568e-11,0.20731530410480892,Fatty acids and conjugates
M145T558_d,5,8.86051925491568e-11,0.20731530410480892,Fatty acids and conjugates
M145T558_e,6,8.86051925491568e-11,0.20731530410480892,Medium-chain hydroxy acids and derivatives
M204T558_1,7,4.642043741872168e-9,0.15875959342441606,Fatty acid esters
M827T388,8,1.794413996931182e-7,0.40557789171891745,Carbohydrates and carbohydrate conjugates
M228T610,9,2.614576415490229e-7,0.3673914855176766,"Amino acids, peptides, and analogues"
M146T696,10,3.3664953863326836e-7,0.32043856942033766,Fatty acids and conjugates
M283T610_a,11,1.038205961943744e-6,0.3398649038993164,Carbohydrates and carbohydrate conjugates
M283T610_b,12,1.038205961943744e-6,0.3398649038993164,Carbohydrates and carbohydrate conjugates
M283T610_c,13,1.038205961943744e-6,0.3398649038993164,Carbohydrates and carbohydrate conjugates
M216T729,14,1.390099579518872e-6,0.4296257647141094,Glycerophosphoethanolamines
M324T507,15,1.5648093415845492e-6,0.5207174911253631,Cyclic pyrimidine nucleotides
M269T538_a,16,6.098928685516012e-6,0.5117724455764632,"Amino acids, peptides, and analogues"
M269T538_b,17,6.098928685516012e-6,0.5117724455764632,"Amino acids, peptides, and analogues"
M269T538_c,18,6.098928685516012e-6,0.5117724455764632,"Amino acids, peptides, and analogues"
M206T549,19,8.356035825571613e-6,0.2518740189557614,Carbonyl compounds
M215T526,20,9.174176985674567e-6,0.576214773714452,"Amino acids, peptides, and analogues"
M244T676,21,9.693379749462355e-6,0.30081624079110275,"Amino acids, peptides, and analogues"
M150T513,22,2.9963784849483514e-5,0.5918967414319192,"Amino acids, peptides, and analogues"
M1008T845,23,3.646017732942862e-5,0.4285302476534858,Carbohydrates and carbohydrate conjugates
M244T463_a,24,3.9726458483156e-5,0.4554483561631387,Carbohydrates and carbohydrate conjugates
M244T463_b,25,3.9726458483156e-5,0.4554483561631387,Carbohydrates and carbohydrate conjugates
M245T64_a,26,3.992427672788949e-5,0.6032610971989765,"Amino acids, peptides, and analogues"
M245T64_b,27,3.992427672788949e-5,0.6032610971989765,"Amino acids, peptides, and analogues"
M238T462,28,4.91510331726323e-5,0.2952851739348322,Pterins and derivatives
M322T497,29,5.19438616474768e-5,0.48067864543477296,Carbohydrates and carbohydrate conjugates
M343T717_a,30,5.535513748944874e-5,0.56433051607874,Carbohydrates and carbohydrate conjugates
M343T717_b,31,5.535513748944874e-5,0.56433051607874,Carbohydrates and carbohydrate conjugates
M343T717_c,32,5.535513748944874e-5,0.56433051607874,Carbohydrates and carbohydrate conjugates
M343T717_d,33,5.535513748944874e-5,0.56433051607874,Carbohydrates and carbohydrate conjugates
M343T717_e,34,5.535513748944874e-5,0.56433051607874,Carbohydrates and carbohydrate conjugates
M343T717_f,35,5.535513748944874e-5,0.56433051607874,Carbohydrates and carbohydrate conjugates
M343T717_g,36,5.535513748944874e-5,0.56433051607874,Carbohydrates and carbohydrate conjugates
M343T717_h,37,5.535513748944874e-5,0.56433051607874,Carbohydrates and carbohydrate conjugates
M343T717_i,38,5.535513748944874e-5,0.56433051607874,Carbohydrates and carbohydrate conjugates
M343T717_j,39,5.535513748944874e-5,0.56433051607874,Carbohydrates and carbohydrate conjugates
M343T717_k,40,5.535513748944874e-5,0.56433051607874,Carbohydrates and carbohydrate conjugates
M343T717_l,41,5.535513748944874e-5,0.56433051607874,Carbohydrates and carbohydrate conjugates
M343T717_m,42,5.535513748944874e-5,0.56433051607874,Carbohydrates and carbohydrate conjugates
M651T817,43,5.847640224531e-5,0.41250738765922534,Carbohydrates and carbohydrate conjugates
M198T542_a,44,6.962659549373196e-5,0.508561834510795,Carbohydrates and carbohydrate conjugates
M198T542_b,45,6.962659549373196e-5,0.508561834510795,Carbohydrates and carbohydrate conjugates
M198T542_c,46,6.962659549373196e-5,0.508561834510795,Carbohydrates and carbohydrate conjugates
M198T542_d,47,6.962659549373196e-5,0.508561834510795,Carbohydrates and carbohydrate conjugates
M198T542_e,48,6.962659549373196e-5,0.508561834510795,Carbohydrates and carbohydrate conjugates
M198T542_f,49,6.962659549373196e-5,0.508561834510795,Carbohydrates and carbohydrate conjugates
M198T542_g,50,6.962659549373196e-5,0.508561834510795,Carbohydrates and carbohydrate conjugates
M198T542_h,51,6.962659549373196e-5,0.508561834510795,Carbohydrates and carbohydrate conjugates
M198T542_i,52,6.962659549373196e-5,0.508561834510795,Alcohols and polyols
M198T542_j,53,6.962659549373196e-5,0.508561834510795,Carbohydrates and carbohydrate conjugates
M240T410_a,54,7.180624276539256e-5,0.34586224991847303,Pterins and derivatives
M240T410_b,55,7.180624276539256e-5,0.34586224991847303,Carbohydrates and carbohydrate conjugates
M240T410_c,56,7.180624276539256e-5,0.34586224991847303,Pterins and derivatives
M318T322,57,9.314238910474912e-5,0.40325997178065454,"Amino acids, peptides, and analogues"
M789T254,58,1.1245576387878951e-4,4.424089429428639,Glycerophosphocholines
M708T921,59,1.1264396722041364e-4,0.44804869673947356,Carbohydrates and carbohydrate conjugates
M190T691,60,1.1266379962826938e-4,0.42624200166233445,"Amino acids, peptides, and analogues"
M260T659_a,61,1.1951630404959714e-4,0.5220983242310318,"Amino acids, peptides, and analogues"
M260T659_b,62,1.1951630404959714e-4,0.5220983242310318,"Amino acids, peptides, and analogues"
M220T729,63,1.2740485796049948e-4,0.5938874759114189,"Amino acids, peptides, and analogues"
M248T733_a,64,1.2741576307345823e-4,0.549274048384308,Carbohydrates and carbohydrate conjugates
M248T733_b,65,1.2741576307345823e-4,0.549274048384308,Carbohydrates and carbohydrate conjugates
M248T733_c,66,1.2741576307345823e-4,0.549274048384308,Carbohydrates and carbohydrate conjugates
M248T733_d,67,1.2741576307345823e-4,0.549274048384308,Carbohydrates and carbohydrate conjugates
M248T733_e,68,1.2741576307345823e-4,0.549274048384308,Phosphate esters
M248T733_f,69,1.2741576307345823e-4,0.549274048384308,Phosphate esters
M248T733_g,70,1.2741576307345823e-4,0.549274048384308,Carbohydrates and carbohydrate conjugates
M248T733_h,71,1.2741576307345823e-4,0.549274048384308,Carbohydrates and carbohydrate conjugates
M248T733_i,72,1.2741576307345823e-4,0.549274048384308,2-phenoxypropionic acids
M248T733_j,73,1.2741576307345823e-4,0.549274048384308,Dicarboxylic acids and derivatives
M199T695,74,1.2824736413357695e-4,0.5672400674597368,"Amino acids, peptides, and analogues"
M568T812_a,75,1.3360485179325207e-4,0.5808703399588291,Carbohydrates and carbohydrate conjugates
M568T812_b,76,1.3360485179325207e-4,0.5808703399588291,Carbohydrates and carbohydrate conjugates
M177T729,77,1.464467918374501e-4,0.6000904866701181,Medium-chain keto acids and derivatives
M230T597,78,1.5039812287993942e-4,0.28658638927833774,"Amino acids, peptides, and analogues"
M257T680,79,1.5093011604498722e-4,0.6009980180265654,"Amino acids, peptides, and analogues"
M490T589,80,1.5188605582755797e-4,0.6239381691667577,"Amino acids, peptides, and analogues"
M220T495,81,1.5389416674418371e-4,0.6102055472847933,Alcohols and polyols
M148T514,82,1.5764545816227842e-4,0.5914938060966238,Benzoic acids and derivatives
M306T588,83,1.6764853504564457e-4,0.6116262599840896,Cyclic pyrimidine nucleotides
M174T472,84,1.8616216618247997e-4,0.6105749027040102,Purines and purine derivatives
M247T477_a,85,2.024924124354988e-4,0.6255857753089573,Carbonyl compounds
M247T477_b,86,2.024924124354988e-4,0.6255857753089573,"Amino acids, peptides, and analogues"
M247T477_c,87,2.024924124354988e-4,0.6255857753089573,Benzoic acids and derivatives
M365T544,88,2.1783920697634532e-4,0.6051920615672955,Carbohydrates and carbohydrate conjugates
M230T681,89,2.2163302895312275e-4,0.5638334175965871,"Amino acids, peptides, and analogues"
M283T470,90,2.3276998433491197e-4,0.5569038879787404,"Amino acids, peptides, and analogues"
M173T638_a,91,2.8301172645181375e-4,0.4973037865332044,Glycerophosphates
M173T638_b,92,2.8301172645181375e-4,0.4973037865332044,Glycerophosphates
M173T638_c,93,2.8301172645181375e-4,0.4973037865332044,Glycerophosphates
M173T638_d,94,2.8301172645181375e-4,0.4973037865332044,Glycerophosphates
M505T845,95,2.8497864978772023e-4,0.5102273966202251,Carbohydrates and carbohydrate conjugates
M165T597,96,2.907822689120956e-4,0.37681121112482874,"Amino acids, peptides, and analogues"
M258T718_1,97,3.5326719509976186e-4,0.6036166519875115,Glycerophosphocholines
M335T811_a,98,3.7928928310152144e-4,0.5893198141999315,Carbohydrates and carbohydrate conjugates
M335T811_b,99,3.7928928310152144e-4,0.5893198141999315,Carbohydrates and carbohydrate conjugates
M335T811_c,100,3.7928928310152144e-4,0.5893198141999315,Carbohydrates and carbohydrate conjugates
M360T727_a,101,4.1998976581879397e-4,0.5281724909155193,Carbohydrates and carbohydrate conjugates
M360T727_b,102,4.1998976581879397e-4,0.5281724909155193,Carbohydrates and carbohydrate conjugates
M360T727_c,103,4.1998976581879397e-4,0.5281724909155193,Carbohydrates and carbohydrate conjugates
M360T727_d,104,4.1998976581879397e-4,0.5281724909155193,Carbohydrates and carbohydrate conjugates
M360T727_e,105,4.1998976581879397e-4,0.5281724909155193,Carbohydrates and carbohydrate conjugates
M360T727_f,106,4.1998976581879397e-4,0.5281724909155193,Carbohydrates and carbohydrate conjugates
M360T727_g,107,4.1998976581879397e-4,0.5281724909155193,Carbohydrates and carbohydrate conjugates
M360T727_h,108,4.1998976581879397e-4,0.5281724909155193,Carbohydrates and carbohydrate conjugates
M360T727_i,109,4.1998976581879397e-4,0.5281724909155193,Carbohydrates and carbohydrate conjugates
M360T727_j,110,4.1998976581879397e-4,0.5281724909155193,Carbohydrates and carbohydrate conjugates
M360T727_k,111,4.1998976581879397e-4,0.5281724909155193,Carbohydrates and carbohydrate conjugates
M360T727_l,112,4.1998976581879397e-4,0.5281724909155193,Carbohydrates and carbohydrate conjugates
M288T462_b,113,4.3483053191213785e-4,0.6107796568533708,Carbohydrates and carbohydrate conjugates
M667T930,114,4.4553317631726636e-4,0.39970114415106617,Carbohydrates and carbohydrate conjugates
M527T866_a,115,4.58977818184921e-4,0.5494492551962333,Carbohydrates and carbohydrate conjugates
M527T866_b,116,4.58977818184921e-4,0.5494492551962333,Carbohydrates and carbohydrate conjugates
M527T866_c,117,4.58977818184921e-4,0.5494492551962333,Carbohydrates and carbohydrate conjugates
M527T866_d,118,4.58977818184921e-4,0.5494492551962333,Carbohydrates and carbohydrate conjugates
M527T866_e,119,4.58977818184921e-4,0.5494492551962333,Carbohydrates and carbohydrate conjugates
M527T866_f,120,4.58977818184921e-4,0.5494492551962333,Carbohydrates and carbohydrate conjugates
M527T866_g,121,4.58977818184921e-4,0.5494492551962333,Carbohydrates and carbohydrate conjugates
M527T866_h,122,4.58977818184921e-4,0.5494492551962333,Carbohydrates and carbohydrate conjugates
M527T866_i,123,4.58977818184921e-4,0.5494492551962333,Carbohydrates and carbohydrate conjugates
M527T866_j,124,4.58977818184921e-4,0.5494492551962333,Carbohydrates and carbohydrate conjugates
M259T772_a,125,5.014454580801866e-4,0.4385688226945831,Medium-chain keto acids and derivatives
M259T772_b,126,5.014454580801866e-4,0.4385688226945831,Medium-chain keto acids and derivatives
M259T772_c,127,5.014454580801866e-4,0.4385688226945831,Carbonyl compounds
M259T772_d,128,5.014454580801866e-4,0.4385688226945831,Carbohydrates and carbohydrate conjugates
M259T772_e,129,5.014454580801866e-4,0.4385688226945831,Carbohydrates and carbohydrate conjugates
M555T422,130,5.053414885585231e-4,0.24143647957803374,Steroidal glycosides
M232T789_a,131,5.533747875133936e-4,0.6157201376238864,Carbohydrates and carbohydrate conjugates
M232T789_b,132,5.533747875133936e-4,0.6157201376238864,Carbohydrates and carbohydrate conjugates
M428T300,133,5.573215518076596e-4,0.1609406806524527,Fatty acid esters
M288T733,134,5.826559268699529e-4,0.6173256946868136,"Amino acids, peptides, and analogues"
M171T299,135,5.924035246219911e-4,4.4072025080525465,Cinnamic acids
M176T727,136,5.94905179970444e-4,1.9522510947010367,"Amino acids, peptides, and analogues"
M289T727_a,137,6.186927000161146e-4,0.5623649109734312,Fatty acids and conjugates
M289T727_b,138,6.186927000161146e-4,0.5623649109734312,Fatty acids and conjugates
M289T727_c,139,6.186927000161146e-4,0.5623649109734312,Fatty acids and conjugates
M168T177,140,6.706379820556228e-4,0.6736925574390031,Pyridine carboxaldehydes
M192T676,141,6.983866502491888e-4,0.23112001588498787,"Amino acids, peptides, and analogues"
M140T724,142,7.012322187379067e-4,1.6632812980166025,"Amino acids, peptides, and analogues"
M180T728_a,143,7.259513501245627e-4,0.6194760864491854,Fatty acids and conjugates
M180T728_b,144,7.259513501245627e-4,0.6194760864491854,Fatty acids and conjugates
M180T728_c,145,7.259513501245627e-4,0.6194760864491854,Fatty acids and conjugates
M180T728_d,146,7.259513501245627e-4,0.6194760864491854,Fatty acids and conjugates
M185T694,147,7.321413471712586e-4,2.0333870108844962,Pyridinecarboxylic acids and derivatives
M143T592,148,8.865679634348589e-4,1.8101664141871667,"Amino acids, peptides, and analogues"
M257T635,149,9.121404701227884e-4,0.6001307044636985,"Amino acids, peptides, and analogues"
M348T543,150,0.0010336056342197919,0.7014471731330968,Carbohydrates and carbohydrate conjugates
M175T438_a,151,0.0010388461163600125,0.5274466609641978,Short-chain keto acids and derivatives
M175T438_b,152,0.0010388461163600125,0.5274466609641978,Short-chain keto acids and derivatives
M563T845_a,153,0.0010785195355412327,0.5392242515837008,Carbohydrates and carbohydrate conjugates
M563T845_b,154,0.0010785195355412327,0.5392242515837008,Carbohydrates and carbohydrate conjugates
M563T845_c,155,0.0010785195355412327,0.5392242515837008,Carbohydrates and carbohydrate conjugates
M344T843,156,0.0012012219966605019,0.6242707320227957,Hybrid peptides
M219T483_a,157,0.0012818994857483519,0.43950837150155936,"Amino acids, peptides, and analogues"
M219T483_b,158,0.0012818994857483519,0.43950837150155936,"Amino acids, peptides, and analogues"
M219T483_c,159,0.0012818994857483519,0.43950837150155936,"Amino acids, peptides, and analogues"
M233T819_a,160,0.0012829183168289536,0.6096697019868436,"Amino acids, peptides, and analogues"
M233T819_b,161,0.0012829183168289536,0.6096697019868436,"Amino acids, peptides, and analogues"
M233T819_c,162,0.0012829183168289536,0.6096697019868436,"Amino acids, peptides, and analogues"
M175T687_a,163,0.001318754458121065,2.0259485922140916,"Amino acids, peptides, and analogues"
M175T687_b,164,0.001318754458121065,2.0259485922140916,"Amino acids, peptides, and analogues"
M305T672,165,0.0013427661559142522,2.133522825189337,"Amino acids, peptides, and analogues"
M487T800_a,166,0.0013536814414366204,0.5471763022458219,Carbohydrates and carbohydrate conjugates
M487T800_b,167,0.0013536814414366204,0.5471763022458219,Carbohydrates and carbohydrate conjugates
M487T800_c,168,0.0013536814414366204,0.5471763022458219,Carbohydrates and carbohydrate conjugates
M487T800_d,169,0.0013536814414366204,0.5471763022458219,Carbohydrates and carbohydrate conjugates
M487T800_e,170,0.0013536814414366204,0.5471763022458219,Carbohydrates and carbohydrate conjugates
M487T800_f,171,0.0013536814414366204,0.5471763022458219,Carbohydrates and carbohydrate conjugates
M487T800_g,172,0.0013536814414366204,0.5471763022458219,Carbohydrates and carbohydrate conjugates
M487T800_h,173,0.0013536814414366204,0.5471763022458219,Carbohydrates and carbohydrate conjugates
M487T800_i,174,0.0013536814414366204,0.5471763022458219,Carbohydrates and carbohydrate conjugates
M294T472,175,0.001353988947923284,0.5197185958405437,"Amino acids, peptides, and analogues"
M302T432,176,0.0013547921189938652,0.7564687719114584,"Amino acids, peptides, and analogues"
M212T593,177,0.0013669907580373618,0.7420595483570013,"Amino acids, peptides, and analogues"
M338T789,178,0.0014441166510332781,0.4674371124512796,"Amino acids, peptides, and analogues"
M279T438,179,0.0014505309950292556,0.43099288883167985,Gamma-keto acids and derivatives
M692T790,180,0.0015584706102029775,0.5050796250752964,Carbohydrates and carbohydrate conjugates
M490T732,181,0.001568453826276369,0.6412907718428057,"Amino acids, peptides, and analogues"
M278T768_a,182,0.0016113946951164721,0.6233390021205134,Carbohydrates and carbohydrate conjugates
M278T768_b,183,0.0016113946951164721,0.6233390021205134,Carbohydrates and carbohydrate conjugates
M278T768_c,184,0.0016113946951164721,0.6233390021205134,Carbohydrates and carbohydrate conjugates
M278T768_d,185,0.0016113946951164721,0.6233390021205134,Carbohydrates and carbohydrate conjugates
M278T768_e,186,0.0016113946951164721,0.6233390021205134,Carbohydrates and carbohydrate conjugates
M278T768_f,187,0.0016113946951164721,0.6233390021205134,Carbohydrates and carbohydrate conjugates
M278T768_g,188,0.0016113946951164721,0.6233390021205134,Carbohydrates and carbohydrate conjugates
M278T768_h,189,0.0016113946951164721,0.6233390021205134,Carbohydrates and carbohydrate conjugates
M278T768_i,190,0.0016113946951164721,0.6233390021205134,Carbohydrates and carbohydrate conjugates
M263T422,191,0.0016543878670743578,0.5836125737748628,"Amino acids, peptides, and analogues"
M213T586_a,192,0.001737944791286603,2.7859226749387145,"Amino acids, peptides, and analogues"
M213T586_b,193,0.001737944791286603,2.7859226749387145,"Amino acids, peptides, and analogues"
M213T661_a,194,0.0017509699115577611,0.6165980740461363,"Amino acids, peptides, and analogues"
M213T661_b,195,0.0017509699115577611,0.6165980740461363,"Amino acids, peptides, and analogues"
M227T626,196,0.001800882640990419,0.6016729478112197,"Amino acids, peptides, and analogues"
M307T596,197,0.0018137784930439369,1.956072486882209,Fatty acyl glycosides
M233T723_a,198,0.00189439221400708,0.12517240098397003,"Amino acids, peptides, and analogues"
M233T723_b,199,0.00189439221400708,0.12517240098397003,"Amino acids, peptides, and analogues"
M233T723_c,200,0.00189439221400708,0.12517240098397003,"Amino acids, peptides, and analogues"
M233T723_d,201,0.00189439221400708,0.12517240098397003,"Amino acids, peptides, and analogues"
M132T475_a,202,0.0019058502399618381,0.7054645175583859,"Amino acids, peptides, and analogues"
M132T475_b,203,0.0019058502399618381,0.7054645175583859,"Amino acids, peptides, and analogues"
M132T475_c,204,0.0019058502399618381,0.7054645175583859,"Amino acids, peptides, and analogues"
M176T557_a,205,0.0019236885537885849,2.377642446543802,Benzoic acids and derivatives
M176T557_b,206,0.0019236885537885849,2.377642446543802,Benzoic acids and derivatives
M563T867_a,207,0.0019439260098267522,0.6240956849281516,Carbohydrates and carbohydrate conjugates
M563T867_b,208,0.0019439260098267522,0.6240956849281516,Carbohydrates and carbohydrate conjugates
M563T867_c,209,0.0019439260098267522,0.6240956849281516,Carbohydrates and carbohydrate conjugates
M128T392,210,0.002127494464452317,0.6054956164847715,Imidazoles
M186T686_a,211,0.002162268780852873,0.6556184305008533,"Amino acids, peptides, and analogues"
M186T686_b,212,0.002162268780852873,0.6556184305008533,"Amino acids, peptides, and analogues"
M186T686_c,213,0.002162268780852873,0.6556184305008533,Fatty acids and conjugates
M186T686_d,214,0.002162268780852873,0.6556184305008533,"Amino acids, peptides, and analogues"
M186T686_e,215,0.002162268780852873,0.6556184305008533,"Amino acids, peptides, and analogues"
M186T686_f,216,0.002162268780852873,0.6556184305008533,"Amino acids, peptides, and analogues"
M186T686_g,217,0.002162268780852873,0.6556184305008533,Short-chain keto acids and derivatives
M400T306,218,0.0021943331962460183,0.037086807585217076,Fatty acid esters
M331T618,219,0.0022394447061945696,0.5517016109728882,Carbohydrates and carbohydrate conjugates
M725T928,220,0.002265584469525427,0.487384484623933,Carbohydrates and carbohydrate conjugates
M184T68,221,0.0024116500545078635,0.62384366585989115,Pyridinecarboxylic acids and derivatives
M444T721,222,0.002455749361470343,0.5978203168274066,"Amino acids, peptides, and analogues"
M468T343,223,0.0025410345318286885,2.335191079921081,Glycerophosphocholines
M406T687_a,224,0.002807146973269901,0.7192518023138084,Carbohydrates and carbohydrate conjugates
M406T687_b,225,0.002807146973269901,0.7192518023138084,Carbohydrates and carbohydrate conjugates
M406T687_c,226,0.002807146973269901,0.7192518023138084,Carbohydrates and carbohydrate conjugates
M139T521,227,0.002814683261446752,0.5339522050632285,Imidazoles
M188T657,228,0.0028206635264108734,0.5054445006639717,Medium-chain keto acids and derivatives
M262T812,229,0.0028254231909558385,0.5359242878814328,"Amino acids, peptides, and analogues"
M232T686,230,0.002983713540824363,2.3274693973917353,"Amino acids, peptides, and analogues"
M618T492_a,231,0.003239977767152259,0.0011838386700102567,Steroidal glycosides
M618T492_b,232,0.003239977767152259,0.0011838386700102567,Steroidal glycosides
M618T492_c,233,0.003239977767152259,0.0011838386700102567,Steroidal glycosides
M618T492_d,234,0.003239977767152259,0.0011838386700102567,Steroidal glycosides
M323T680_a,235,0.003335173354317128,0.661210927524752,Carbohydrates and carbohydrate conjugates
M323T680_b,236,0.003335173354317128,0.661210927524752,Carbohydrates and carbohydrate conjugates
M323T680_c,237,0.003335173354317128,0.661210927524752,Carbohydrates and carbohydrate conjugates
M180T557_a,238,0.003490076447640539,0.6452826246432058,Medium-chain keto acids and derivatives
M180T557_b,239,0.003490076447640539,0.6452826246432058,Medium-chain keto acids and derivatives
M180T557_c,240,0.003490076447640539,0.6452826246432058,Fatty acids and conjugates
M180T557_d,241,0.003490076447640539,0.6452826246432058,Gamma butyrolactones
M180T557_e,242,0.003490076447640539,0.6452826246432058,Fatty acids and conjugates
M180T557_f,243,0.003490076447640539,0.6452826246432058,Fatty acids and conjugates
M180T557_g,244,0.003490076447640539,0.6452826246432058,Alcohols and polyols
M180T557_h,245,0.003490076447640539,0.6452826246432058,Fatty acids and conjugates
M218T770,246,0.0035438099116001766,0.33654768611649066,Carbonyl compounds
M166T675_2,247,0.0036755093506032803,0.6738081659096331,"Amino acids, peptides, and analogues"
M541T846,248,0.004209105563733514,0.6629280981360757,Carbohydrates and carbohydrate conjugates
M256T744_a,249,0.004245433904039106,0.17835313130272773,"Amino acids, peptides, and analogues"
M256T744_b,250,0.004245433904039106,0.17835313130272773,"Amino acids, peptides, and analogues"
M242T773_a,251,0.004281878919432809,0.5527859026877642,Carbohydrates and carbohydrate conjugates
M242T773_b,252,0.004281878919432809,0.5527859026877642,Carbohydrates and carbohydrate conjugates
M256T722_a,253,0.004426994903777052,0.2085561699724397,"Amino acids, peptides, and analogues"
M256T722_b,254,0.004426994903777052,0.2085561699724397,"Amino acids, peptides, and analogues"
M259T564,255,0.0046033410887574705,2.4291282878036693,"Amino acids, peptides, and analogues"
M342T929,256,0.00471746645072658,0.5262222783227904,Carbohydrates and carbohydrate conjugates
M187T620,257,0.004992528450805761,0.7035317747240383,"Amino acids, peptides, and analogues"
M198T623_a,258,0.005062134573195666,2.745028947647015,"Amino acids, peptides, and analogues"
M198T623_b,259,0.005062134573195666,2.745028947647015,"Amino acids, peptides, and analogues"
M198T623_c,260,0.005062134573195666,2.745028947647015,"Amino acids, peptides, and analogues"
M367T714,261,0.005106547094092166,1.6585652982449879,Fatty acyl glycosides
M469T635,262,0.005324659895697153,0.5614028591273366,Carbohydrates and carbohydrate conjugates
M205T543,263,0.005448298219822482,2.1739193303746562,Carbohydrates and carbohydrate conjugates
M262T540_a,264,0.005551277107637229,2.7203631949199547,"Amino acids, peptides, and analogues"
M262T540_b,265,0.005551277107637229,2.7203631949199547,"Amino acids, peptides, and analogues"
M205T533_2,266,0.005662162515946341,2.341351249437392,"Amino acids, peptides, and analogues"
M254T697,267,0.005706996754847825,0.28579803186485936,Hydroxycinnamic acids and derivatives
M243T562,268,0.005781015257015192,1.748719442256726,Dicarboxylic acids and derivatives
M335T832,269,0.005907116443891858,1.3712820386023337,Carbohydrates and carbohydrate conjugates
M269T461_a,270,0.006231299990900288,0.6895134026908653,"Amino acids, peptides, and analogues"
M269T461_b,271,0.006231299990900288,0.6895134026908653,Benzoic acids and derivatives
M269T461_c,272,0.006231299990900288,0.6895134026908653,Carbonyl compounds
M216T557,273,0.006318114673495665,2.5633430066853125,"Amino acids, peptides, and analogues"
M197T661_a,274,0.006594014347547627,2.588903347617159,"Amino acids, peptides, and analogues"
M197T661_b,275,0.006594014347547627,2.588903347617159,"Amino acids, peptides, and analogues"
M166T791_a,276,0.006650524395143556,0.6539708300298945,"Amino acids, peptides, and analogues"
M166T791_b,277,0.006650524395143556,0.6539708300298945,"Amino acids, peptides, and analogues"
M166T791_c,278,0.006650524395143556,0.6539708300298945,"Amino acids, peptides, and analogues"
M233T449,279,0.006774686667050431,0.47589808075859663,"Amino acids, peptides, and analogues"
M342T845,280,0.006910932673960077,0.7442537875956685,Carbohydrates and carbohydrate conjugates
M245T327_a,281,0.007102632499071331,0.44839707353587377,"Amino acids, peptides, and analogues"
M245T327_b,282,0.007102632499071331,0.44839707353587377,"Amino acids, peptides, and analogues"
M245T327_c,283,0.007102632499071331,0.44839707353587377,"Amino acids, peptides, and analogues"
M245T327_d,284,0.007102632499071331,0.44839707353587377,"Amino acids, peptides, and analogues"
M155T336,285,0.007354833922789498,2.357034313135082,Benzoic acids and derivatives
M346T589,286,0.007917235116811808,0.41861586594460204,Cyclic purine nucleotides
M265T325,287,0.008279801432709025,0.4306195424013989,"Amino acids, peptides, and analogues"
M407T871,288,0.009591092003715527,0.30762043384690346,Carbohydrates and carbohydrate conjugates
M290T661,289,0.009837609199575888,0.08464482186816036,Hydroxycinnamic acids and derivatives
M374T798,290,0.009961968862959828,0.1734098136193904,Carbohydrates and carbohydrate conjugates
M365T829_a,291,0.01042937123923386,0.7449710254997088,Carbohydrates and carbohydrate conjugates
M365T829_b,292,0.01042937123923386,0.7449710254997088,Carbohydrates and carbohydrate conjugates
M365T829_c,293,0.01042937123923386,0.7449710254997088,Carbohydrates and carbohydrate conjugates
M365T829_d,294,0.01042937123923386,0.7449710254997088,Carbohydrates and carbohydrate conjugates
M365T829_e,295,0.01042937123923386,0.7449710254997088,Carbohydrates and carbohydrate conjugates
M365T829_f,296,0.01042937123923386,0.7449710254997088,Carbohydrates and carbohydrate conjugates
M365T829_g,297,0.01042937123923386,0.7449710254997088,Carbohydrates and carbohydrate conjugates
M365T829_h,298,0.01042937123923386,0.7449710254997088,Carbohydrates and carbohydrate conjugates
M365T829_i,299,0.01042937123923386,0.7449710254997088,Carbohydrates and carbohydrate conjugates
M365T829_j,300,0.01042937123923386,0.7449710254997088,Carbohydrates and carbohydrate conjugates
M365T829_k,301,0.01042937123923386,0.7449710254997088,Carbohydrates and carbohydrate conjugates
M365T829_l,302,0.01042937123923386,0.7449710254997088,Carbohydrates and carbohydrate conjugates
M365T829_m,303,0.01042937123923386,0.7449710254997088,Carbohydrates and carbohydrate conjugates
M365T829_n,304,0.01042937123923386,0.7449710254997088,Carbohydrates and carbohydrate conjugates
M365T829_o,305,0.01042937123923386,0.7449710254997088,Carbohydrates and carbohydrate conjugates
M365T829_p,306,0.01042937123923386,0.7449710254997088,Carbohydrates and carbohydrate conjugates
M618T463_a,307,0.010485317994901499,0.048929488191999417,Steroidal glycosides
M618T463_b,308,0.010485317994901499,0.048929488191999417,Steroidal glycosides
M618T463_c,309,0.010485317994901499,0.048929488191999417,Steroidal glycosides
M618T463_d,310,0.010485317994901499,0.048929488191999417,Steroidal glycosides
M228T370,311,0.01117433367684238,0.4783488758750035,Pyrimidine 2'-deoxyribonucleosides
M472T674,312,0.011469491330336683,0.715285376397517,Pterins and derivatives
M150T421,313,0.012600083979682512,0.735776317349896,Purines and purine derivatives
M268T727,314,0.012686633049159462,0.17015190779912417,Carbohydrates and carbohydrate conjugates
M132T463,315,0.012768705844910204,0.7555915542204731,Indoles
M276T760_a,316,0.01324466446833051,0.7012088529676404,"Amino acids, peptides, and analogues"
M276T760_b,317,0.01324466446833051,0.7012088529676404,"Amino acids, peptides, and analogues"
M248T813,318,0.013500707028493986,0.6112685762416938,"Amino acids, peptides, and analogues"
M787T82,319,0.014069415902513578,1.842924205766767,Glycerophosphocholines
M719T261,320,0.014286313607537869,1.6699702222667125,Glycerophosphoethanolamines
M184T441_a,321,0.014468077350013622,0.6922754927935989,Benzenediols
M184T441_b,322,0.014468077350013622,0.6922754927935989,Methoxyphenols
M184T441_c,323,0.014468077350013622,0.6922754927935989,Methoxyphenols
M466T875_a,324,0.014570034521330528,1.890269600218735,Purine ribonucleotides
M466T875_b,325,0.014570034521330528,1.890269600218735,Purine ribonucleotides
M466T875_c,326,0.014570034521330528,1.890269600218735,Purine ribonucleotides
M150T267,327,0.014806334261467992,0.7140517619730812,Amines
M285T606_a,328,0.015203415071096316,0.7766438540030279,"Amino acids, peptides, and analogues"
M285T606_b,329,0.015203415071096316,0.7766438540030279,"Amino acids, peptides, and analogues"
M260T688_2_a,330,0.015241034849981861,0.6453781557913482,"Amino acids, peptides, and analogues"
M260T688_2_b,331,0.015241034849981861,0.6453781557913482,"Amino acids, peptides, and analogues"
M302T233,332,0.01524267705861914,1.5449129603385074,Amines
M146T655_2,333,0.01551963980456091,1.2902092934886298,"Amino acids, peptides, and analogues"
M358T727_a,334,0.015742732900440436,0.6307189021654839,Carbohydrates and carbohydrate conjugates
M358T727_b,335,0.015742732900440436,0.6307189021654839,Carbohydrates and carbohydrate conjugates
M358T727_c,336,0.015742732900440436,0.6307189021654839,Carbohydrates and carbohydrate conjugates
M248T769,337,0.016368685308137673,0.38624553748341756,"Amino acids, peptides, and analogues"
M188T561_a,338,0.016708644285347872,0.7567779772328623,"Amino acids, peptides, and analogues"
M188T561_b,339,0.016708644285347872,0.7567779772328623,"Amino acids, peptides, and analogues"
M258T763,340,0.016908265519985997,0.28817528647408486,"Amino acids, peptides, and analogues"
M221T717,341,0.01700788669274504,0.7831630787854373,"Amino acids, peptides, and analogues"
M251T722,342,0.017382130064590388,0.5802040344676427,"Amino acids, peptides, and analogues"
M176T724,343,0.017814440826425054,0.6393171068018345,"Amino acids, peptides, and analogues"
M210T352_a,344,0.018298887757759858,1.6939483065605223,Benzyloxycarbonyls
M210T352_b,345,0.018298887757759858,1.6939483065605223,Aniline and substituted anilines
M330T484,346,0.01832262275560167,0.1741881545120129,Cyclic purine nucleotides
M267T380,347,0.018485350749145806,0.5581535286612872,"Amino acids, peptides, and analogues"
M245T771,348,0.019100709786177644,0.7113453147735911,"Amino acids, peptides, and analogues"
M277T765,349,0.019337093767200397,2.094445809508699,Glycosylglycerols
M447T279,350,0.019353016797068488,2.019407852884961,"Bile acids, alcohols and derivatives"
M212T534,351,0.019387618452718622,1.501308400193932,"Amino acids, peptides, and analogues"
M237T417_a,352,0.020043884112403893,0.6493638833329992,"Amino acids, peptides, and analogues"
M237T417_b,353,0.020043884112403893,0.6493638833329992,"Amino acids, peptides, and analogues"
M337T712_a,354,0.0209855826115157,0.683213797039057,Carbohydrates and carbohydrate conjugates
M337T712_b,355,0.0209855826115157,0.683213797039057,Carbohydrates and carbohydrate conjugates
M277T78,356,0.021124052205401672,0.6996574143924348,Lineolic acids and derivatives
M220T763,357,0.021294533254024067,0.4599384873620406,"Amino acids, peptides, and analogues"
M374T694,358,0.02226288365880563,0.6671328955106228,Carbohydrates and carbohydrate conjugates
M159T463,359,0.022351910185244232,0.7807052247531899,Tryptamines and derivatives
M606T877_a,360,0.02240582495545723,0.685323623592482,Purine nucleotide sugars
M606T877_b,361,0.02240582495545723,0.685323623592482,Purine nucleotide sugars
M365T574,362,0.022793278154656753,0.7394946300124754,Carbohydrates and carbohydrate conjugates
M243T742,363,0.02297706495099523,0.33918369232282963,Dicarboxylic acids and derivatives
M246T738,364,0.024081472502844422,0.6233276198144428,"Amino acids, peptides, and analogues"
M124T389_2,365,0.024877653343986568,1.3936016445806723,Pyridinecarboxylic acids and derivatives
M231T782,366,0.025285134250207352,0.7319607360530747,"Amino acids, peptides, and analogues"
M213T800_a,367,0.025789863853878398,0.6489549098468436,"Amino acids, peptides, and analogues"
M213T800_b,368,0.025789863853878398,0.6489549098468436,"Amino acids, peptides, and analogues"
M293T597,369,0.02609316074379081,0.7753362820852989,"Amino acids, peptides, and analogues"
M392T798_a,370,0.026171078353471242,1.4184271503558972,Carbohydrates and carbohydrate conjugates
M392T798_b,371,0.026171078353471242,1.4184271503558972,Purine deoxyribonucleotides
M146T409,372,0.026844724687694246,1.3670850107333623,Nitrobenzenes
M190T325,373,0.027187411591356982,0.7502567275767451,Quinoline carboxylic acids
M212T522_a,374,0.02723261540364492,0.8249178279904487,Carbohydrates and carbohydrate conjugates
M212T522_b,375,0.02723261540364492,0.8249178279904487,Purines and purine derivatives
M276T781,376,0.02740848244757429,0.6379075278319809,"Amino acids, peptides, and analogues"
M254T722,377,0.027601722783891766,0.3456944515208023,Hydroxycinnamic acids and derivatives
M409T890,378,0.028065635034384494,0.6038866586120395,"Amino acids, peptides, and analogues"
M215T791,379,0.02822187566411649,0.4201856721968843,"Amino acids, peptides, and analogues"
M130T544,380,0.028468170344251517,1.441258476809047,"Amino acids, peptides, and analogues"
M352T286,381,0.028551909089300838,0.6641713305411147,"Amino acids, peptides, and analogues"
M330T519,382,0.030013135460834006,0.7998133861531511,Cyclic purine nucleotides
M274T702,383,0.030142650997891207,0.5165087079164772,"Amino acids, peptides, and analogues"
M338T305,384,0.032238841603373175,1.5809007534576476,Carbonyl compounds
M315T561_a,385,0.032279690042116754,0.628559233860795,Purine deoxyribonucleotides
M315T561_b,386,0.032279690042116754,0.628559233860795,Purine ribonucleotides
M284T679,387,0.03246784250482461,0.6818633051708115,"Amino acids, peptides, and analogues"
M170T701,388,0.033065385712603604,0.6883580465798173,"Amino acids, peptides, and analogues"
M337T689_a,389,0.03321288319138043,0.6729496004833093,Carbohydrates and carbohydrate conjugates
M337T689_b,390,0.03321288319138043,0.6729496004833093,Carbohydrates and carbohydrate conjugates
M213T825_a,391,0.03324639332444857,0.5736403485422658,Carbonyl compounds
M213T825_b,392,0.03324639332444857,0.5736403485422658,Phosphate esters
M277T836,393,0.03333219944247355,0.526321766524285,"Amino acids, peptides, and analogues"
M393T459,394,0.0343453495116085,1.4420337035946824,"Amino acids, peptides, and analogues"
M829T972,395,0.03578201635037549,0.659225079936222,Carbohydrates and carbohydrate conjugates
M203T657,396,0.03603782782587798,0.7492708428290243,"Amino acids, peptides, and analogues"
M241T540_a,397,0.036052712719588244,0.7365452816559244,"Amino acids, peptides, and analogues"
M241T540_b,398,0.036052712719588244,0.7365452816559244,"Amino acids, peptides, and analogues"
M232T554_1_a,399,0.03652535006085536,0.7546072412870782,"Amino acids, peptides, and analogues"
M232T554_1_b,400,0.03652535006085536,0.7546072412870782,Benzyloxycarbonyls
M132T497_a,401,0.03682133995813183,0.7774720002271649,"Amino acids, peptides, and analogues"
M132T497_b,402,0.03682133995813183,0.7774720002271649,"Amino acids, peptides, and analogues"
M379T564_a,403,0.03691039506343065,0.7717730411305423,Carbohydrates and carbohydrate conjugates
M379T564_b,404,0.03691039506343065,0.7717730411305423,Carbohydrates and carbohydrate conjugates
M243T883_a,405,0.037023334265343155,0.5238843218629723,Carbohydrates and carbohydrate conjugates
M243T883_b,406,0.037023334265343155,0.5238843218629723,Carbohydrates and carbohydrate conjugates
M243T883_c,407,0.037023334265343155,0.5238843218629723,Carbohydrates and carbohydrate conjugates
M243T883_d,408,0.037023334265343155,0.5238843218629723,Alcohols and polyols
M243T883_e,409,0.037023334265343155,0.5238843218629723,Carbohydrates and carbohydrate conjugates
M243T883_f,410,0.037023334265343155,0.5238843218629723,Carbohydrates and carbohydrate conjugates
M243T883_g,411,0.037023334265343155,0.5238843218629723,Carbohydrates and carbohydrate conjugates
M243T883_h,412,0.037023334265343155,0.5238843218629723,Carbohydrates and carbohydrate conjugates
M243T883_i,413,0.037023334265343155,0.5238843218629723,Carbohydrates and carbohydrate conjugates
M243T883_j,414,0.037023334265343155,0.5238843218629723,Carbohydrates and carbohydrate conjugates
M322T620,415,0.03801285369384843,0.5240098305270623,"Amino acids, peptides, and analogues"
M180T514_a,416,0.03809943547950975,0.6691432420388665,Gamma-keto acids and derivatives
M180T514_b,417,0.03809943547950975,0.6691432420388665,Gamma-keto acids and derivatives
M180T514_c,418,0.03809943547950975,0.6691432420388665,Gamma-keto acids and derivatives
M190T409,419,0.03828648010973253,1.5181613231984556,Quinonimines
M366T586_a,420,0.03856102551677866,0.7017290249853181,Carbohydrates and carbohydrate conjugates
M366T586_b,421,0.03856102551677866,0.7017290249853181,Carbohydrates and carbohydrate conjugates
M231T355_a,422,0.03857797279776199,0.5708729455777919,"Amino acids, peptides, and analogues"
M231T355_b,423,0.03857797279776199,0.5708729455777919,"Amino acids, peptides, and analogues"
M310T660,424,0.038588138871363496,1.8652762925873878,Carbohydrates and carbohydrate conjugates
M277T678,425,0.03912146017881901,0.7264337530188201,"Amino acids, peptides, and analogues"
M204T769_a,426,0.04017989477604748,0.5310139285707802,Carbohydrates and carbohydrate conjugates
M204T769_b,427,0.04017989477604748,0.5310139285707802,Carbohydrates and carbohydrate conjugates
M204T769_c,428,0.04017989477604748,0.5310139285707802,Carbohydrates and carbohydrate conjugates
M204T769_d,429,0.04017989477604748,0.5310139285707802,Carbohydrates and carbohydrate conjugates
M400T291,430,0.04020145130227262,0.016328229540362775,Fatty acid esters
M127T883,431,0.0410034332874884,0.56571553249782,Benzenetriols and derivatives
M356T728,432,0.041020405173952855,0.6693192426740893,"Amino acids, peptides, and analogues"
M248T791,433,0.04170178911506956,0.5146086877474145,"Amino acids, peptides, and analogues"
M201T609_a,434,0.04213721634977355,0.2652633775289018,"Amino acids, peptides, and analogues"
M201T609_b,435,0.04213721634977355,0.2652633775289018,"Amino acids, peptides, and analogues"
M201T609_c,436,0.04213721634977355,0.2652633775289018,"Amino acids, peptides, and analogues"
M201T609_d,437,0.04213721634977355,0.2652633775289018,"Amino acids, peptides, and analogues"
M295T365_a,438,0.04392578626573616,0.6078887431973098,"Amino acids, peptides, and analogues"
M295T365_b,439,0.04392578626573616,0.6078887431973098,"Amino acids, peptides, and analogues"
M465T826_a,440,0.04612685208265261,1.57900330586158,Carbohydrates and carbohydrate conjugates
M465T826_b,441,0.04612685208265261,1.57900330586158,5'-deoxy-5'-thionucleosides
M465T826_c,442,0.04612685208265261,1.57900330586158,5'-deoxy-5'-thionucleosides
M148T357_a,443,0.04660233503143249,1.848205740077848,Hydropyridines
M220T791,444,0.046693033206774114,0.5595058132772877,"Amino acids, peptides, and analogues"
M306T670,445,0.04684676732362768,0.6665683348022604,"Amino acids, peptides, and analogues"
M214T736,446,0.04759223551226773,1.2966495020336248,"Amino acids, peptides, and analogues"
M247T645_a,447,0.04837677101539215,0.7268647651698928,"Amino acids, peptides, and analogues"
M247T645_b,448,0.04837677101539215,0.7268647651698928,"Amino acids, peptides, and analogues"
M510T346,449,0.04901429472568098,2.023310561929021,Glycerophosphocholines
M207T686,450,0.049575174574068986,1.5672492194382917,Tricarboxylic acids and derivatives
M287T546,451,0.049927591725671384,0.64786901513456,"Amino acids, peptides, and analogues"
M120T559,452,0.050528458450396684,1.3880158761622687,Fatty acids and conjugates
M486T356_a,453,0.05083296236436447,0.7493665875403119,"Bile acids, alcohols and derivatives"
M486T356_b,454,0.05083296236436447,0.7493665875403119,"Bile acids, alcohols and derivatives"
M486T356_c,455,0.05083296236436447,0.7493665875403119,"Bile acids, alcohols and derivatives"
M486T356_d,456,0.05083296236436447,0.7493665875403119,"Bile acids, alcohols and derivatives"
M486T356_e,457,0.05083296236436447,0.7493665875403119,"Bile acids, alcohols and derivatives"
M126T540_a,458,0.05083394644957291,1.6390316360259207,"Amino acids, peptides, and analogues"
M126T540_b,459,0.05083394644957291,1.6390316360259207,"Amino acids, peptides, and analogues"
M126T540_c,460,0.05083394644957291,1.6390316360259207,"Amino acids, peptides, and analogues"
M325T765_a,461,0.05293741662496325,0.7410246802044984,Carbohydrates and carbohydrate conjugates
M325T765_b,462,0.05293741662496325,0.7410246802044984,Carbohydrates and carbohydrate conjugates
M325T765_c,463,0.05293741662496325,0.7410246802044984,Carbohydrates and carbohydrate conjugates
M325T765_d,464,0.05293741662496325,0.7410246802044984,Carbohydrates and carbohydrate conjugates
M325T765_e,465,0.05293741662496325,0.7410246802044984,Carbohydrates and carbohydrate conjugates
M325T765_f,466,0.05293741662496325,0.7410246802044984,Carbohydrates and carbohydrate conjugates
M325T765_g,467,0.05293741662496325,0.7410246802044984,Carbohydrates and carbohydrate conjugates
M325T765_h,468,0.05293741662496325,0.7410246802044984,Carbohydrates and carbohydrate conjugates
M325T765_i,469,0.05293741662496325,0.7410246802044984,Carbohydrates and carbohydrate conjugates
M325T765_j,470,0.05293741662496325,0.7410246802044984,Carbohydrates and carbohydrate conjugates
M325T765_k,471,0.05293741662496325,0.7410246802044984,Carbohydrates and carbohydrate conjugates
M325T765_l,472,0.05293741662496325,0.7410246802044984,Carbohydrates and carbohydrate conjugates
M321T563,473,0.05409648914701288,0.6319474688314742,1-ribosyl-imidazolecarboxamides
M504T341,474,0.055085734701099814,0.6979841931173184,Glycerophosphoethanolamines
M290T748,475,0.05524617236137403,0.5988776582242091,"Amino acids, peptides, and analogues"
M104T120,476,0.05542738583919415,1.4649007934252778,"Amino acids, peptides, and analogues"
M126T660,477,0.05600150072780373,1.7662726674509033,"Amino acids, peptides, and analogues"
M272T566,478,0.05701070896717554,0.7040542426778436,"Amino acids, peptides, and analogues"
M115T581,479,0.057831266550043274,1.6611630895236715,Pyrimidines and pyrimidine derivatives
M251T405,480,0.06164788940019158,1.3795777923862298,Carbonyl compounds
M380T855_a,481,0.06206825924313473,1.340948250877399,Carbohydrates and carbohydrate conjugates
M380T855_b,482,0.06206825924313473,1.340948250877399,Carbohydrates and carbohydrate conjugates
M288T616_a,483,0.06286950012176179,0.6372122734099739,"Amino acids, peptides, and analogues"
M288T616_b,484,0.06286950012176179,0.6372122734099739,"Amino acids, peptides, and analogues"
M349T831_a,485,0.06350115351387639,0.7439675101910255,Fatty acyl glycosides
M349T831_b,486,0.06350115351387639,0.7439675101910255,Fatty acyl glycosides
M349T831_c,487,0.06350115351387639,0.7439675101910255,Carbohydrates and carbohydrate conjugates
M349T831_d,488,0.06350115351387639,0.7439675101910255,Purine ribonucleotides
M349T831_e,489,0.06350115351387639,0.7439675101910255,Purine ribonucleotides
M219T871,490,0.06613296303102514,0.6483858590545586,"Amino acids, peptides, and analogues"
M719T84,491,0.06649163685287376,1.6447106400391949,Glycerophosphoethanolamines
M198T694,492,0.06806972580453197,0.808100830129807,Carbohydrates and carbohydrate conjugates
M168T660_a,493,0.06876794919006443,1.8108279423590552,Short-chain keto acids and derivatives
M168T660_b,494,0.06876794919006443,1.8108279423590552,Gamma-keto acids and derivatives
M542T794,495,0.07131262306406526,1.382609621753172,Carbohydrates and carbohydrate conjugates
M116T564_a,496,0.07134893227771127,0.8437796926931027,"Amino acids, peptides, and analogues"
M116T564_b,497,0.07134893227771127,0.8437796926931027,"Amino acids, peptides, and analogues"
M142T875,498,0.0722263269151527,1.3754007352330706,Phosphate esters
M176T276_a,499,0.07270543164806588,1.4834378047931933,Quinolones and derivatives
M176T276_b,500,0.07270543164806588,1.4834378047931933,Quinolones and derivatives
M247T850,501,0.07283712393346937,2.0422566681433683,"Amino acids, peptides, and analogues"
M127T583,502,0.0734612099267242,0.8934695091982197,Imidazoles
M290T849,503,0.07491708605588529,0.7243914329098856,"Amino acids, peptides, and analogues"
M198T578,504,0.07506642245523974,2.3574843409451067,"Amino acids, peptides, and analogues"
M454T356_2,505,0.07578112380584046,0.7596138807867273,Glycerophosphoethanolamines
M284T417_c,506,0.07597080155835845,1.517028238095516,Carbohydrates and carbohydrate conjugates
M284T417_d,507,0.07597080155835845,1.517028238095516,Carbohydrates and carbohydrate conjugates
M386T871,508,0.0767095652260311,0.7833086478927653,Pyrimidine ribonucleotides
M482T342,509,0.07732187351946293,0.6931116080263366,Glycerophosphoethanolamines
M489T825,510,0.08040305260785607,0.7895956729386179,Pyrimidine ribonucleotides
M206T679,511,0.08099438573377307,0.6190339098948028,Benzoic acids and derivatives
M199T634,512,0.08286741992908524,1.382795096726745,"Amino acids, peptides, and analogues"
M294T499,513,0.08356861649677863,0.6734933172384011,"Amino acids, peptides, and analogues"
M347T621,514,0.08361488715374595,1.3114459159603666,Carbohydrates and carbohydrate conjugates
M361T784,515,0.08380285485963787,0.7402019236991876,"Amino acids, peptides, and analogues"
M337T854,516,0.08397252894441651,2.0532342127457675,"Amino acids, peptides, and analogues"
M298T180,517,0.08432317910444569,0.6533277447806729,5'-deoxy-5'-thionucleosides
M348T802,518,0.08786919994289961,1.7301184495700688,Purine ribonucleotides
M445T849_a,519,0.08820717741273727,0.6343437861146507,Carbohydrates and carbohydrate conjugates
M445T849_b,520,0.08820717741273727,0.6343437861146507,Carbohydrates and carbohydrate conjugates
M445T849_c,521,0.08820717741273727,0.6343437861146507,Carbohydrates and carbohydrate conjugates
M445T849_d,522,0.08820717741273727,0.6343437861146507,Carbohydrates and carbohydrate conjugates
M445T849_e,523,0.08820717741273727,0.6343437861146507,Carbohydrates and carbohydrate conjugates
M445T849_f,524,0.08820717741273727,0.6343437861146507,Carbohydrates and carbohydrate conjugates
M223T680_a,525,0.08923351516347187,1.1666525871822306,Carbohydrates and carbohydrate conjugates
M223T680_b,526,0.08923351516347187,1.1666525871822306,"Amino acids, peptides, and analogues"
M223T680_c,527,0.08923351516347187,1.1666525871822306,"Amino acids, peptides, and analogues"
M219T609,528,0.08949246356934143,0.6683729985688466,"Amino acids, peptides, and analogues"
M418T631_a,529,0.09020780221725694,0.9000067529156613,Carbohydrates and carbohydrate conjugates
M418T631_b,530,0.09020780221725694,0.9000067529156613,Carbohydrates and carbohydrate conjugates
M244T881,531,0.09069174236715548,0.7294679394712441,"Amino acids, peptides, and analogues"
M208T520,532,0.09137206590482476,1.2713266111795558,"Amino acids, peptides, and analogues"
M423T849_a,533,0.09318074804991083,0.7824873227465771,Carbohydrates and carbohydrate conjugates
M423T849_b,534,0.09318074804991083,0.7824873227465771,Carbohydrates and carbohydrate conjugates
M423T849_c,535,0.09318074804991083,0.7824873227465771,Carbohydrates and carbohydrate conjugates
M423T849_d,536,0.09318074804991083,0.7824873227465771,Carbohydrates and carbohydrate conjugates
M423T849_e,537,0.09318074804991083,0.7824873227465771,Carbohydrates and carbohydrate conjugates
M423T849_f,538,0.09318074804991083,0.7824873227465771,Carbohydrates and carbohydrate conjugates
M127T418_a,539,0.09411655692590869,0.7685812851847417,Guanidines
M127T418_b,540,0.09411655692590869,0.7685812851847417,Quaternary ammonium salts
M246T775,541,0.09465879553384535,0.6992601272045903,"Amino acids, peptides, and analogues"
M87T54,542,0.09780178629543398,0.8700666795531139,Carbonyl compounds
M524T339_2_a,543,0.10087247507100847,1.2670478639399771,Glycerophosphocholines
M524T339_2_b,544,0.10087247507100847,1.2670478639399771,Glycerophosphocholines
M155T729_a,545,0.10114418485441973,0.7763252820500448,Glycerophosphates
M155T729_b,546,0.10114418485441973,0.7763252820500448,Glycerophosphates
M155T729_c,547,0.10114418485441973,0.7763252820500448,Glycerophosphates
M155T729_d,548,0.10114418485441973,0.7763252820500448,Glycerophosphates
M227T462,549,0.10284689812565906,6.807794957632757,Indolyl carboxylic acids and derivatives
M133T582_a,550,0.10362420796266739,1.461806835425776,Ureas
M133T582_b,551,0.10362420796266739,1.461806835425776,"Amino acids, peptides, and analogues"
M365T629_a,552,0.10387697091622296,1.4378277041426337,Carbohydrates and carbohydrate conjugates
M365T629_b,553,0.10387697091622296,1.4378277041426337,Carbohydrates and carbohydrate conjugates
M365T629_c,554,0.10387697091622296,1.4378277041426337,Carbohydrates and carbohydrate conjugates
M365T629_d,555,0.10387697091622296,1.4378277041426337,Carbohydrates and carbohydrate conjugates
M365T629_e,556,0.10387697091622296,1.4378277041426337,Carbohydrates and carbohydrate conjugates
M365T629_f,557,0.10387697091622296,1.4378277041426337,Carbohydrates and carbohydrate conjugates
M365T629_g,558,0.10387697091622296,1.4378277041426337,Carbohydrates and carbohydrate conjugates
M365T629_h,559,0.10387697091622296,1.4378277041426337,Carbohydrates and carbohydrate conjugates
M365T629_i,560,0.10387697091622296,1.4378277041426337,Carbohydrates and carbohydrate conjugates
M365T629_j,561,0.10387697091622296,1.4378277041426337,Carbohydrates and carbohydrate conjugates
M365T629_k,562,0.10387697091622296,1.4378277041426337,Carbohydrates and carbohydrate conjugates
M365T629_l,563,0.10387697091622296,1.4378277041426337,Carbohydrates and carbohydrate conjugates
M247T697,564,0.10518521077885784,0.7688589578165783,"Amino acids, peptides, and analogues"
M175T738,565,0.10534500340294778,2.1478650049826955,"Amino acids, peptides, and analogues"
M364T812_b,566,0.10797763850558076,1.4125961804796372,Purine ribonucleotides
M364T812_d,567,0.10797763850558076,1.4125961804796372,Carbohydrates and carbohydrate conjugates
M364T812_f,568,0.10797763850558076,1.4125961804796372,Purine ribonucleotides
M364T812_g,569,0.10797763850558076,1.4125961804796372,Carbohydrates and carbohydrate conjugates
M369T910,570,0.10914807488629229,1.552510204852872,"Amino acids, peptides, and analogues"
M288T651_a,571,0.11332862509310423,0.5952539575998637,"Amino acids, peptides, and analogues"
M288T651_b,572,0.11332862509310423,0.5952539575998637,"Amino acids, peptides, and analogues"
M268T591_a,573,0.11938243442829104,1.8043293902585062,2-phenoxypropionic acids
M268T591_b,574,0.11938243442829104,1.8043293902585062,1-hydroxy-4-unsubstituted benzenoids
M313T744,575,0.12008210779970166,1.4581520913686903,"Amino acids, peptides, and analogues"
M163T712,576,0.12236252082008874,1.264772325606023,Dicarboxylic acids and derivatives
M189T721_2,577,0.12250136007602486,1.22185340201683,"Amino acids, peptides, and analogues"
M252T250,578,0.12414785865911261,0.742810960759029,Purine 2'-deoxyribonucleosides
M375T831,579,0.12635036451444792,1.1748197292928528,Nicotinic acid nucleotides
M365T798_a,580,0.12660632467662614,0.7617190266920486,Carbohydrates and carbohydrate conjugates
M365T798_b,581,0.12660632467662614,0.7617190266920486,Purine deoxyribonucleotides
M257T427_a,582,0.13046783668341375,1.2514461864731192,"Amino acids, peptides, and analogues"
M257T427_b,583,0.13046783668341375,1.2514461864731192,Indolyl carboxylic acids and derivatives
M105T337,584,0.13509249764604378,1.3235950267318173,Carbonyl compounds
M217T681,585,0.13627610847376845,1.2678150470657892,"Amino acids, peptides, and analogues"
M90T631,586,0.13890663093192623,0.8894674492157096,"Amino acids, peptides, and analogues"
M128T336_a,587,0.1408407194875898,1.8446089015371259,"Amino acids, peptides, and analogues"
M128T336_b,588,0.1408407194875898,1.8446089015371259,Hydropyridines
M128T336_c,589,0.1408407194875898,1.8446089015371259,Benzenediols
M128T336_d,590,0.1408407194875898,1.8446089015371259,Benzenediols
M578T493_a,591,0.14167755600027743,0.8484316184195398,Steroidal glycosides
M578T493_b,592,0.14167755600027743,0.8484316184195398,Steroidal glycosides
M377T725,593,0.1434854911000853,0.7508399003975523,Tetracarboxylic acids and derivatives
M246T1014,594,0.14564973722518818,0.8510990620679699,"Amino acids, peptides, and analogues"
M246T533,595,0.14616490067168078,1.8779773659928736,"Amino acids, peptides, and analogues"
M143T613,596,0.14694981990951211,0.8122444371422892,"Amino acids, peptides, and analogues"
M385T846,597,0.14787147412037474,0.8097735361236358,Carbohydrates and carbohydrate conjugates
M347T712,598,0.14825886793391463,1.5254725007516936,Carbohydrates and carbohydrate conjugates
M488T238_a,599,0.15015070857946652,4.20202689992441,"Bile acids, alcohols and derivatives"
M488T238_b,600,0.15015070857946652,4.20202689992441,"Bile acids, alcohols and derivatives"
M488T238_c,601,0.15015070857946652,4.20202689992441,"Bile acids, alcohols and derivatives"
M638T423_a,602,0.15400426189469038,1.7572948533752708,Steroidal glycosides
M638T423_b,603,0.15400426189469038,1.7572948533752708,Steroidal glycosides
M226T681_a,604,0.15407416075203706,0.7787710815685733,2-phenoxypropionic acids
M226T681_b,605,0.15407416075203706,0.7787710815685733,Dicarboxylic acids and derivatives
M136T281,606,0.1571070507296361,0.8811201638347584,Purines and purine derivatives
M162T314_a,607,0.15720143475396292,1.390887611923321,Indolecarboxylic acids and derivatives
M162T314_b,608,0.15720143475396292,1.390887611923321,Quinolones and derivatives
M162T314_c,609,0.15720143475396292,1.390887611923321,Quinolones and derivatives
M572T748_a,610,0.15802416262191388,1.2440322176784195,Purine nucleotide sugars
M572T748_b,611,0.15802416262191388,1.2440322176784195,Purine nucleotide sugars
M245T554,612,0.15853741115703623,1.2708258448818135,Beta lactams
M317T573_4,613,0.15913108514692464,0.963528924210046,"Amino acids, peptides, and analogues"
M344T681,614,0.16343371784562716,0.7916213899483782,Hybrid peptides
M247T722_a,615,0.16438186306849267,0.8061496882365938,"Amino acids, peptides, and analogues"
M247T722_b,616,0.16438186306849267,0.8061496882365938,"Amino acids, peptides, and analogues"
M163T677_a,617,0.16520222889890415,0.8040594251171543,Fatty acids and conjugates
M163T677_b,618,0.16520222889890415,0.8040594251171543,Fatty acids and conjugates
M163T677_c,619,0.16520222889890415,0.8040594251171543,Fatty acids and conjugates
M163T677_d,620,0.16520222889890415,0.8040594251171543,Medium-chain keto acids and derivatives
M163T677_e,621,0.16520222889890415,0.8040594251171543,Medium-chain keto acids and derivatives
M123T112,622,0.16807313568294902,1.2460024580106726,Pyridinecarboxylic acids and derivatives
M203T471_a,623,0.17172293285715914,2.0139904998228104,"Amino acids, peptides, and analogues"
M203T471_b,624,0.17172293285715914,2.0139904998228104,"Amino acids, peptides, and analogues"
M118T463,625,0.17394273311388778,12.069226472889463,Indoles
M245T680_a,626,0.17712801024112315,0.854127327777677,Carbohydrates and carbohydrate conjugates
M245T680_b,627,0.17712801024112315,0.854127327777677,"Amino acids, peptides, and analogues"
M245T680_c,628,0.17712801024112315,0.854127327777677,"Amino acids, peptides, and analogues"
M662T793_a,629,0.17949469331051157,1.2842312784932135,Purine nucleotide sugars
M662T793_b,630,0.17949469331051157,1.2842312784932135,Purine nucleotide sugars
M662T793_c,631,0.17949469331051157,1.2842312784932135,Purine nucleotide sugars
M662T793_d,632,0.17949469331051157,1.2842312784932135,Purine nucleotide sugars
M239T560,633,0.1807973204221573,2.4753783201331916,"Amino acids, peptides, and analogues"
M330T543,634,0.18358428368895705,0.7781619164423547,"Amino acids, peptides, and analogues"
M178T740_a,635,0.18513620006827647,0.6829246378297857,"Amino acids, peptides, and analogues"
M178T740_b,636,0.18513620006827647,0.6829246378297857,"Amino acids, peptides, and analogues"
M447T832,637,0.19020812529980502,0.8802601463502423,Pyrimidine ribonucleotides
M516T323,638,0.19194572057905282,0.7334215381652659,"Bile acids, alcohols and derivatives"
M271T613,639,0.19260911472188794,0.817759548056487,"Amino acids, peptides, and analogues"
M300T580,640,0.19325791573852713,1.2773876570719607,"Amino acids, peptides, and analogues"
M232T816,641,0.19950374604042898,0.8636597431479329,"Amino acids, peptides, and analogues"
M147T687,642,0.20119663173217378,1.3509315348090378,"Amino acids, peptides, and analogues"
M204T686_a,643,0.2051621525613606,0.8149041557949315,Phosphate esters
M204T686_b,644,0.2051621525613606,0.8149041557949315,Carbohydrates and carbohydrate conjugates
M204T686_c,645,0.2051621525613606,0.8149041557949315,Carbohydrates and carbohydrate conjugates
M230T475,646,0.2054700188201674,0.8327237930852875,Sulfuric acid esters
M277T855,647,0.20575265995481531,1.2684722343151653,"Amino acids, peptides, and analogues"
M295T627,648,0.20595689334563108,0.881579874629835,"Amino acids, peptides, and analogues"
M494T710,649,0.20846332928315128,0.8646080133577397,Pterins and derivatives
M114T296,650,0.20898701218391622,0.8392976267933714,"Amino acids, peptides, and analogues"
M490T235_a,651,0.21320517019592872,5.324405203750806,"Bile acids, alcohols and derivatives"
M490T235_b,652,0.21320517019592872,5.324405203750806,"Bile acids, alcohols and derivatives"
M490T235_c,653,0.21320517019592872,5.324405203750806,"Bile acids, alcohols and derivatives"
M276T856,654,0.21373989253161427,0.8012228640300417,"Amino acids, peptides, and analogues"
M341T680_a,655,0.21566347468259706,0.8210416042051605,Carbohydrates and carbohydrate conjugates
M341T680_b,656,0.21566347468259706,0.8210416042051605,Carbohydrates and carbohydrate conjugates
M341T680_c,657,0.21566347468259706,0.8210416042051605,Carbohydrates and carbohydrate conjugates
M291T766,658,0.21723259624526478,1.2577194368064861,"Amino acids, peptides, and analogues"
M363T676_a,659,0.22361299819790503,1.2196393226245492,Carbohydrates and carbohydrate conjugates
M363T676_b,660,0.22361299819790503,1.2196393226245492,Carbohydrates and carbohydrate conjugates
M363T676_c,661,0.22361299819790503,1.2196393226245492,Carbohydrates and carbohydrate conjugates
M304T842,662,0.2252129176893188,0.8296404130018988,"Amino acids, peptides, and analogues"
M144T460,663,0.2252576244316309,1.258083954134162,"Amino acids, peptides, and analogues"
M538T327_a,664,0.23065047958403084,0.8939633632375187,Steroidal glycosides
M538T327_b,665,0.23065047958403084,0.8939633632375187,Steroidal glycosides
M991T992,666,0.23105261750410538,0.8207056485920114,Carbohydrates and carbohydrate conjugates
M266T459_b,667,0.2319687271253577,1.2534047331597924,Carbohydrates and carbohydrate conjugates
M229T553,668,0.23257182477343286,1.214043181437094,"Amino acids, peptides, and analogues"
M305T802,669,0.23843669060979622,0.700770828619114,"Amino acids, peptides, and analogues"
M137T295_2,670,0.23933236286906512,0.6470280381048188,Purines and purine derivatives
M255T580,671,0.2429613862031001,0.6484570199867771,Glycosylglycerols
M166T723_a,672,0.2514689735583391,0.754786284053584,"Amino acids, peptides, and analogues"
M166T723_b,673,0.2514689735583391,0.754786284053584,"Amino acids, peptides, and analogues"
M166T723_c,674,0.2514689735583391,0.754786284053584,"Amino acids, peptides, and analogues"
M166T723_d,675,0.2514689735583391,0.754786284053584,"Amino acids, peptides, and analogues"
M336T631_a,676,0.2516802441256476,1.3254119588164062,Pterins and derivatives
M336T631_b,677,0.2516802441256476,1.3254119588164062,Pterins and derivatives
M336T631_c,678,0.2516802441256476,1.3254119588164062,Pyrazines
M336T631_d,679,0.2516802441256476,1.3254119588164062,Pyrazines
M336T631_e,680,0.2516802441256476,1.3254119588164062,Carbohydrates and carbohydrate conjugates
M336T631_f,681,0.2516802441256476,1.3254119588164062,Pterins and derivatives
M336T631_g,682,0.2516802441256476,1.3254119588164062,Pterins and derivatives
M336T631_h,683,0.2516802441256476,1.3254119588164062,Carbohydrates and carbohydrate conjugates
M336T631_i,684,0.2516802441256476,1.3254119588164062,Pterins and derivatives
M608T803,685,0.25360467111519286,0.8661786053979974,Pyrimidine nucleotide sugars
M106T691_a,686,0.25891138809844694,0.8678639880879113,"Amino acids, peptides, and analogues"
M106T691_b,687,0.25891138809844694,0.8678639880879113,"Amino acids, peptides, and analogues"
M203T520,688,0.2600647823802047,1.152767520162747,Beta lactams
M185T712,689,0.2663322561265311,1.256670474658327,Carbonyl compounds
M219T756,690,0.268164723017884,0.8522978480821497,"Amino acids, peptides, and analogues"
M269T642_a,691,0.2692882157327797,1.35734306854409,Fatty acids and conjugates
M269T642_b,692,0.2692882157327797,1.35734306854409,Fatty acids and conjugates
M269T642_c,693,0.2692882157327797,1.35734306854409,Fatty acids and conjugates
M269T642_d,694,0.2692882157327797,1.35734306854409,Fatty acids and conjugates
M384T805,695,0.2692964857401214,0.8700114171258316,Carbohydrates and carbohydrate conjugates
M246T988,696,0.2708217077039977,1.1750551089928487,Hybrid peptides
M219T791_a,697,0.28297719371545466,0.7982744628239068,"Amino acids, peptides, and analogues"
M219T791_b,698,0.28297719371545466,0.7982744628239068,"Amino acids, peptides, and analogues"
M219T791_c,699,0.28297719371545466,0.7982744628239068,"Amino acids, peptides, and analogues"
M84T560_a,700,0.29009827168909497,1.1355613422813329,Oximes
M84T560_b,701,0.29009827168909497,1.1355613422813329,Oximes
M460T566,702,0.29216448699979874,1.4440185819184703,CDP-glycerols
M415T798,703,0.30112603982920927,0.4810350983750611,5'-deoxy-5'-thionucleosides
M305T720,704,0.30217421214053775,0.7357643883872055,Indoles
M276T800,705,0.30368791237499015,0.7465980995928664,"Amino acids, peptides, and analogues"
M174T635,706,0.3111437628520796,1.6576617506192994,Imidazoles
M277T552,707,0.31178148231721253,1.2032839641864657,Glycosylglycerols
M293T526,708,0.3121786722195064,0.8953094378250613,Thiohydroximic acids
M255T575,709,0.31960318649848574,0.967846895939354,"Amino acids, peptides, and analogues"
M475T272_a,710,0.3292413025130211,1.5069985502307524,"Bile acids, alcohols and derivatives"
M475T272_b,711,0.3292413025130211,1.5069985502307524,"Bile acids, alcohols and derivatives"
M475T272_c,712,0.3292413025130211,1.5069985502307524,"Bile acids, alcohols and derivatives"
M363T722_a,713,0.3295204789947077,0.851423312893215,Carbohydrates and carbohydrate conjugates
M363T722_b,714,0.3295204789947077,0.851423312893215,Carbohydrates and carbohydrate conjugates
M363T722_c,715,0.3295204789947077,0.851423312893215,Carbohydrates and carbohydrate conjugates
M178T723,716,0.3310097678372744,1.1568433257783743,"Amino acids, peptides, and analogues"
M306T427,717,0.33562551632327675,0.7485243686176991,"Amino acids, peptides, and analogues"
M325T676_a,718,0.3366291448895373,0.8781823214242163,Carbohydrates and carbohydrate conjugates
M325T676_b,719,0.3366291448895373,0.8781823214242163,Carbohydrates and carbohydrate conjugates
M325T676_c,720,0.3366291448895373,0.8781823214242163,Carbohydrates and carbohydrate conjugates
M325T676_d,721,0.3366291448895373,0.8781823214242163,Carbohydrates and carbohydrate conjugates
M325T676_e,722,0.3366291448895373,0.8781823214242163,Carbohydrates and carbohydrate conjugates
M325T676_f,723,0.3366291448895373,0.8781823214242163,Carbohydrates and carbohydrate conjugates
M325T676_g,724,0.3366291448895373,0.8781823214242163,Carbohydrates and carbohydrate conjugates
M325T676_h,725,0.3366291448895373,0.8781823214242163,Carbohydrates and carbohydrate conjugates
M325T676_i,726,0.3366291448895373,0.8781823214242163,Carbohydrates and carbohydrate conjugates
M325T676_j,727,0.3366291448895373,0.8781823214242163,Carbohydrates and carbohydrate conjugates
M325T676_k,728,0.3366291448895373,0.8781823214242163,Carbohydrates and carbohydrate conjugates
M325T676_l,729,0.3366291448895373,0.8781823214242163,Carbohydrates and carbohydrate conjugates
M325T676_m,730,0.3366291448895373,0.8781823214242163,Carbohydrates and carbohydrate conjugates
M247T655_a,731,0.34436851933559975,1.240077905039984,Carbohydrates and carbohydrate conjugates
M247T655_b,732,0.34436851933559975,1.240077905039984,Carbonyl compounds
M247T655_c,733,0.34436851933559975,1.240077905039984,Benzoic acids and derivatives
M247T655_d,734,0.34436851933559975,1.240077905039984,"Amino acids, peptides, and analogues"
M198T677_a,735,0.34451347678712074,0.8347147756801301,Alcohols and polyols
M198T677_b,736,0.34451347678712074,0.8347147756801301,Carbohydrates and carbohydrate conjugates
M198T677_c,737,0.34451347678712074,0.8347147756801301,Carbohydrates and carbohydrate conjugates
M198T677_d,738,0.34451347678712074,0.8347147756801301,Medium-chain hydroxy acids and derivatives
M198T677_e,739,0.34451347678712074,0.8347147756801301,Medium-chain hydroxy acids and derivatives
M198T677_f,740,0.34451347678712074,0.8347147756801301,Carbohydrates and carbohydrate conjugates
M198T677_g,741,0.34451347678712074,0.8347147756801301,Carbohydrates and carbohydrate conjugates
M198T677_h,742,0.34451347678712074,0.8347147756801301,Carbohydrates and carbohydrate conjugates
M198T677_i,743,0.34451347678712074,0.8347147756801301,Alcohols and polyols
M198T677_j,744,0.34451347678712074,0.8347147756801301,Carbohydrates and carbohydrate conjugates
M198T677_k,745,0.34451347678712074,0.8347147756801301,Carbohydrates and carbohydrate conjugates
M198T677_l,746,0.34451347678712074,0.8347147756801301,Carbohydrates and carbohydrate conjugates
M198T677_m,747,0.34451347678712074,0.8347147756801301,Carbohydrates and carbohydrate conjugates
M198T677_n,748,0.34451347678712074,0.8347147756801301,Carbohydrates and carbohydrate conjugates
M198T677_o,749,0.34451347678712074,0.8347147756801301,Carbohydrates and carbohydrate conjugates
M163T765_a,750,0.3457969304206956,0.7939511195259986,Fatty acids and conjugates
M163T765_b,751,0.3457969304206956,0.7939511195259986,Fatty acids and conjugates
M163T765_c,752,0.3457969304206956,0.7939511195259986,Fatty acids and conjugates
M214T564,753,0.3463393838505038,0.889454893424482,"Amino acids, peptides, and analogues"
M365T724_a,754,0.35490497557684997,0.8927910483718415,Carbohydrates and carbohydrate conjugates
M365T724_b,755,0.35490497557684997,0.8927910483718415,Carbohydrates and carbohydrate conjugates
M365T724_c,756,0.35490497557684997,0.8927910483718415,Carbohydrates and carbohydrate conjugates
M365T724_d,757,0.35490497557684997,0.8927910483718415,Carbohydrates and carbohydrate conjugates
M365T724_e,758,0.35490497557684997,0.8927910483718415,Carbohydrates and carbohydrate conjugates
M365T724_f,759,0.35490497557684997,0.8927910483718415,Carbohydrates and carbohydrate conjugates
M365T724_g,760,0.35490497557684997,0.8927910483718415,Carbohydrates and carbohydrate conjugates
M365T724_h,761,0.35490497557684997,0.8927910483718415,Carbohydrates and carbohydrate conjugates
M365T724_i,762,0.35490497557684997,0.8927910483718415,Carbohydrates and carbohydrate conjugates
M365T724_j,763,0.35490497557684997,0.8927910483718415,Carbohydrates and carbohydrate conjugates
M365T724_k,764,0.35490497557684997,0.8927910483718415,Carbohydrates and carbohydrate conjugates
M365T724_l,765,0.35490497557684997,0.8927910483718415,Carbohydrates and carbohydrate conjugates
M365T724_m,766,0.35490497557684997,0.8927910483718415,Carbohydrates and carbohydrate conjugates
M365T724_n,767,0.35490497557684997,0.8927910483718415,Carbohydrates and carbohydrate conjugates
M365T724_o,768,0.35490497557684997,0.8927910483718415,Carbohydrates and carbohydrate conjugates
M365T724_p,769,0.35490497557684997,0.8927910483718415,Carbohydrates and carbohydrate conjugates
M365T724_q,770,0.35490497557684997,0.8927910483718415,Carbohydrates and carbohydrate conjugates
M365T724_r,771,0.35490497557684997,0.8927910483718415,Carbohydrates and carbohydrate conjugates
M365T724_s,772,0.35490497557684997,0.8927910483718415,Carbohydrates and carbohydrate conjugates
M124T510,773,0.3570222701206248,0.7792503329201768,Pyridinecarboxylic acids and derivatives
M261T556,774,0.3579634974282587,0.4499310083092294,"Amino acids, peptides, and analogues"
M273T864,775,0.36083599954190515,0.8470672339131986,Carbohydrates and carbohydrate conjugates
M332T781,776,0.36213942893662354,1.167127180385666,Purine deoxyribonucleotides
M233T898,777,0.37579870338815313,0.8601482884012214,"Amino acids, peptides, and analogues"
M597T634_c,778,0.38017415221704653,1.121880528526017,5'-deoxy-5'-thionucleosides
M339T557,779,0.3809881727198292,0.8872977918352326,"Amino acids, peptides, and analogues"
M292T661_a,780,0.38934286313546695,1.1950556410286033,Benzenesulfonic acids and derivatives
M292T661_b,781,0.38934286313546695,1.1950556410286033,Benzenesulfonic acids and derivatives
M454T332,782,0.38936334233196224,0.7528756722470686,Glycerophosphoethanolamines
M118T587_a,783,0.39236361401852504,0.8953028266374831,"Amino acids, peptides, and analogues"
M118T587_b,784,0.39236361401852504,0.8953028266374831,"Amino acids, peptides, and analogues"
M148T733,785,0.3926471665515293,0.8870395163851413,"Amino acids, peptides, and analogues"
M252T497,786,0.39335063358038236,1.0791687126190816,Sulfuric acid esters
M166T463_a,787,0.39579302888871615,0.9187705224394597,"Amino acids, peptides, and analogues"
M166T463_b,788,0.39579302888871615,0.9187705224394597,"Amino acids, peptides, and analogues"
M60T489_a,789,0.39790521189084804,0.8268232538477016,Amines
M60T489_b,790,0.39790521189084804,0.8268232538477016,Amines
M275T786,791,0.3982579887911234,0.9056729832188418,"Amino acids, peptides, and analogues"
M198T557_a,792,0.4002900218723664,0.8316250499280421,Carbohydrates and carbohydrate conjugates
M198T557_b,793,0.4002900218723664,0.8316250499280421,Carbohydrates and carbohydrate conjugates
M198T557_c,794,0.4002900218723664,0.8316250499280421,Carbohydrates and carbohydrate conjugates
M198T557_d,795,0.4002900218723664,0.8316250499280421,Carbohydrates and carbohydrate conjugates
M198T557_e,796,0.4002900218723664,0.8316250499280421,Carbohydrates and carbohydrate conjugates
M198T557_f,797,0.4002900218723664,0.8316250499280421,Alcohols and polyols
M198T557_g,798,0.4002900218723664,0.8316250499280421,Carbohydrates and carbohydrate conjugates
M198T557_h,799,0.4002900218723664,0.8316250499280421,Carbohydrates and carbohydrate conjugates
M198T557_i,800,0.4002900218723664,0.8316250499280421,Carbohydrates and carbohydrate conjugates
M198T557_j,801,0.4002900218723664,0.8316250499280421,Carbohydrates and carbohydrate conjugates
M219T79,802,0.40310683978607753,1.1183421748138602,Hydroxyindoles
M243T625,803,0.40311170071621816,0.8939445697508986,"Amino acids, peptides, and analogues"
M285T790_a,804,0.4103256338687493,1.148083340348536,"Amino acids, peptides, and analogues"
M285T790_b,805,0.4103256338687493,1.148083340348536,"Amino acids, peptides, and analogues"
M274T658,806,0.41126207054299935,0.8399855599887963,"Amino acids, peptides, and analogues"
M385T708,807,0.4126957260453886,1.7675327432833905,5'-deoxy-5'-thionucleosides
M104T685_2,808,0.41781397175215884,0.950204136872756,"Amino acids, peptides, and analogues"
M118T493_2,809,0.4344871894276564,0.9181915899643481,"Amino acids, peptides, and analogues"
M488T354_a,810,0.43586522684004925,1.1465203112828377,"Bile acids, alcohols and derivatives"
M488T354_b,811,0.43586522684004925,1.1465203112828377,"Bile acids, alcohols and derivatives"
M383T719_a,812,0.4359560572334017,0.841703455228704,Fatty acyl glycosides
M383T719_b,813,0.4359560572334017,0.841703455228704,Carbohydrates and carbohydrate conjugates
M383T719_c,814,0.4359560572334017,0.841703455228704,Carbohydrates and carbohydrate conjugates
M383T719_d,815,0.4359560572334017,0.841703455228704,Carbohydrates and carbohydrate conjugates
M415T764,816,0.43729834700707193,0.8614155769972864,5'-deoxy-5'-thionucleosides
M291T872,817,0.4457187189290649,1.206820314194654,"Amino acids, peptides, and analogues"
M201T574,818,0.4472841603272203,0.9673966934707474,"Amino acids, peptides, and analogues"
M182T545,819,0.44942004273332303,0.8814157153037252,"Amino acids, peptides, and analogues"
M235T791,820,0.4547899002395631,1.254288323883815,"Amino acids, peptides, and analogues"
M442T803,821,0.46536434972960183,1.1399178327668833,"Amino acids, peptides, and analogues"
M152T687_a,822,0.479454756014867,1.1887910082372046,"Amino acids, peptides, and analogues"
M281T791,823,0.480207047725569,0.8908221904709082,"Amino acids, peptides, and analogues"
M222T502,824,0.48134319601525866,0.9000573140454108,"Amino acids, peptides, and analogues"
M313T730,825,0.48394243250550795,1.1024029420493018,"Amino acids, peptides, and analogues"
M245T669_a,826,0.4862684513767873,1.1362663835566424,Carbohydrates and carbohydrate conjugates
M245T669_b,827,0.4862684513767873,1.1362663835566424,Carbohydrates and carbohydrate conjugates
M313T565,828,0.4880018506903572,0.9138888145715715,"Amino acids, peptides, and analogues"
M470T357_a,829,0.4931338488795698,1.5738729360402337,"Bile acids, alcohols and derivatives"
M470T357_b,830,0.4931338488795698,1.5738729360402337,"Bile acids, alcohols and derivatives"
M470T357_c,831,0.4931338488795698,1.5738729360402337,"Bile acids, alcohols and derivatives"
M130T468,832,0.49430536495927424,1.080713133617906,Carbonyl compounds
M176T746,833,0.49812617987010377,0.8945921986991887,"Amino acids, peptides, and analogues"
M245T631_a,834,0.5003514339879043,0.9471111423628163,Carbohydrates and carbohydrate conjugates
M245T631_b,835,0.5003514339879043,0.9471111423628163,Carbohydrates and carbohydrate conjugates
M332T723,836,0.5047414480203319,1.22069705506388,"Amino acids, peptides, and analogues"
M228T510,837,0.5063390920816392,0.8749885942038818,Phosphate esters
M347T541,838,0.5079909244805858,1.1423509085175205,Carbohydrates and carbohydrate conjugates
M473T275_a,839,0.5100417662336922,0.8413136513608657,"Bile acids, alcohols and derivatives"
M473T275_b,840,0.5100417662336922,0.8413136513608657,"Bile acids, alcohols and derivatives"
M473T275_c,841,0.5100417662336922,0.8413136513608657,"Bile acids, alcohols and derivatives"
M473T275_d,842,0.5100417662336922,0.8413136513608657,"Bile acids, alcohols and derivatives"
M473T275_e,843,0.5100417662336922,0.8413136513608657,"Bile acids, alcohols and derivatives"
M473T275_f,844,0.5100417662336922,0.8413136513608657,"Bile acids, alcohols and derivatives"
M473T275_g,845,0.5100417662336922,0.8413136513608657,"Bile acids, alcohols and derivatives"
M153T383,846,0.5128444196948136,0.805102481608725,Purines and purine derivatives
M190T716_a,847,0.5135613643539599,1.0717986849231413,"Amino acids, peptides, and analogues"
M190T716_b,848,0.5135613643539599,1.0717986849231413,"Amino acids, peptides, and analogues"
M76T664,849,0.5159908952021726,1.1200585258390774,"Amino acids, peptides, and analogues"
M428T769_a,850,0.5250458070045553,0.8842576225758022,Purine ribonucleotides
M428T769_b,851,0.5250458070045553,0.8842576225758022,Purine ribonucleotides
M428T769_c,852,0.5250458070045553,0.8842576225758022,Purine deoxyribonucleotides
M428T769_d,853,0.5250458070045553,0.8842576225758022,Purine ribonucleotides
M428T769_e,854,0.5250458070045553,0.8842576225758022,Carbohydrates and carbohydrate conjugates
M428T769_f,855,0.5250458070045553,0.8842576225758022,Purine ribonucleotides
M428T769_g,856,0.5250458070045553,0.8842576225758022,Carbohydrates and carbohydrate conjugates
M428T769_h,857,0.5250458070045553,0.8842576225758022,Purine ribonucleotides
M527T778_a,858,0.5320325740024399,1.1200609163338142,Carbohydrates and carbohydrate conjugates
M527T778_b,859,0.5320325740024399,1.1200609163338142,Carbohydrates and carbohydrate conjugates
M527T778_c,860,0.5320325740024399,1.1200609163338142,Carbohydrates and carbohydrate conjugates
M527T778_d,861,0.5320325740024399,1.1200609163338142,Carbohydrates and carbohydrate conjugates
M527T778_e,862,0.5320325740024399,1.1200609163338142,Carbohydrates and carbohydrate conjugates
M527T778_f,863,0.5320325740024399,1.1200609163338142,Carbohydrates and carbohydrate conjugates
M527T778_g,864,0.5320325740024399,1.1200609163338142,Carbohydrates and carbohydrate conjugates
M527T778_h,865,0.5320325740024399,1.1200609163338142,Carbohydrates and carbohydrate conjugates
M527T778_i,866,0.5320325740024399,1.1200609163338142,Carbohydrates and carbohydrate conjugates
M245T602_a,867,0.5463272781973358,1.3448128931321484,Sulfuric acid esters
M245T602_b,868,0.5463272781973358,1.3448128931321484,Fatty acids and conjugates
M572T327_a,869,0.5473512355173804,1.1429817940978397,Steroidal glycosides
M572T327_b,870,0.5473512355173804,1.1429817940978397,Steroidal glycosides
M572T327_c,871,0.5473512355173804,1.1429817940978397,Steroidal glycosides
M572T327_d,872,0.5473512355173804,1.1429817940978397,Steroidal glycosides
M293T580_a,873,0.5483481508071617,1.0979682098563,Glycosylglycerols
M293T580_b,874,0.5483481508071617,1.0979682098563,"Amino acids, peptides, and analogues"
M293T580_c,875,0.5483481508071617,1.0979682098563,Thiohydroximic acids
M554T329_a,876,0.5496078053223459,1.1019330857051772,Steroidal glycosides
M554T329_b,877,0.5496078053223459,1.1019330857051772,Steroidal glycosides
M554T329_c,878,0.5496078053223459,1.1019330857051772,Steroidal glycosides
M554T329_d,879,0.5496078053223459,1.1019330857051772,Steroidal glycosides
M554T329_e,880,0.5496078053223459,1.1019330857051772,Steroidal glycosides
M263T520,881,0.5502553368164436,1.0964181352938906,Carbonyl compounds
M243T740,882,0.5536681543297626,0.9069159519839051,Carbohydrates and carbohydrate conjugates
M335T659,883,0.5548332240333922,0.9419842090340109,Carbohydrates and carbohydrate conjugates
M365T850_a,884,0.5642249158132706,1.2299426683195418,Carbohydrates and carbohydrate conjugates
M365T850_b,885,0.5642249158132706,1.2299426683195418,Carbohydrates and carbohydrate conjugates
M365T850_c,886,0.5642249158132706,1.2299426683195418,Carbohydrates and carbohydrate conjugates
M365T850_d,887,0.5642249158132706,1.2299426683195418,Carbohydrates and carbohydrate conjugates
M365T850_e,888,0.5642249158132706,1.2299426683195418,Carbohydrates and carbohydrate conjugates
M365T850_f,889,0.5642249158132706,1.2299426683195418,Carbohydrates and carbohydrate conjugates
M365T850_g,890,0.5642249158132706,1.2299426683195418,Carbohydrates and carbohydrate conjugates
M365T850_h,891,0.5642249158132706,1.2299426683195418,Carbohydrates and carbohydrate conjugates
M365T850_i,892,0.5642249158132706,1.2299426683195418,Carbohydrates and carbohydrate conjugates
M365T850_j,893,0.5642249158132706,1.2299426683195418,Carbohydrates and carbohydrate conjugates
M365T850_k,894,0.5642249158132706,1.2299426683195418,Carbohydrates and carbohydrate conjugates
M365T850_l,895,0.5642249158132706,1.2299426683195418,Carbohydrates and carbohydrate conjugates
M365T850_m,896,0.5642249158132706,1.2299426683195418,Carbohydrates and carbohydrate conjugates
M365T850_n,897,0.5642249158132706,1.2299426683195418,Carbohydrates and carbohydrate conjugates
M365T850_o,898,0.5642249158132706,1.2299426683195418,Carbohydrates and carbohydrate conjugates
M365T850_p,899,0.5642249158132706,1.2299426683195418,Carbohydrates and carbohydrate conjugates
M365T850_q,900,0.5642249158132706,1.2299426683195418,Carbohydrates and carbohydrate conjugates
M338T56_2,901,0.5650122583086123,0.8579980964296433,Fatty amides
M286T724,902,0.5691054287603113,1.1580454660615476,"Amino acids, peptides, and analogues"
M247T610,903,0.5742522037156853,0.8624743845691999,Sulfuric acid esters
M522T820_a,904,0.5805036312313299,0.9338438512101599,Carbohydrates and carbohydrate conjugates
M522T820_b,905,0.5805036312313299,0.9338438512101599,Carbohydrates and carbohydrate conjugates
M522T820_c,906,0.5805036312313299,0.9338438512101599,Carbohydrates and carbohydrate conjugates
M522T820_d,907,0.5805036312313299,0.9338438512101599,Carbohydrates and carbohydrate conjugates
M522T820_e,908,0.5805036312313299,0.9338438512101599,Carbohydrates and carbohydrate conjugates
M522T820_f,909,0.5805036312313299,0.9338438512101599,Carbohydrates and carbohydrate conjugates
M522T820_g,910,0.5805036312313299,0.9338438512101599,Carbohydrates and carbohydrate conjugates
M522T820_h,911,0.5805036312313299,0.9338438512101599,Carbohydrates and carbohydrate conjugates
M522T820_i,912,0.5805036312313299,0.9338438512101599,Carbohydrates and carbohydrate conjugates
M522T820_j,913,0.5805036312313299,0.9338438512101599,Carbohydrates and carbohydrate conjugates
M268T356,914,0.5949338007300149,1.2558590745334508,Carbonyl compounds
M516T337,915,0.5992007291436928,1.208906555503472,"Bile acids, alcohols and derivatives"
M156T573_a,916,0.5993520673082342,0.9303978484940743,"Amino acids, peptides, and analogues"
M156T573_b,917,0.5993520673082342,0.9303978484940743,"Amino acids, peptides, and analogues"
M811T146,918,0.600861245558286,1.1565362162638326,Glycosphingolipids
M286T910,919,0.6223345096148111,0.9162623223428962,"Amino acids, peptides, and analogues"
M285T766,920,0.6252788045694688,1.0731844342603523,"Amino acids, peptides, and analogues"
M442T564_1_a,921,0.6320548253576801,0.945764344772479,Carbohydrates and carbohydrate conjugates
M442T564_1_b,922,0.6320548253576801,0.945764344772479,Carbohydrates and carbohydrate conjugates
M179T593_a,923,0.6363617107037902,0.8925610390679678,Gamma butyrolactones
M179T593_b,924,0.6363617107037902,0.8925610390679678,Gamma butyrolactones
M179T593_c,925,0.6363617107037902,0.8925610390679678,Alcohols and polyols
M179T593_d,926,0.6363617107037902,0.8925610390679678,Carbohydrates and carbohydrate conjugates
M179T593_e,927,0.6363617107037902,0.8925610390679678,Carbohydrates and carbohydrate conjugates
M179T593_f,928,0.6363617107037902,0.8925610390679678,Carbohydrates and carbohydrate conjugates
M179T593_g,929,0.6363617107037902,0.8925610390679678,Carbohydrates and carbohydrate conjugates
M179T593_h,930,0.6363617107037902,0.8925610390679678,Gamma butyrolactones
M179T593_i,931,0.6363617107037902,0.8925610390679678,Medium-chain keto acids and derivatives
M179T593_j,932,0.6363617107037902,0.8925610390679678,Medium-chain keto acids and derivatives
M179T593_k,933,0.6363617107037902,0.8925610390679678,Medium-chain keto acids and derivatives
M253T505,934,0.6439241757960277,0.9492456033890789,"Amino acids, peptides, and analogues"
M362T856,935,0.644937294467625,0.932128345841898,Carbohydrates and carbohydrate conjugates
M204T723,936,0.655732387476416,1.0503857043045657,"Amino acids, peptides, and analogues"
M220T745,937,0.6620283134076963,0.8431038132712602,Beta lactams
M174T669,938,0.6626612494364735,0.7866369205904565,Phosphate esters
M281T399,939,0.6696467943400943,1.0549131711923037,"Amino acids, peptides, and analogues"
M496T339,940,0.6701008263960244,0.9162262561034694,Glycerophosphocholines
M592T733_c,941,0.6714805531386041,0.9294521147025835,5'-deoxy-5'-thionucleosides
M216T790,942,0.6787374592269357,1.2954906068324958,Benzoic acids and derivatives
M193T188,943,0.681320545778803,0.948032980654515,Styrenes
M536T353,944,0.6932768451375821,0.9650869394609636,Steroidal glycosides
M112T503,945,0.7001275314467994,1.0354265048949214,Carbonyl compounds
M291T791,946,0.702661425670688,0.951531041651129,"Amino acids, peptides, and analogues"
M126T533_2,947,0.7086037330791639,1.03559141513565,Organosulfonic acids and derivatives
M524T326_a,948,0.7115138789449102,1.0525578793654164,Glycerophosphocholines
M524T326_b,949,0.7115138789449102,1.0525578793654164,Glycerophosphocholines
M335T879,950,0.7129270609300884,1.0767003604705896,Nicotinamide nucleotides
M147T985,951,0.7282332845058989,0.9447262856265696,"Amino acids, peptides, and analogues"
M261T823,952,0.7330529368052011,1.0659801868559002,"Amino acids, peptides, and analogues"
M122T512,953,0.7514707361192889,0.9646392803138377,Alpha hydroxy acids and derivatives
M405T889,954,0.7565442601745664,0.960606738838551,Pyrimidine ribonucleotides
M364T861_a,955,0.761545704051081,1.0493192273049474,Purine ribonucleotides
M364T861_c,956,0.761545704051081,1.0493192273049474,Carbohydrates and carbohydrate conjugates
M364T861_d,957,0.761545704051081,1.0493192273049474,Carbohydrates and carbohydrate conjugates
M364T861_f,958,0.761545704051081,1.0493192273049474,Purine ribonucleotides
M364T861_g,959,0.761545704051081,1.0493192273049474,Carbohydrates and carbohydrate conjugates
M227T265,960,0.7663044525326831,1.1579618709866515,Indolyl carboxylic acids and derivatives
M240T653_a,961,0.7702837335390493,1.0300363646550945,Hybrid peptides
M240T653_b,962,0.7702837335390493,1.0300363646550945,"Amino acids, peptides, and analogues"
M112T481,963,0.7889024424156721,0.966598355374933,Carbonyl compounds
M143T540_a,964,0.7949811646647993,0.9592064087682911,Medium-chain keto acids and derivatives
M143T540_b,965,0.7949811646647993,0.9592064087682911,Medium-chain keto acids and derivatives
M132T636,966,0.811573474775987,0.9566109003639724,"Amino acids, peptides, and analogues"
M203T478_a,967,0.812123542632837,0.9512873022078999,Purines and purine derivatives
M203T478_b,968,0.812123542632837,0.9512873022078999,Carbohydrates and carbohydrate conjugates
M203T478_c,969,0.812123542632837,0.9512873022078999,Carbohydrates and carbohydrate conjugates
M203T478_d,970,0.812123542632837,0.9512873022078999,Carbohydrates and carbohydrate conjugates
M203T478_e,971,0.812123542632837,0.9512873022078999,Carbohydrates and carbohydrate conjugates
M203T478_f,972,0.812123542632837,0.9512873022078999,Carbohydrates and carbohydrate conjugates
M203T478_g,973,0.812123542632837,0.9512873022078999,Carbohydrates and carbohydrate conjugates
M203T478_h,974,0.812123542632837,0.9512873022078999,Alcohols and polyols
M203T478_i,975,0.812123542632837,0.9512873022078999,Purines and purine derivatives
M203T478_j,976,0.812123542632837,0.9512873022078999,Purines and purine derivatives
M293T831,977,0.8149362406059734,1.0461832767545163,Tetracarboxylic acids and derivatives
M145T594,978,0.8194175213457698,1.0271197845996138,Guanidines
M279T631,979,0.8315240552789305,1.0168098184578354,Gamma-keto acids and derivatives
M188T712_a,980,0.8428626404682762,0.9642129833236446,"Amino acids, peptides, and analogues"
M188T712_b,981,0.8428626404682762,0.9642129833236446,"Amino acids, peptides, and analogues"
M201T673,982,0.8506633821990297,1.0211205510725132,"Amino acids, peptides, and analogues"
M275T565,983,0.852343881925603,0.9734398044863183,Benzoic acids and derivatives
M257T609_a,984,0.8528570091110386,0.8848293875222842,"Amino acids, peptides, and analogues"
M257T609_b,985,0.8528570091110386,0.8848293875222842,"Amino acids, peptides, and analogues"
M257T609_c,986,0.8528570091110386,0.8848293875222842,"Amino acids, peptides, and analogues"
M257T609_d,987,0.8528570091110386,0.8848293875222842,"Amino acids, peptides, and analogues"
M174T663,988,0.8565422540872337,1.0273879517127338,Short-chain keto acids and derivatives
M123T88,989,0.8580917878439273,0.9642052899892206,Pyridinecarboxylic acids and derivatives
M406T713_a,990,0.8597690158009933,0.9753770801241622,Carbohydrates and carbohydrate conjugates
M406T713_b,991,0.8597690158009933,0.9753770801241622,Carbohydrates and carbohydrate conjugates
M117T503,992,0.8777389487285684,1.02102442193081,"Amino acids, peptides, and analogues"
M367T724_a,993,0.8794687175211588,0.9388116573253866,Carbohydrates and carbohydrate conjugates
M367T724_b,994,0.8794687175211588,0.9388116573253866,Carbohydrates and carbohydrate conjugates
M367T724_c,995,0.8794687175211588,0.9388116573253866,Carbohydrates and carbohydrate conjugates
M367T724_d,996,0.8794687175211588,0.9388116573253866,Carbohydrates and carbohydrate conjugates
M367T724_e,997,0.8794687175211588,0.9388116573253866,Carbohydrates and carbohydrate conjugates
M147T545,998,0.88607895961364,0.976838148567637,Methoxyphenols
M118T478,999,0.8882496669064146,0.9893762397036457,"Amino acids, peptides, and analogues"
M277T560,1000,0.888863895860184,1.0592580711058015,Thiohydroximic acids
M194T282,1001,0.8930339349594483,0.9838080297589339,"Amino acids, peptides, and analogues"
M336T658_a,1002,0.8933636157293825,1.0281957873256828,"Amino acids, peptides, and analogues"
M336T658_b,1003,0.8933636157293825,1.0281957873256828,"Amino acids, peptides, and analogues"
M482T323,1004,0.8968337790356695,1.021990701323549,Glycerophosphoethanolamines
M163T557_a,1005,0.9025527267003428,0.9555862504071218,Alcohols and polyols
M163T557_b,1006,0.9025527267003428,0.9555862504071218,Carbohydrates and carbohydrate conjugates
M163T557_c,1007,0.9025527267003428,0.9555862504071218,Medium-chain keto acids and derivatives
M163T557_d,1008,0.9025527267003428,0.9555862504071218,Medium-chain keto acids and derivatives
M163T557_e,1009,0.9025527267003428,0.9555862504071218,Carbohydrates and carbohydrate conjugates
M163T557_f,1010,0.9025527267003428,0.9555862504071218,Carbohydrates and carbohydrate conjugates
M163T557_g,1011,0.9025527267003428,0.9555862504071218,Carbohydrates and carbohydrate conjugates
M163T557_h,1012,0.9025527267003428,0.9555862504071218,Carbohydrates and carbohydrate conjugates
M163T557_i,1013,0.9025527267003428,0.9555862504071218,Carbohydrates and carbohydrate conjugates
M163T557_j,1014,0.9025527267003428,0.9555862504071218,Fatty acids and conjugates
M335T634,1015,0.9031637743585483,0.9897635727014417,Carbohydrates and carbohydrate conjugates
M198T727_a,1016,0.9094774292392764,0.958077568639958,Medium-chain hydroxy acids and derivatives
M198T727_b,1017,0.9094774292392764,0.958077568639958,Medium-chain hydroxy acids and derivatives
M198T727_c,1018,0.9094774292392764,0.958077568639958,Carbohydrates and carbohydrate conjugates
M208T553_a,1019,0.9180756684179532,1.01709320051889,Carbonyl compounds
M208T553_b,1020,0.9180756684179532,1.01709320051889,Carbonyl compounds
M375T566_a,1021,0.9255030247003375,0.9933251280319478,Fatty acyl glycosides
M375T566_b,1022,0.9255030247003375,0.9933251280319478,Carbohydrates and carbohydrate conjugates
M375T566_c,1023,0.9255030247003375,0.9933251280319478,Carbohydrates and carbohydrate conjugates
M189T569_a,1024,0.9277844336123262,1.0589269121804072,"Amino acids, peptides, and analogues"
M189T569_b,1025,0.9277844336123262,1.0589269121804072,"Amino acids, peptides, and analogues"
M175T961,1026,0.9280878205566598,0.9892169366932057,"Amino acids, peptides, and analogues"
M127T282,1027,0.9298506448401305,0.98391592514181,Benzenetriols and derivatives
M106T560,1028,0.9321445323297353,1.01309765088468,Amines
M241T689_a,1029,0.9372315791055107,1.0151774795245767,Hybrid peptides
M241T689_b,1030,0.9372315791055107,1.0151774795245767,Hybrid peptides
M241T689_c,1031,0.9372315791055107,1.0151774795245767,"Amino acids, peptides, and analogues"
M120T591,1032,0.9375059269754483,0.9880343542639018,Fatty acids and conjugates
M327T632,1033,0.9389127881901942,0.9684883173368951,Sulfuric acid esters
M267T653,1034,0.9413547058364025,1.0186245342191702,Beta lactams
M173T804_a,1035,0.9468762829398247,0.9884222463415815,Glycerophosphates
M173T804_b,1036,0.9468762829398247,0.9884222463415815,Glycerophosphates
M173T804_c,1037,0.9468762829398247,0.9884222463415815,Glycerophosphates
M173T804_d,1038,0.9468762829398247,0.9884222463415815,Glycerophosphates
M338T733,1039,0.948170795813059,1.0067223057851373,"Amino acids, peptides, and analogues"
M217T791,1040,0.9555739871573853,1.0415518781174693,"Amino acids, peptides, and analogues"
M247T792,1041,0.9595039369863091,1.0070537006650293,Sulfuric acid esters
M592T765_a,1042,0.9740640410926374,0.9941252094124,5'-deoxy-5'-thionucleosides
M405T803,1043,0.9770499971743951,1.003952420177757,Pyrimidine ribonucleotides
M377T382,1044,0.9837190229873891,1.001674809817299,Alloxazines and isoalloxazines
M184T910,1045,0.9894991753464254,0.9982816620969538,Quaternary ammonium salts
M145T463,1046,0.989762332609724,1.0025193732301847,Guanidines
M131T561_b,1047,0.9920430618116682,0.9985042607770647,"Amino acids, peptides, and analogues"
M131T561_c,1048,0.9920430618116682,0.9985042607770647,"Amino acids, peptides, and analogues"
M131T561_d,1049,0.9920430618116682,0.9985042607770647,"Amino acids, peptides, and analogues"
M248T623_a,1050,0.9929042455182732,0.9986190117232965,2-phenoxypropionic acids
M248T623_b,1051,0.9929042455182732,0.9986190117232965,Dicarboxylic acids and derivatives
M248T623_c,1052,0.9929042455182732,0.9986190117232965,Dicarboxylic acids and derivatives
M248T623_d,1053,0.9929042455182732,0.9986190117232965,Aniline and substituted anilines
M198T720,1054,0.9938062479803931,1.0012593827310652,"Amino acids, peptides, and analogues"
M481T565,1055,0.9938199425464358,1.00189932126214,Purine ribonucleotides
M229T659,1056,0.9962588459425972,1.000608336258591,Benzoic acids and derivatives
M189T649,1057,0.9962848284830463,1.0006716586893647,"Amino acids, peptides, and analogues"
M188T725_a,1058,0.9971093207680367,0.999084901684863,Carbohydrates and carbohydrate conjugates
M188T725_b,1059,0.9971093207680367,0.999084901684863,Carbohydrates and carbohydrate conjugates
M188T725_c,1060,0.9971093207680367,0.999084901684863,"Amino acids, peptides, and analogues"
M188T725_d,1061,0.9971093207680367,0.999084901684863,"Amino acids, peptides, and analogues"
M350T631,1062,0.9972088780745214,1.0004245081518703,Beta lactams
M560T783,1063,0.9995591277957923,1.0000784409270842,Purine nucleotide sugars
