compound_name,order,pvalue,foldchange,class
M349T844,1,1.221523334758311e-5,2.150641920293688,Purine nucleotides
M229T781,2,8.417325297089579e-5,1.6673212715905232,Organooxygen compounds
M366T641_2,3,1.1990826564898988e-4,1.6542356141941872,Carboxylic acids and derivatives
M413T585,4,1.448125816431439e-4,0.4484117199058863,Organooxygen compounds
M129T635,5,1.6738959037693277e-4,1.8930287675185675,Carboxylic acids and derivatives
M227T426_a,6,2.1022871498535046e-4,1.9339743631958335,Carboxylic acids and derivatives
M227T426_b,7,2.1022871498535046e-4,1.9339743631958335,Benzene and substituted derivatives
M138T554_2_a,8,2.218471406681765e-4,1.7615152903004356,Carboxylic acids and derivatives
M138T554_2_b,9,2.218471406681765e-4,1.7615152903004356,Carboxylic acids and derivatives
M190T612,10,2.2695298858891436e-4,2.213438132070107,Carboxylic acids and derivatives
M246T466_a,11,2.7558187363686386e-4,1.9717401682122018,Organooxygen compounds
M246T466_b,12,2.7558187363686386e-4,1.9717401682122018,Organooxygen compounds
M217T435,13,2.835515073766161e-4,2.169261146937365,Organooxygen compounds
M370T398,14,4.848622871570231e-4,0.35363412893343116,Purine nucleosides
M126T546,15,5.800813399141624e-4,0.8392723792881049,Organic sulfonic acids and derivatives
M283T704,16,7.121359335838434e-4,1.6297416410959373,Lactams
M218T834,17,7.506889210794881e-4,0.7135528421145635,Carboxylic acids and derivatives
M304T624,18,7.629955415955734e-4,3.444301258575489,Peptidomimetics
M237T700,19,8.375636391117837e-4,1.5909654028662006,Carboxylic acids and derivatives
M686T612,20,9.318817198923032e-4,2.4209279955739422,Pteridines and derivatives
M457T613,21,9.507890823733086e-4,1.8350162752071169,Pteridines and derivatives
M306T711,22,0.0010077456849422702,1.9556682101902214,Pyrimidine nucleotides
M406T666_a,23,0.0011380973542070736,3.6098268987893203,Carboxylic acids and derivatives
M406T666_b,24,0.0011380973542070736,3.6098268987893203,Carboxylic acids and derivatives
M374T618,25,0.0011416432372727424,0.6830833032591096,Carboxylic acids and derivatives
M234T835_a,26,0.0012666429256148358,0.5813602738354147,Carboxylic acids and derivatives
M234T835_b,27,0.0012666429256148358,0.5813602738354147,Carboxylic acids and derivatives
M261T612,28,0.0013028627566099486,1.4597191689590954,Saccharolipids
M300T644,29,0.001377601234551252,1.7015769629091306,Carboxylic acids and derivatives
M230T612,30,0.0014542383757487063,1.5709428051830898,Carboxylic acids and derivatives
M294T619,31,0.0014767072668417458,0.42873108999466525,Carboxylic acids and derivatives
M200T564_a,32,0.0015378032477814207,2.0586531832756156,Organooxygen compounds
M200T564_b,33,0.0015378032477814207,2.0586531832756156,Organooxygen compounds
M200T564_c,34,0.0015378032477814207,2.0586531832756156,Organooxygen compounds
M200T564_d,35,0.0015378032477814207,2.0586531832756156,Organooxygen compounds
M200T564_e,36,0.0015378032477814207,2.0586531832756156,Organooxygen compounds
M291T384,37,0.0015404441945776697,0.4768383233494492,Thiohydroximic acids and derivatives
M245T296,38,0.0016416563834102864,0.7283854262363993,Pyrimidine nucleosides
M146T711_2,39,0.0017455029749482876,0.6969215550786986,Fatty Acyls
M248T804_a,40,0.0017999043657500892,0.7190019850140557,Carboxylic acids and derivatives
M248T804_b,41,0.0017999043657500892,0.7190019850140557,Carboxylic acids and derivatives
M224T756_1_a,42,0.0018011140365084407,0.6991886005772814,Carboxylic acids and derivatives
M224T756_1_b,43,0.0018011140365084407,0.6991886005772814,Carboxylic acids and derivatives
M231T362_a,44,0.0018679749319293398,0.5109429120859297,Carboxylic acids and derivatives
M231T362_b,45,0.0018679749319293398,0.5109429120859297,Carboxylic acids and derivatives
M277T570,46,0.0019049609846126347,2.0687612674515994,Glycerolipids
M177T440,47,0.0019979679955152434,0.6020096597892999,Indoles and derivatives
M271T615,48,0.0020210782367479133,0.36632481473611384,Carboxylic acids and derivatives
M244T681,49,0.0020870798158542786,0.6409458919777218,Carboxylic acids and derivatives
M268T639_a,50,0.0020993935823309046,1.7754700374751726,Organic sulfuric acids and derivatives
M268T639_b,51,0.0020993935823309046,1.7754700374751726,Phenols
M205T556_a,52,0.0021028503537145822,0.5524906711364815,Organooxygen compounds
M205T556_b,53,0.0021028503537145822,0.5524906711364815,Carboxylic acids and derivatives
M205T556_c,54,0.0021028503537145822,0.5524906711364815,Carboxylic acids and derivatives
M387T724_a,55,0.002292162198388873,0.7495616006415095,Organooxygen compounds
M387T724_b,56,0.002292162198388873,0.7495616006415095,Organooxygen compounds
M387T724_c,57,0.002292162198388873,0.7495616006415095,Organooxygen compounds
M387T724_d,58,0.002292162198388873,0.7495616006415095,Organooxygen compounds
M387T724_e,59,0.002292162198388873,0.7495616006415095,Organooxygen compounds
M387T724_f,60,0.002292162198388873,0.7495616006415095,Organooxygen compounds
M387T724_g,61,0.002292162198388873,0.7495616006415095,Organooxygen compounds
M387T724_h,62,0.002292162198388873,0.7495616006415095,Organooxygen compounds
M387T724_i,63,0.002292162198388873,0.7495616006415095,Organooxygen compounds
M126T601,64,0.0024220462938131194,1.5455051809597298,Fatty Acyls
M1135T1005,65,0.002645902450292789,0.5001105768604585,Organooxygen compounds
M277T837,66,0.002759166038690941,1.825764359422468,Carboxylic acids and derivatives
M188T780,67,0.0029519959585665692,1.7423134073684319,Fatty Acyls
M272T612_a,68,0.0029706724859987757,1.3505992284416255,Carboxylic acids and derivatives
M272T612_b,69,0.0029706724859987757,1.3505992284416255,Carboxylic acids and derivatives
M342T854,70,0.0031045096138700174,0.7074904160189158,Organooxygen compounds
M269T630,71,0.0032070188057876556,1.3803607191141458,Carboxylic acids and derivatives
M448T622_a,72,0.003284035733164232,2.5951589466499154,Carboxylic acids and derivatives
M448T622_b,73,0.003284035733164232,2.5951589466499154,Carboxylic acids and derivatives
M233T478_1,74,0.003436707202924436,2.677566769070335,Carboxylic acids and derivatives
M187T625,75,0.003465568091808265,0.5771122834681438,Carboxylic acids and derivatives
M407T685,76,0.003926611491665759,0.6985897463386388,Organooxygen compounds
M245T331_a,77,0.003980678774324982,0.6850916658585601,Carboxylic acids and derivatives
M245T331_b,78,0.003980678774324982,0.6850916658585601,Carboxylic acids and derivatives
M245T331_c,79,0.003980678774324982,0.6850916658585601,Carboxylic acids and derivatives
M245T331_d,80,0.003980678774324982,0.6850916658585601,Carboxylic acids and derivatives
M177T606,81,0.004271301601464324,0.6725594873546926,Carboxylic acids and derivatives
M336T732,82,0.004614297702416196,1.3306501982563443,Carboxylic acids and derivatives
M346T566_a,83,0.00464034342886964,1.3738903349336566,Purine nucleosides
M346T566_b,84,0.00464034342886964,1.3738903349336566,Purine nucleosides
M346T566_c,85,0.00464034342886964,1.3738903349336566,Purine nucleotides
M346T566_d,86,0.00464034342886964,1.3738903349336566,Purine nucleotides
M346T566_e,87,0.00464034342886964,1.3738903349336566,Purine nucleotides
M322T719,88,0.004657478604025864,0.7750894288585096,Peptidomimetics
M395T688,89,0.00466225140326031,0.4728185789977795,Carboxylic acids and derivatives
M350T688_a,90,0.004762183636373915,0.44844101882279713,Carboxylic acids and derivatives
M350T688_b,91,0.004762183636373915,0.44844101882279713,Carboxylic acids and derivatives
M809T727_a,92,0.004961331991058302,0.6721141998134269,Carboxylic acids and derivatives
M809T727_b,93,0.004961331991058302,0.6721141998134269,Carboxylic acids and derivatives
M285T570,94,0.0055685635451356375,0.7690853232459376,Purine nucleosides
M306T790,95,0.005665535418444268,1.4171687433255937,Carboxylic acids and derivatives
M213T835,96,0.005669511329808862,1.4179310964313359,Organooxygen compounds
M237T376_a,97,0.005685573149216113,0.5487126157466801,Carboxylic acids and derivatives
M237T376_b,98,0.005685573149216113,0.5487126157466801,Carboxylic acids and derivatives
M268T682,99,0.0059841743995770625,2.1732581494485745,Organic sulfuric acids and derivatives
M422T694_a,100,0.006205727622236956,0.7793378734383491,Organooxygen compounds
M422T694_b,101,0.006205727622236956,0.7793378734383491,Organooxygen compounds
M422T694_c,102,0.006205727622236956,0.7793378734383491,Organooxygen compounds
M505T853_2,103,0.006628876573090598,0.7692419963292318,Organooxygen compounds
M371T421,104,0.006850105658747225,0.36238699796594853,Fatty Acyls
M788T320,105,0.007006283755098902,1.6694503863986314,Sphingolipids
M439T687,106,0.007036396337547797,0.5341236519856379,Carboxylic acids and derivatives
M732T325,107,0.007111353131157316,1.8714775980031335,Sphingolipids
M386T499_a,108,0.0071659269334382,1.3505252870479332,Organooxygen compounds
M386T499_b,109,0.0071659269334382,1.3505252870479332,Phenols
M386T499_c,110,0.0071659269334382,1.3505252870479332,Phenols
M156T657_a,111,0.007421734414469826,0.8540032097972444,Carboxylic acids and derivatives
M156T657_b,112,0.007421734414469826,0.8540032097972444,Organic phosphoric acids and derivatives
M246T798,113,0.008292971117548403,0.7603872672214669,Peptidomimetics
M257T631_a,114,0.008785356428869942,0.6790972262138624,Carboxylic acids and derivatives
M257T631_b,115,0.008785356428869942,0.6790972262138624,Carboxylic acids and derivatives
M375T641_a,116,0.008936571756547855,1.9743946566170452,Carboxylic acids and derivatives
M375T641_b,117,0.008936571756547855,1.9743946566170452,Carboxylic acids and derivatives
M375T641_c,118,0.008936571756547855,1.9743946566170452,Organooxygen compounds
M375T641_d,119,0.008936571756547855,1.9743946566170452,Organooxygen compounds
M375T641_e,120,0.008936571756547855,1.9743946566170452,Fatty Acyls
M375T641_f,121,0.008936571756547855,1.9743946566170452,Fatty Acyls
M375T641_g,122,0.008936571756547855,1.9743946566170452,Fatty Acyls
M375T641_h,123,0.008936571756547855,1.9743946566170452,Organooxygen compounds
M375T641_i,124,0.008936571756547855,1.9743946566170452,Organooxygen compounds
M375T641_j,125,0.008936571756547855,1.9743946566170452,Fatty Acyls
M375T641_k,126,0.008936571756547855,1.9743946566170452,Fatty Acyls
M245T768,127,0.008989087074630128,0.741124899844617,Carboxylic acids and derivatives
M292T734,128,0.009367183951871343,1.4784075932376108,Carboxylic acids and derivatives
M363T558,129,0.009501157696901732,0.7521194598668653,Organooxygen compounds
M215T532,130,0.009516291786490345,0.6274023430728379,Carboxylic acids and derivatives
M343T728_a,131,0.009799928125307762,0.7474548937901371,Organooxygen compounds
M343T728_b,132,0.009799928125307762,0.7474548937901371,Organooxygen compounds
M343T728_c,133,0.009799928125307762,0.7474548937901371,Organooxygen compounds
M343T728_d,134,0.009799928125307762,0.7474548937901371,Organooxygen compounds
M203T77_a,135,0.00985227920761457,0.686713521804062,Carboxylic acids and derivatives
M203T77_b,136,0.00985227920761457,0.686713521804062,Carboxylic acids and derivatives
M203T77_c,137,0.00985227920761457,0.686713521804062,Carboxylic acids and derivatives
M291T419,138,0.009941358016378693,0.7394079718131651,Purine nucleosides
M667T738_a,139,0.010116131982639763,0.6019616432101493,Organooxygen compounds
M667T738_b,140,0.010116131982639763,0.6019616432101493,Organooxygen compounds
M667T738_c,141,0.010116131982639763,0.6019616432101493,Organooxygen compounds
M667T738_d,142,0.010116131982639763,0.6019616432101493,Organooxygen compounds
M400T291,143,0.010177703147392242,2.148995743839554,Fatty Acyls
M148T364,144,0.01109334093106795,0.36373326534124867,Pyridines and derivatives
M379T526_a,145,0.011243229140372858,0.7155177766425685,Diazines
M379T526_b,146,0.011243229140372858,0.7155177766425685,Organooxygen compounds
M379T526_c,147,0.011243229140372858,0.7155177766425685,Diazines
M379T526_d,148,0.011243229140372858,0.7155177766425685,Diazines
M258T732,149,0.01128942314029284,1.2204924002730249,Glycerophospholipids
M285T606_a,150,0.011430103806503345,0.7034364256837365,Carboxylic acids and derivatives
M285T606_b,151,0.011430103806503345,0.7034364256837365,Carboxylic acids and derivatives
M233T456_a,152,0.011445672287502399,0.5654572140936467,Carboxylic acids and derivatives
M233T456_b,153,0.011445672287502399,0.5654572140936467,Carboxylic acids and derivatives
M428T307,154,0.01150479407293411,2.6382285074198064,Fatty Acyls
M217T715_a,155,0.011539719749096148,1.503920789179337,Organooxygen compounds
M217T715_b,156,0.011539719749096148,1.503920789179337,Organooxygen compounds
M420T499_a,157,0.011608061438343554,2.1038335712021783,Pyrimidine nucleosides
M420T499_b,158,0.011608061438343554,2.1038335712021783,Pyrimidine nucleosides
M420T499_c,159,0.011608061438343554,2.1038335712021783,Pyrimidine nucleosides
M420T499_d,160,0.011608061438343554,2.1038335712021783,Pyrimidine nucleosides
M137T642_a,161,0.011712384313659504,0.10595044750484585,Carboxylic acids and derivatives
M137T642_b,162,0.011712384313659504,0.10595044750484585,Carboxylic acids and derivatives
M137T642_c,163,0.011712384313659504,0.10595044750484585,Carboxylic acids and derivatives
M137T642_d,164,0.011712384313659504,0.10595044750484585,Carboxylic acids and derivatives
M137T642_e,165,0.011712384313659504,0.10595044750484585,Carboxylic acids and derivatives
M137T642_f,166,0.011712384313659504,0.10595044750484585,Carboxylic acids and derivatives
M226T737,167,0.01177113645304237,1.3868405874248564,Carboxylic acids and derivatives
M306T688,168,0.012219581484229173,0.688136588710073,Carboxylic acids and derivatives
M991T993,169,0.012225013487820973,0.5464272328122758,Organooxygen compounds
M732T1144,170,0.012304081940645318,15.335889997365186,Sphingolipids
M227T536,171,0.012599661002103631,0.7253089017455489,Carboxylic acids and derivatives
M144T675,172,0.012613725926421194,0.7316877822576074,Fatty Acyls
M322T553,173,0.012967357444253426,0.4337832936695743,Peptidomimetics
M329T338,174,0.013008079559819875,0.5671739580080498,Carboxylic acids and derivatives
M180T738_a,175,0.013579676066079247,0.7634515079975844,Fatty Acyls
M180T738_b,176,0.013579676066079247,0.7634515079975844,Fatty Acyls
M180T738_c,177,0.013579676066079247,0.7634515079975844,Keto acids and derivatives
M180T738_d,178,0.013579676066079247,0.7634515079975844,Keto acids and derivatives
M180T738_e,179,0.013579676066079247,0.7634515079975844,Keto acids and derivatives
M180T738_f,180,0.013579676066079247,0.7634515079975844,Fatty Acyls
M180T738_g,181,0.013579676066079247,0.7634515079975844,Fatty Acyls
M180T738_h,182,0.013579676066079247,0.7634515079975844,Fatty Acyls
M180T738_i,183,0.013579676066079247,0.7634515079975844,Fatty Acyls
M180T738_j,184,0.013579676066079247,0.7634515079975844,Fatty Acyls
M325T833,185,0.014000046895739882,1.5077913972840167,Pyrimidine nucleotides
M198T613,186,0.014144051871872995,1.380506321444271,Carboxylic acids and derivatives
M342T937,187,0.014211659571097001,0.727769812800815,Organooxygen compounds
M325T289,188,0.014543874443647353,0.6131302502728133,Organooxygen compounds
M342T739,189,0.014761451405158147,0.7800390545688616,Organooxygen compounds
M292T755,190,0.014852133163170021,0.7364959119148404,Carboxylic acids and derivatives
M360T738_a,191,0.015075995083372415,0.6961842983304535,Organooxygen compounds
M360T738_b,192,0.015075995083372415,0.6961842983304535,Organooxygen compounds
M360T738_c,193,0.015075995083372415,0.6961842983304535,Organooxygen compounds
M360T738_d,194,0.015075995083372415,0.6961842983304535,Organooxygen compounds
M360T738_e,195,0.015075995083372415,0.6961842983304535,Organooxygen compounds
M360T738_f,196,0.015075995083372415,0.6961842983304535,Organooxygen compounds
M360T738_g,197,0.015075995083372415,0.6961842983304535,Organooxygen compounds
M360T738_h,198,0.015075995083372415,0.6961842983304535,Organooxygen compounds
M360T738_i,199,0.015075995083372415,0.6961842983304535,Organooxygen compounds
M584T819_a,200,0.015243158074107718,1.6871135299826967,Pyrimidine nucleotides
M584T819_b,201,0.015243158074107718,1.6871135299826967,Pyrimidine nucleotides
M584T819_c,202,0.015243158074107718,1.6871135299826967,Pyrimidine nucleotides
M480T518,203,0.01530785168419243,0.6564516067696798,Pteridines and derivatives
M245T67_a,204,0.015550018745686815,0.5610725636537321,Carboxylic acids and derivatives
M245T67_b,205,0.015550018745686815,0.5610725636537321,Carboxylic acids and derivatives
M376T721,206,0.015976233038893697,1.5797628456780979,Organooxygen compounds
M144T652,207,0.016413135260806126,2.220633163758483,Fatty Acyls
M405T820,208,0.016563975721478604,1.5813101234393088,Pyrimidine nucleotides
M627T440_1_a,209,0.017251874609895506,1.4869066864349172,Carboxylic acids and derivatives
M627T440_1_b,210,0.017251874609895506,1.4869066864349172,Carboxylic acids and derivatives
M627T440_1_c,211,0.017251874609895506,1.4869066864349172,Carboxylic acids and derivatives
M627T440_1_d,212,0.017251874609895506,1.4869066864349172,Carboxylic acids and derivatives
M627T440_1_e,213,0.017251874609895506,1.4869066864349172,Carboxylic acids and derivatives
M627T440_1_f,214,0.017251874609895506,1.4869066864349172,Pyrroles
M627T440_1_g,215,0.017251874609895506,1.4869066864349172,Pyrroles
M627T440_1_h,216,0.017251874609895506,1.4869066864349172,Pyrroles
M667T937,217,0.017380083875698185,0.7379244626292206,Organooxygen compounds
M244T807,218,0.01797045441337685,0.8443077807656266,Carboxylic acids and derivatives
M281T79,219,0.018233399310956865,0.7121222729526937,Fatty Acyls
M816T395,220,0.018330454182177595,2.722489982000907,Sphingolipids
M304T846,221,0.01865790320900395,0.6436359504134621,Carboxylic acids and derivatives
M253T688,222,0.018983289464594856,0.7415695558166484,Carboxylic acids and derivatives
M175T394,223,0.019154781922125216,0.6774033171123648,Imidazopyrimidines
M487T809_a,224,0.019232885360958223,0.8182333256054973,Organooxygen compounds
M487T809_b,225,0.019232885360958223,0.8182333256054973,Organooxygen compounds
M487T809_c,226,0.019232885360958223,0.8182333256054973,Organooxygen compounds
M487T809_d,227,0.019232885360958223,0.8182333256054973,Organooxygen compounds
M487T809_e,228,0.019232885360958223,0.8182333256054973,Organooxygen compounds
M487T809_f,229,0.019232885360958223,0.8182333256054973,Organooxygen compounds
M487T809_g,230,0.019232885360958223,0.8182333256054973,Organooxygen compounds
M487T809_h,231,0.019232885360958223,0.8182333256054973,Organooxygen compounds
M487T809_i,232,0.019232885360958223,0.8182333256054973,Organooxygen compounds
M487T809_j,233,0.019232885360958223,0.8182333256054973,Organooxygen compounds
M249T368,234,0.019311347637194463,0.6661552570525857,Carboxylic acids and derivatives
M166T686,235,0.019360356638643036,0.5877380265673589,Carboxylic acids and derivatives
M482T358,236,0.020463499364010453,1.655935643191442,Glycerophospholipids
M707T735_a,237,0.020904443592788053,0.8001660801637681,Organooxygen compounds
M707T735_b,238,0.020904443592788053,0.8001660801637681,Organooxygen compounds
M707T735_c,239,0.020904443592788053,0.8001660801637681,Organooxygen compounds
M707T735_d,240,0.020904443592788053,0.8001660801637681,Organooxygen compounds
M707T735_e,241,0.020904443592788053,0.8001660801637681,Organooxygen compounds
M707T735_f,242,0.020904443592788053,0.8001660801637681,Organooxygen compounds
M707T735_g,243,0.020904443592788053,0.8001660801637681,Organooxygen compounds
M707T735_h,244,0.020904443592788053,0.8001660801637681,Organooxygen compounds
M118T559,245,0.02144726721378097,0.34052029937518663,Carboxylic acids and derivatives
M347T564_2,246,0.021719177609816127,0.714125723512906,Carboxylic acids and derivatives
M343T937_a,247,0.021764631716198395,0.8051626931615201,Organooxygen compounds
M343T937_b,248,0.021764631716198395,0.8051626931615201,Organooxygen compounds
M343T937_c,249,0.021764631716198395,0.8051626931615201,Organooxygen compounds
M343T937_d,250,0.021764631716198395,0.8051626931615201,Organooxygen compounds
M343T937_e,251,0.021764631716198395,0.8051626931615201,Organooxygen compounds
M343T937_f,252,0.021764631716198395,0.8051626931615201,Organooxygen compounds
M454T365,253,0.022309171291900277,1.6101546466979355,Glycerophospholipids
M237T70_a,254,0.022322458576198956,0.7106885208165964,Carboxylic acids and derivatives
M237T70_b,255,0.022322458576198956,0.7106885208165964,Carboxylic acids and derivatives
M347T639_a,256,0.023639172278486352,0.5701555401611448,Organooxygen compounds
M347T639_b,257,0.023639172278486352,0.5701555401611448,Organooxygen compounds
M281T395,258,0.024426089665318937,0.6704362551410186,Carboxylic acids and derivatives
M173T824_a,259,0.02463117902263052,0.5499462571380408,Glycerophospholipids
M173T824_b,260,0.02463117902263052,0.5499462571380408,Glycerophospholipids
M211T525,261,0.0257139772083416,0.7189493410597001,Carboxylic acids and derivatives
M136T292,262,0.0263546389105163,0.686801027544306,Imidazopyrimidines
M243T606,263,0.026765734112056273,1.492732801070053,Organooxygen compounds
M353T696_a,264,0.028367039795228727,0.6876544755606571,Carboxylic acids and derivatives
M353T696_b,265,0.028367039795228727,0.6876544755606571,Carboxylic acids and derivatives
M353T696_c,266,0.028367039795228727,0.6876544755606571,Organooxygen compounds
M353T696_d,267,0.028367039795228727,0.6876544755606571,Organooxygen compounds
M353T696_e,268,0.028367039795228727,0.6876544755606571,Organooxygen compounds
M353T696_f,269,0.028367039795228727,0.6876544755606571,Fatty Acyls
M353T696_g,270,0.028367039795228727,0.6876544755606571,Fatty Acyls
M353T696_h,271,0.028367039795228727,0.6876544755606571,Fatty Acyls
M353T696_i,272,0.028367039795228727,0.6876544755606571,Organooxygen compounds
M353T696_j,273,0.028367039795228727,0.6876544755606571,Organooxygen compounds
M304T581,274,0.028465565601247578,0.7497572722209359,Glycinamide ribonucleotides
M123T94,275,0.02880400392962402,0.6831530177187142,Pyridines and derivatives
M490T674,276,0.029073916983897136,0.8814580843808537,Carboxylic acids and derivatives
M174T418,277,0.0293538771923562,0.7608980693470949,Imidazopyrimidines
M621T429_a,278,0.030243075907668306,0.6031214062773922,Carboxylic acids and derivatives
M621T429_b,279,0.030243075907668306,0.6031214062773922,Carboxylic acids and derivatives
M621T429_c,280,0.030243075907668306,0.6031214062773922,Carboxylic acids and derivatives
M257T682,281,0.03029688137041857,0.8017820219162657,Carboxylic acids and derivatives
M323T691_a,282,0.030905727737673683,0.8175661863803135,Organooxygen compounds
M323T691_b,283,0.030905727737673683,0.8175661863803135,Organooxygen compounds
M323T691_c,284,0.030905727737673683,0.8175661863803135,Organooxygen compounds
M312T555,285,0.031166498250314624,0.7684387453867223,Carboxylic acids and derivatives
M492T808_a,286,0.03143290694727291,0.8586947491548349,Organooxygen compounds
M492T808_b,287,0.03143290694727291,0.8586947491548349,Organooxygen compounds
M492T808_c,288,0.03143290694727291,0.8586947491548349,Organooxygen compounds
M492T808_d,289,0.03143290694727291,0.8586947491548349,Organooxygen compounds
M492T808_e,290,0.03143290694727291,0.8586947491548349,Organooxygen compounds
M259T645,291,0.0324316981026595,1.260579933543692,Pyrimidine nucleosides
M788T1151,292,0.03302428953700293,23.510008085510286,Sphingolipids
M290T855_2,293,0.03322088063855968,0.7346161389043732,Carboxylic acids and derivatives
M161T591_a,294,0.034764640629409115,0.7346523366535714,Carboxylic acids and derivatives
M161T591_b,295,0.034764640629409115,0.7346523366535714,Carboxylic acids and derivatives
M146T417,296,0.03567386241440504,0.5544640601154048,Pyridines and derivatives
M238T293,297,0.036198312418535765,0.7680319533274412,Organooxygen compounds
M265T330,298,0.03738262372725916,0.587093905320302,Carboxylic acids and derivatives
M524T348_a,299,0.03778205590451811,1.5631292425462833,Glycerophospholipids
M524T348_b,300,0.03778205590451811,1.5631292425462833,Glycerophospholipids
M182T560,301,0.03962977583205281,0.8065069438865313,Carboxylic acids and derivatives
M180T454,302,0.041000168106318145,1.4361692694922739,Pyridines and derivatives
M291T819,303,0.04104225008072486,1.1921079625197577,Carboxylic acids and derivatives
M524T333_a,304,0.04130805604501921,1.4242857152661275,Glycerophospholipids
M524T333_b,305,0.04130805604501921,1.4242857152661275,Glycerophospholipids
M253T430,306,0.042067247629032585,0.7004943464208547,Carboxylic acids and derivatives
M189T735,307,0.042418999187547095,0.883162061680258,Carboxylic acids and derivatives
M363T840,308,0.04249422239232713,1.312309908100188,Purine nucleotides
M203T478_a,309,0.04284522837073287,0.6840503856642377,Carboxylic acids and derivatives
M203T478_b,310,0.04284522837073287,0.6840503856642377,Carboxylic acids and derivatives
M196T414_a,311,0.04335880585852029,2.4487092681836407,Keto acids and derivatives
M196T414_b,312,0.04335880585852029,2.4487092681836407,Carboxylic acids and derivatives
M196T414_c,313,0.04335880585852029,2.4487092681836407,Benzene and substituted derivatives
M295T374_a,314,0.04367635747840438,0.6846239712643412,Carboxylic acids and derivatives
M295T374_b,315,0.04367635747840438,0.6846239712643412,Carboxylic acids and derivatives
M344T619_a,316,0.04419495108127837,0.6853545534225975,Organooxygen compounds
M344T619_b,317,0.04419495108127837,0.6853545534225975,Organooxygen compounds
M344T619_c,318,0.04419495108127837,0.6853545534225975,Organooxygen compounds
M344T619_d,319,0.04419495108127837,0.6853545534225975,Organooxygen compounds
M344T619_e,320,0.04419495108127837,0.6853545534225975,Organooxygen compounds
M288T678,321,0.04447536210392929,0.719462582259079,Carboxylic acids and derivatives
M76T609,322,0.04584527045498473,0.6648212808204714,Organonitrogen compounds
M560T778,323,0.04608894345134647,0.3848437670357136,Purine nucleotides
M648T810,324,0.047115229569160054,0.8122486988616839,Carboxylic acids and derivatives
M230T688,325,0.048740715271979915,1.8975072245246445,Carboxylic acids and derivatives
M152T518,326,0.04877925039997129,1.3268952922434536,Carboxylic acids and derivatives
M567T56,327,0.04934579133710158,1.5994231752112662,Sphingolipids
M198T737_a,328,0.049565000990139316,0.778275936469634,Hydroxy acids and derivatives
M198T737_b,329,0.049565000990139316,0.778275936469634,Hydroxy acids and derivatives
M198T737_c,330,0.049565000990139316,0.778275936469634,Hydroxy acids and derivatives
M198T737_d,331,0.049565000990139316,0.778275936469634,Organooxygen compounds
M216T740,332,0.04992698615974988,1.2554368676058865,Glycerophospholipids
M248T819,333,0.05009606347723824,1.1850508486386462,Carboxylic acids and derivatives
M665T809_2,334,0.05047244988260008,0.8008188742853614,Carboxylic acids and derivatives
M588T728,335,0.0505217514209505,0.6957376296732255,Pyrimidine nucleotides
M130T782_a,336,0.05172749129123477,1.1322909456380732,Carboxylic acids and derivatives
M130T782_b,337,0.05172749129123477,1.1322909456380732,Carboxylic acids and derivatives
M651T826,338,0.05227344713406257,0.8602697035902868,Organooxygen compounds
M303T497,339,0.05232858845153546,0.6697140147605375,Carboxylic acids and derivatives
M370T688_a,340,0.052514368261637225,1.2716714805648985,Carboxylic acids and derivatives
M370T688_b,341,0.052514368261637225,1.2716714805648985,Carboxylic acids and derivatives
M370T688_c,342,0.052514368261637225,1.2716714805648985,Organooxygen compounds
M370T688_d,343,0.052514368261637225,1.2716714805648985,Organooxygen compounds
M370T688_e,344,0.052514368261637225,1.2716714805648985,Fatty Acyls
M370T688_f,345,0.052514368261637225,1.2716714805648985,Fatty Acyls
M370T688_g,346,0.052514368261637225,1.2716714805648985,Fatty Acyls
M370T688_h,347,0.052514368261637225,1.2716714805648985,Organooxygen compounds
M370T688_i,348,0.052514368261637225,1.2716714805648985,Organooxygen compounds
M370T688_j,349,0.052514368261637225,1.2716714805648985,Fatty Acyls
M370T688_k,350,0.052514368261637225,1.2716714805648985,Fatty Acyls
M370T688_l,351,0.052514368261637225,1.2716714805648985,Fatty Acyls
M348T763,352,0.052745445780583954,1.6755355261981548,Ribonucleoside 3'-phosphates
M490T599,353,0.053044754122325864,0.7644554806933358,Carboxylic acids and derivatives
M175T524,354,0.05368697219329615,0.7911932575244676,Carboxylic acids and derivatives
M298T571,355,0.05395811147634636,0.7395155561731974,Carboxylic acids and derivatives
M324T61,356,0.05418531000450641,1.345818045769807,Organonitrogen compounds
M598T877_a,357,0.05470304170376883,2.6784862399311544,Ribonucleoside 3'-phosphates
M598T877_b,358,0.05470304170376883,2.6784862399311544,Pyrimidine nucleotides
M598T877_c,359,0.05470304170376883,2.6784862399311544,Pyrimidine nucleotides
M688T648,360,0.05571526046893025,0.6728994764400189,Purine nucleotides
M143T626,361,0.05601472934062903,1.3141214674239716,Carboxylic acids and derivatives
M198T622_a,362,0.0580803216541298,1.690853551214845,Carboxylic acids and derivatives
M198T622_b,363,0.0580803216541298,1.690853551214845,Carboxylic acids and derivatives
M198T622_c,364,0.0580803216541298,1.690853551214845,Carboxylic acids and derivatives
M245T824_a,365,0.05844876276033554,1.283956777797419,Carboxylic acids and derivatives
M245T824_b,366,0.05844876276033554,1.283956777797419,Carboxylic acids and derivatives
M245T824_c,367,0.05844876276033554,1.283956777797419,Carboxylic acids and derivatives
M338T57_2,368,0.06024229539853556,1.8604811461188793,Fatty Acyls
M230T279_1,369,0.06049350284313384,1.8185976228734522,Carboxylic acids and derivatives
M405T877,370,0.060512295413119206,2.317623895469978,Pyrimidine nucleotides
M147T560_a,371,0.061663747899530434,0.8334120361343593,Benzene and substituted derivatives
M147T560_b,372,0.061663747899530434,0.8334120361343593,Benzene and substituted derivatives
M147T560_c,373,0.061663747899530434,0.8334120361343593,Cinnamic acids and derivatives
M147T560_d,374,0.061663747899530434,0.8334120361343593,Cinnamic acids and derivatives
M147T560_e,375,0.061663747899530434,0.8334120361343593,Cinnamic acids and derivatives
M496T353,376,0.06184184915472524,1.464443854478926,Glycerophospholipids
M241T778,377,0.06187515771895708,0.8438507208892803,Peptidomimetics
M378T690,378,0.06346554689668646,1.3699555781311477,Carboxylic acids and derivatives
M219T549,379,0.06350842090301367,0.8542553609994596,Carboxylic acids and derivatives
M261T892_a,380,0.06383118799753963,1.523100383635139,Organooxygen compounds
M261T892_b,381,0.06383118799753963,1.523100383635139,Organooxygen compounds
M261T892_c,382,0.06383118799753963,1.523100383635139,Organooxygen compounds
M522T340,383,0.06548566624607868,1.4125423805158863,Glycerophospholipids
M314T771,384,0.0656991726962252,0.8527200792523567,Carboxylic acids and derivatives
M216T637,385,0.06668914582922413,1.2640793432265294,Organooxygen compounds
M319T556,386,0.06950103227430784,0.7975328226544712,Carboxylic acids and derivatives
M247T695,387,0.07056737871611189,1.2628664189794365,Carboxylic acids and derivatives
M298T598,388,0.07107735006499612,0.7186538803374413,Carboxylic acids and derivatives
M339T832_a,389,0.07485127904583194,0.8160230689359953,Fatty Acyls
M339T832_b,390,0.07485127904583194,0.8160230689359953,Fatty Acyls
M339T832_c,391,0.07485127904583194,0.8160230689359953,Organooxygen compounds
M299T573_1,392,0.0754841564387439,1.4814181174712633,Carboxylic acids and derivatives
M393T458,393,0.0772986126304701,1.4174806429801619,Carboxylic acids and derivatives
M288T629_a,394,0.07932504918158281,0.7761078395775367,Carboxylic acids and derivatives
M288T629_b,395,0.07932504918158281,0.7761078395775367,Carboxylic acids and derivatives
M386T76,396,0.07978598186983091,0.6716593627226928,Organonitrogen compounds
M291T872_2,397,0.0805432392041668,0.757610605931761,Carboxylic acids and derivatives
M298T365_a,398,0.0809779625392844,0.840000533210245,Purine nucleosides
M298T365_b,399,0.0809779625392844,0.840000533210245,Purine nucleosides
M298T365_c,400,0.0809779625392844,0.840000533210245,Purine nucleosides
M347T773,401,0.08101916552701921,0.6150960746949597,Carboxylic acids and derivatives
M163T635_a,402,0.0816714429209226,0.7754074996256669,Carboxylic acids and derivatives
M163T635_b,403,0.0816714429209226,0.7754074996256669,Carboxylic acids and derivatives
M244T447,404,0.08266815554671016,0.6396772242112879,Pyrimidine nucleosides
M447T832,405,0.08372434884559543,1.1918795906561808,Pyrimidine nucleotides
M226T498,406,0.0839491207608325,0.7876153050389099,Pyridines and derivatives
M134T749_a,407,0.08435948171498402,0.6682784998525615,Carboxylic acids and derivatives
M134T749_b,408,0.08435948171498402,0.6682784998525615,Carboxylic acids and derivatives
M283T478,409,0.0846111345661643,0.7188869298704514,Carboxylic acids and derivatives
M122T536_a,410,0.08461378777780922,0.6705392219780185,Hydroxy acids and derivatives
M122T536_b,411,0.08461378777780922,0.6705392219780185,Fatty Acyls
M122T536_c,412,0.08461378777780922,0.6705392219780185,Hydroxy acids and derivatives
M122T536_d,413,0.08461378777780922,0.6705392219780185,Hydroxy acids and derivatives
M122T536_e,414,0.08461378777780922,0.6705392219780185,Hydroxy acids and derivatives
M122T536_f,415,0.08461378777780922,0.6705392219780185,Hydroxy acids and derivatives
M466T569,416,0.08543824982760322,0.7823397595419683,Carboxylic acids and derivatives
M276T801,417,0.08573615339126323,0.8358917260941034,Carboxylic acids and derivatives
M597T635,418,0.08656246513955113,0.7566438373589858,Pyrimidine nucleotides
M816T444,419,0.08703099929078469,2.4153545647841765,Sphingolipids
M129T679,420,0.08714477976174642,0.7471986277153382,Carboxylic acids and derivatives
M249T774_a,421,0.08729592571169316,1.3816647296475133,Carboxylic acids and derivatives
M249T774_b,422,0.08729592571169316,1.3816647296475133,Carboxylic acids and derivatives
M249T774_c,423,0.08729592571169316,1.3816647296475133,Carboxylic acids and derivatives
M228T568,424,0.08906692611560246,0.8428596826364312,Carboxylic acids and derivatives
M386T822,425,0.08915459498479188,1.2492715375224637,Organooxygen compounds
M472T682,426,0.08933634710079032,0.8618820801977829,Pteridines and derivatives
M219T757,427,0.09014927840897274,1.1582839967816152,Carboxylic acids and derivatives
M147T721,428,0.09204854037569896,1.124707888577207,Carboxylic acids and derivatives
M188T412,429,0.09320538184125363,1.4756778343142611,Organooxygen compounds
M153T146,430,0.09462248292830878,0.44273538234695026,Pyridines and derivatives
M313T682,431,0.09555792685939542,0.8411648976225765,Organooxygen compounds
M131T475_a,432,0.09705452041846899,0.8067363292754897,Cinnamic acids and derivatives
M131T475_b,433,0.09705452041846899,0.8067363292754897,Carboxylic acids and derivatives
M269T541_a,434,0.0992090153815822,0.7391791669259221,Carboxylic acids and derivatives
M269T541_b,435,0.0992090153815822,0.7391791669259221,Carboxylic acids and derivatives
M269T541_c,436,0.0992090153815822,0.7391791669259221,Carboxylic acids and derivatives
M152T576_a,437,0.1003247586824306,0.8036790611921427,Carboxylic acids and derivatives
M152T576_b,438,0.1003247586824306,0.8036790611921427,Carboxylic acids and derivatives
M261T864,439,0.10034609519143757,1.3401415262923078,Organooxygen compounds
M116T582_2,440,0.10239892070251215,0.8227794498580457,Carboxylic acids and derivatives
M596T469_a,441,0.10383598509442703,1.4547385003610724,Steroids and steroid derivatives
M596T469_b,442,0.10383598509442703,1.4547385003610724,Steroids and steroid derivatives
M596T469_c,443,0.10383598509442703,1.4547385003610724,Steroids and steroid derivatives
M596T469_d,444,0.10383598509442703,1.4547385003610724,Steroids and steroid derivatives
M596T469_e,445,0.10383598509442703,1.4547385003610724,Steroids and steroid derivatives
M130T1019,446,0.10631510190572101,0.7846538240615492,Pyrrolidines
M307T511,447,0.10766636395396693,0.8235466095970991,Pyrimidine nucleotides
M269T710,448,0.10873477218021975,0.7575518225991859,Carboxylic acids and derivatives
M258T321_a,449,0.11196657349191588,0.707776759024466,Pyrimidine nucleosides
M258T321_b,450,0.11196657349191588,0.707776759024466,Pyrimidine nucleosides
M613T929,451,0.11277580139176649,0.8730205087794571,Carboxylic acids and derivatives
M176T745,452,0.11334803292089199,0.608266434423277,Carboxylic acids and derivatives
M816T1158,453,0.115125188903898,9.594031858631244,Sphingolipids
M118T507_2,454,0.11728461110489743,0.8555002740155982,Carboxylic acids and derivatives
M246T718,455,0.11832549742076445,0.8384804040599607,Carboxylic acids and derivatives
M171T303,456,0.11859967986006681,0.5698025528779497,Cinnamic acids and derivatives
M355T766,457,0.11933078535959053,0.8287388527003196,Carboxylic acids and derivatives
M322T583,458,0.12009512004504998,0.7788987486174367,Carboxylic acids and derivatives
M232T571,459,0.12021980814874807,0.8455477204149643,Carboxylic acids and derivatives
M205T535,460,0.12231736243047349,0.20397629486970267,Carboxylic acids and derivatives
M1170T937,461,0.1245370545533652,0.7326623367769998,Organooxygen compounds
M231T790,462,0.12458310573431922,0.8205028080108194,Carboxylic acids and derivatives
M468T361,463,0.12650100948137252,1.1584305108768367,Glycerophospholipids
M590T791_a,464,0.12717077336495933,0.8275072035962446,Pyrimidine nucleotides
M590T791_b,465,0.12717077336495933,0.8275072035962446,Pyrimidine nucleotides
M332T557,466,0.1285510050356407,0.8726791421504142,Organooxygen compounds
M219T485_a,467,0.129888282702903,0.796129348815476,Carboxylic acids and derivatives
M219T485_b,468,0.129888282702903,0.796129348815476,Carboxylic acids and derivatives
M358T736_a,469,0.13243819822325897,0.798592117173334,Organooxygen compounds
M358T736_b,470,0.13243819822325897,0.798592117173334,Organooxygen compounds
M358T736_c,471,0.13243819822325897,0.798592117173334,Organooxygen compounds
M787T261,472,0.13475346186102555,0.8114661287133812,Glycerophospholipids
M500T611,473,0.1366337171613932,1.3117085020483878,Carboxylic acids and derivatives
M222T480_a,474,0.13703857038780867,0.7041557396161895,Organooxygen compounds
M222T480_b,475,0.13703857038780867,0.7041557396161895,Organooxygen compounds
M201T498,476,0.13741381446675427,0.5078867154194104,Benzene and substituted derivatives
M243T860_a,477,0.13784825370476791,1.266956249203919,Organooxygen compounds
M243T860_b,478,0.13784825370476791,1.266956249203919,Organic phosphoric acids and derivatives
M180T816_a,479,0.1447453830323202,0.7835091465723891,Fatty Acyls
M180T816_b,480,0.1447453830323202,0.7835091465723891,Fatty Acyls
M180T816_c,481,0.1447453830323202,0.7835091465723891,Fatty Acyls
M221T771,482,0.1460799792334446,0.8306862020434381,Carboxylic acids and derivatives
M276T858,483,0.14637868405665153,0.8781158718853965,Carboxylic acids and derivatives
M521T787,484,0.14682236829296913,1.1448816341797634,Carboxylic acids and derivatives
M298T748,485,0.14686843892232482,1.200328696457881,Carboxylic acids and derivatives
M640T915_a,486,0.1482672555964169,0.6678351155022835,Purine nucleotides
M640T915_b,487,0.1482672555964169,0.6678351155022835,Purine nucleotides
M640T915_c,488,0.1482672555964169,0.6678351155022835,Purine nucleotides
M640T915_d,489,0.1482672555964169,0.6678351155022835,Purine nucleotides
M290T555,490,0.14974702481513127,2.014879623815073,Carboxylic acids and derivatives
M516T315,491,0.1500099964686963,0.5860832790146883,Steroids and steroid derivatives
M166T474_2_a,492,0.1517894864381856,0.8185006199991479,Carboxylic acids and derivatives
M166T474_2_b,493,0.1517894864381856,0.8185006199991479,Carboxylic acids and derivatives
M288T369,494,0.1534544808702069,0.8086716682794165,Fatty Acyls
M239T511_a,495,0.15387440112001666,0.812247613558475,Carboxylic acids and derivatives
M239T511_b,496,0.15387440112001666,0.812247613558475,Carboxylic acids and derivatives
M150T526,497,0.15689861639778832,0.824055821179774,Carboxylic acids and derivatives
M620T443_a,498,0.15729901913102742,1.2028383074076474,Pyrroles
M620T443_b,499,0.15729901913102742,1.2028383074076474,Pyrroles
M620T443_c,500,0.15729901913102742,1.2028383074076474,Pyrroles
M620T443_d,501,0.15729901913102742,1.2028383074076474,Pyrroles
M620T443_e,502,0.15729901913102742,1.2028383074076474,Pyrroles
M620T443_f,503,0.15729901913102742,1.2028383074076474,Pyrroles
M620T443_g,504,0.15729901913102742,1.2028383074076474,Carboxylic acids and derivatives
M620T443_h,505,0.15729901913102742,1.2028383074076474,Pyrroles
M620T443_i,506,0.15729901913102742,1.2028383074076474,Pyrroles
M118T673_a,507,0.15730641228428566,0.8157770227153134,Organooxygen compounds
M118T673_b,508,0.15730641228428566,0.8157770227153134,Carboxylic acids and derivatives
M158T587,509,0.15789042263033892,0.868627002194774,Carboxylic acids and derivatives
M191T596,510,0.16130587839997543,0.8080594357237205,Carboxylic acids and derivatives
M115T478_a,511,0.1635240198082422,0.7938864871303878,Azolines
M115T478_b,512,0.1635240198082422,0.7938864871303878,Carboxylic acids and derivatives
M190T435,513,0.16683617923285116,1.6386347017215945,Carboxylic acids and derivatives
M114T309,514,0.16722382684984083,0.5000256741136598,Carboxylic acids and derivatives
M554T801_a,515,0.1673422695368263,1.2335397901330942,Pyrimidine nucleotides
M554T801_b,516,0.1673422695368263,1.2335397901330942,Pyrimidine nucleotides
M554T801_c,517,0.1673422695368263,1.2335397901330942,Pyrimidine nucleotides
M554T801_d,518,0.1673422695368263,1.2335397901330942,Pyrimidine nucleotides
M163T567_a,519,0.16789907718903124,1.2788043867197447,Keto acids and derivatives
M163T567_b,520,0.16789907718903124,1.2788043867197447,Keto acids and derivatives
M163T567_c,521,0.16789907718903124,1.2788043867197447,Keto acids and derivatives
M163T567_d,522,0.16789907718903124,1.2788043867197447,Lactones
M163T567_e,523,0.16789907718903124,1.2788043867197447,Organooxygen compounds
M163T567_f,524,0.16789907718903124,1.2788043867197447,Fatty Acyls
M163T567_g,525,0.16789907718903124,1.2788043867197447,Fatty Acyls
M267T415,526,0.16822078467271126,1.252715257209892,Carboxylic acids and derivatives
M494T518,527,0.1689462372157088,0.6855276656196833,Benzene and substituted derivatives
M184T72,528,0.16934195108460073,0.8085593232564077,Pyridines and derivatives
M110T641,529,0.17096647665363254,1.3346440699880051,Sulfinic acids and derivatives
M255T575_a,530,0.17167179275918468,0.8396025414205825,Carboxylic acids and derivatives
M255T575_b,531,0.17167179275918468,0.8396025414205825,Carboxylic acids and derivatives
M188T471,532,0.17216635331181163,0.5387418479877866,Fatty Acyls
M267T387,533,0.17290782606594665,0.7598375737232926,Carboxylic acids and derivatives
M102T733,534,0.17378392928611802,0.7433307002853385,Carboxylic acids and derivatives
M247T517,535,0.1782915593603624,0.7839737301092233,Carboxylic acids and derivatives
M330T570_a,536,0.1807540857900505,0.9203897970166979,Organooxygen compounds
M330T570_b,537,0.1807540857900505,0.9203897970166979,Organooxygen compounds
M330T570_c,538,0.1807540857900505,0.9203897970166979,Organooxygen compounds
M330T570_d,539,0.1807540857900505,0.9203897970166979,Organooxygen compounds
M288T611,540,0.18081787590049903,0.5615868980949091,Thiohydroximic acids and derivatives
M205T477,541,0.18105733528727708,0.7301966049284241,Indoles and derivatives
M173T704,542,0.18303634516703557,0.8638898531452793,Carboxylic acids and derivatives
M259T365,543,0.18437769487433955,0.7886022411891777,Imidazole ribonucleosides and ribonucleotides
M112T382,544,0.18750817923961072,0.8168262377320008,Diazines
M554T308,545,0.1902662943596187,0.7836938004214965,Steroids and steroid derivatives
M318T798,546,0.19134373849302774,0.8188605248987793,Fatty Acyls
M348T817,547,0.19255345969583096,1.2677704483903078,Purine nucleotides
M204T571,548,0.19262551739882333,2.1097933052366953,Fatty Acyls
M159T492,549,0.19266490965147648,1.1687053795997164,Carboxylic acids and derivatives
M263T430,550,0.1951283019398827,0.869803062229422,Carboxylic acids and derivatives
M293T821,551,0.1958016471011029,1.3135830777687143,Carboxylic acids and derivatives
M357T746,552,0.19767301429069614,0.864727173238341,Organooxygen compounds
M240T513,553,0.19807661599385185,1.144108988227313,Pteridines and derivatives
M283T79,554,0.1985765553642632,1.1863117353350199,Prenol lipids
M148T734,555,0.20070662046956078,0.8064717375560718,Carboxylic acids and derivatives
M191T577_a,556,0.201411805892364,0.830472410432677,Carboxylic acids and derivatives
M191T577_b,557,0.201411805892364,0.830472410432677,Carboxylic acids and derivatives
M524T788,558,0.20306045527250313,0.7950087887177324,Organooxygen compounds
M292T867,559,0.20924411479977015,0.661936509138298,Organooxygen compounds
M511T725_b,560,0.21137500809415058,1.1947170167914571,Organooxygen compounds
M269T403,561,0.21261949671928254,0.9103710590535541,Purine nucleosides
M284T250,562,0.21283537512495765,1.2695353888621101,Organonitrogen compounds
M399T591_a,563,0.2148181029806789,0.8317457919587035,Organooxygen compounds
M399T591_b,564,0.2148181029806789,0.8317457919587035,Organooxygen compounds
M399T591_c,565,0.2148181029806789,0.8317457919587035,Organooxygen compounds
M244T521,566,0.21789904197301968,0.7667686528813198,Organooxygen compounds
M246T755,567,0.2224625647342422,0.8516335035170232,Carboxylic acids and derivatives
M198T480_a,568,0.2249666833306666,1.269921209129042,Carboxylic acids and derivatives
M198T480_b,569,0.2249666833306666,1.269921209129042,Carboxylic acids and derivatives
M198T480_c,570,0.2249666833306666,1.269921209129042,Carboxylic acids and derivatives
M384T747,571,0.22518053358770154,0.8470166580229953,Purine nucleosides
M203T525_a,572,0.22684135844659303,0.8710134352040894,Organooxygen compounds
M203T525_b,573,0.22684135844659303,0.8710134352040894,Organooxygen compounds
M203T525_c,574,0.22684135844659303,0.8710134352040894,Organooxygen compounds
M203T525_d,575,0.22684135844659303,0.8710134352040894,Organooxygen compounds
M203T525_e,576,0.22684135844659303,0.8710134352040894,Organooxygen compounds
M203T525_f,577,0.22684135844659303,0.8710134352040894,Organooxygen compounds
M203T525_g,578,0.22684135844659303,0.8710134352040894,Organooxygen compounds
M203T525_h,579,0.22684135844659303,0.8710134352040894,Organooxygen compounds
M203T525_i,580,0.22684135844659303,0.8710134352040894,Organooxygen compounds
M203T525_j,581,0.22684135844659303,0.8710134352040894,Organooxygen compounds
M203T525_k,582,0.22684135844659303,0.8710134352040894,Organooxygen compounds
M203T525_l,583,0.22684135844659303,0.8710134352040894,Organooxygen compounds
M203T525_m,584,0.22684135844659303,0.8710134352040894,Organooxygen compounds
M203T525_n,585,0.22684135844659303,0.8710134352040894,Organooxygen compounds
M212T605,586,0.22821810892469643,0.7372658807908846,Carboxylic acids and derivatives
M228T557_a,587,0.22979035398343473,1.2286733858659176,Benzene and substituted derivatives
M228T557_b,588,0.22979035398343473,1.2286733858659176,Benzene and substituted derivatives
M495T515,589,0.23185495999430403,0.8373831965264563,Pteridines and derivatives
M352T403_a,590,0.2374207707387548,0.809963024431982,Purine nucleosides
M352T403_b,591,0.2374207707387548,0.809963024431982,Purine nucleosides
M146T671,592,0.23878815704715642,1.1526454018191241,Carboxylic acids and derivatives
M426T354,593,0.24326716075926902,0.707617293979048,Steroids and steroid derivatives
M295T623,594,0.24692410334442724,0.8278512429092465,Carboxylic acids and derivatives
M328T740_a,595,0.24871004145464315,1.20159992094251,Carboxylic acids and derivatives
M328T740_c,596,0.24871004145464315,1.20159992094251,Carboxylic acids and derivatives
M466T460,597,0.24887710539472355,1.4032670102667064,Steroids and steroid derivatives
M327T619_a,598,0.25010708031409035,0.694932449380403,Organooxygen compounds
M327T619_b,599,0.25010708031409035,0.694932449380403,Organooxygen compounds
M327T619_c,600,0.25010708031409035,0.694932449380403,Organooxygen compounds
M327T619_d,601,0.25010708031409035,0.694932449380403,Organooxygen compounds
M327T619_e,602,0.25010708031409035,0.694932449380403,Organooxygen compounds
M317T656,603,0.25116430992869687,1.0676982622923668,Carboxylic acids and derivatives
M384T628_a,604,0.2519876675171972,1.2818990264493735,Imidazole ribonucleosides and ribonucleotides
M384T628_b,605,0.2519876675171972,1.2818990264493735,Imidazole ribonucleosides and ribonucleotides
M384T628_c,606,0.2519876675171972,1.2818990264493735,Imidazole ribonucleosides and ribonucleotides
M260T1033_a,607,0.2541527821801777,0.8136443294853043,Carboxylic acids and derivatives
M260T1033_b,608,0.2541527821801777,0.8136443294853043,Carboxylic acids and derivatives
M238T476,609,0.2544643668887661,1.0685558972379325,Pteridines and derivatives
M829T973,610,0.2545482648956477,0.8586728870747998,Organooxygen compounds
M300T62,611,0.2581166780975905,1.1685728512669424,Carboximidic acids and derivatives
M189T717_b,612,0.2659610943706128,1.092679948540445,Lactams
M189T717_c,613,0.2659610943706128,1.092679948540445,Carboxylic acids and derivatives
M90T625,614,0.2684788314046343,0.8582249167370293,Carboxylic acids and derivatives
M1029T854,615,0.271803601703977,0.8946280122730353,Organooxygen compounds
M282T193_a,616,0.27207456800979907,0.8037464113566759,Organonitrogen compounds
M282T193_b,617,0.27207456800979907,0.8037464113566759,Organooxygen compounds
M308T743,618,0.272090133865026,0.6965983556926356,Carboxylic acids and derivatives
M787T242,619,0.27644968930786823,0.8674378962868875,Glycerophospholipids
M233T743,620,0.2797387216570072,0.7144420500108621,Carboxylic acids and derivatives
M175T739_2_a,621,0.28070913817089,0.7961756011865976,Carboxylic acids and derivatives
M175T739_2_b,622,0.28070913817089,0.7961756011865976,Carboxylic acids and derivatives
M444T730,623,0.28103560144568224,0.8894923828426939,Carboxylic acids and derivatives
M227T761,624,0.2845939475449036,1.1400426550891372,Carboxylic acids and derivatives
M184T549_a,625,0.2903511647633936,0.9020087660280665,Carboxylic acids and derivatives
M184T549_b,626,0.2903511647633936,0.9020087660280665,Carboxylic acids and derivatives
M184T549_c,627,0.2903511647633936,0.9020087660280665,Carboxylic acids and derivatives
M184T549_d,628,0.2903511647633936,0.9020087660280665,Carboxylic acids and derivatives
M184T549_e,629,0.2903511647633936,0.9020087660280665,Carboxylic acids and derivatives
M347T739_1,630,0.2948339590741772,0.7906239109394568,Organooxygen compounds
M245T524_a,631,0.29579784123163305,1.189264303783691,Carboxylic acids and derivatives
M245T524_b,632,0.29579784123163305,1.189264303783691,Carboxylic acids and derivatives
M349T718_a,633,0.2963145796820006,0.7809459794351826,Organooxygen compounds
M349T718_b,634,0.2963145796820006,0.7809459794351826,Organooxygen compounds
M349T718_c,635,0.2963145796820006,0.7809459794351826,Organooxygen compounds
M349T718_d,636,0.2963145796820006,0.7809459794351826,Organooxygen compounds
M349T718_e,637,0.2963145796820006,0.7809459794351826,Organooxygen compounds
M347T529_a,638,0.29832834331472063,0.8626646900768757,Organooxygen compounds
M347T529_b,639,0.29832834331472063,0.8626646900768757,Organooxygen compounds
M347T529_c,640,0.29832834331472063,0.8626646900768757,Organooxygen compounds
M284T487,641,0.2988659605360211,0.8950723596527157,Purine nucleosides
M286T703,642,0.30054423964722166,0.8998182118349343,Fatty Acyls
M198T577,643,0.3068560103708145,0.8102790793406474,Carboxylic acids and derivatives
M268T314,644,0.3177440044654237,0.8394277771901432,Purine nucleosides
M448T306,645,0.3209784867132427,1.2277256177589215,Sphingolipids
M276T769,646,0.3213315472720162,0.933125982874388,Carboxylic acids and derivatives
M238T573_a,647,0.3309396214862286,0.888024642227787,Benzene and substituted derivatives
M238T573_b,648,0.3309396214862286,0.888024642227787,Benzene and substituted derivatives
M124T392,649,0.33402436348449493,0.8683025984857637,Pyridines and derivatives
M180T556_a,650,0.3355393635470172,0.9360365094177735,Organooxygen compounds
M180T556_b,651,0.3355393635470172,0.9360365094177735,Organooxygen compounds
M180T556_c,652,0.3355393635470172,0.9360365094177735,Organooxygen compounds
M132T648_2,653,0.3362549017653116,0.8785862462490173,Carboxylic acids and derivatives
M253T737,654,0.3457634944350939,0.8593850461568849,Carboxylic acids and derivatives
M159T520_a,655,0.34621428274834265,0.8503712435109021,Hydroxy acids and derivatives
M159T520_b,656,0.34621428274834265,0.8503712435109021,Fatty Acyls
M285T79_a,657,0.34814957141467895,0.7956953514138728,Isoflavonoids
M285T79_b,658,0.34814957141467895,0.7956953514138728,Isoflavonoids
M245T422,659,0.3494278489628162,1.62742942973529,Carboxylic acids and derivatives
M220T680,660,0.3511504992842276,0.904265203779026,Carboxylic acids and derivatives
M137T308_2,661,0.3557086223260686,0.9174440357371,Imidazopyrimidines
M294T476,662,0.35682845641079486,0.843269060080913,Carboxylic acids and derivatives
M320T761,663,0.3569766362801431,0.9233979479574788,Carboxylic acids and derivatives
M422T720_b,664,0.3571347687331118,0.921239750613915,Organooxygen compounds
M422T720_c,665,0.3571347687331118,0.921239750613915,Organooxygen compounds
M422T720_d,666,0.3571347687331118,0.921239750613915,Organooxygen compounds
M469T645,667,0.3586143144047059,0.9160056836769881,Organooxygen compounds
M169T492,668,0.3615909183853213,1.2924627009085112,Carboxylic acids and derivatives
M217T390,669,0.36171843962515404,1.7089283499987116,Carboxylic acids and derivatives
M335T809_a,670,0.3627170090257573,0.8903273059612075,Organooxygen compounds
M335T809_b,671,0.3627170090257573,0.8903273059612075,Organooxygen compounds
M335T809_c,672,0.3627170090257573,0.8903273059612075,Organooxygen compounds
M104T81,673,0.36544150581473056,0.8976947879547008,Carboxylic acids and derivatives
M457T395_a,674,0.3698352239436993,0.7935891128262775,Pteridines and derivatives
M457T395_b,675,0.3698352239436993,0.7935891128262775,Pteridines and derivatives
M457T395_c,676,0.3698352239436993,0.7935891128262775,Pteridines and derivatives
M457T395_d,677,0.3698352239436993,0.7935891128262775,Pteridines and derivatives
M464T659,678,0.3759553939186795,1.2075626986924097,Purine nucleosides
M187T689,679,0.37986196963486274,0.9030129129028288,Carboxylic acids and derivatives
M194T572,680,0.3798892632872334,1.0741262251597772,Carboxylic acids and derivatives
M162T671_2,681,0.38063169931072804,0.9568121642177819,Organonitrogen compounds
M227T606_a,682,0.38664868524567786,1.086645744194839,Carboxylic acids and derivatives
M227T606_b,683,0.38664868524567786,1.086645744194839,Carboxylic acids and derivatives
M418T728,684,0.3877381057973549,1.2184755063887258,Carboxylic acids and derivatives
M246T1064,685,0.39154121682862053,1.094618100191976,Carboxylic acids and derivatives
M344T567,686,0.3943857367967162,0.8034128416320774,Carboxylic acids and derivatives
M213T596_a,687,0.3974274073266557,0.6956296071583588,Carboxylic acids and derivatives
M213T596_b,688,0.3974274073266557,0.6956296071583588,Carboxylic acids and derivatives
M213T596_c,689,0.3974274073266557,0.6956296071583588,Keto acids and derivatives
M213T596_d,690,0.3974274073266557,0.6956296071583588,Benzene and substituted derivatives
M217T697,691,0.39742979147253554,0.9254152937821583,Carboxylic acids and derivatives
M307T583_a,692,0.3978030070080001,0.8875334700560908,Organic phosphoric acids and derivatives
M307T583_b,693,0.3978030070080001,0.8875334700560908,Carboxylic acids and derivatives
M672T310_a,694,0.398475367531388,1.5056848603203279,Steroids and steroid derivatives
M672T310_b,695,0.398475367531388,1.5056848603203279,Steroids and steroid derivatives
M672T310_c,696,0.398475367531388,1.5056848603203279,Steroids and steroid derivatives
M672T310_d,697,0.398475367531388,1.5056848603203279,Steroids and steroid derivatives
M326T61,698,0.4017883589744453,1.1040543078466343,Organonitrogen compounds
M358T696,699,0.406499747966213,0.8661572936761371,Carboxylic acids and derivatives
M386T568,700,0.4069383054335829,0.9011472599023186,Carboxylic acids and derivatives
M264T571,701,0.4107406781667198,0.9031764512763983,Carboxylic acids and derivatives
M181T455_a,702,0.41438459338505484,0.8006175493692534,Carboxylic acids and derivatives
M181T455_b,703,0.41438459338505484,0.8006175493692534,Carboxylic acids and derivatives
M181T455_c,704,0.41438459338505484,0.8006175493692534,Carboxylic acids and derivatives
M181T455_d,705,0.41438459338505484,0.8006175493692534,Carboxylic acids and derivatives
M354T479_a,706,0.41540262319324095,1.1041883265675745,Benzene and substituted derivatives
M354T479_b,707,0.41540262319324095,1.1041883265675745,Phenols
M497T633_a,708,0.42213500950077265,1.176486154749199,Carboxylic acids and derivatives
M497T633_b,709,0.42213500950077265,1.176486154749199,Carboxylic acids and derivatives
M497T633_c,710,0.42213500950077265,1.176486154749199,Carboxylic acids and derivatives
M497T633_d,711,0.42213500950077265,1.176486154749199,Carboxylic acids and derivatives
M389T778_a,712,0.42356317223085616,0.8278257149712679,Organooxygen compounds
M389T778_b,713,0.42356317223085616,0.8278257149712679,Imidazole ribonucleosides and ribonucleotides
M320T716,714,0.42661542355524684,1.3677655646391862,Carboxylic acids and derivatives
M88T587,715,0.4287076252286989,0.9377443340284882,Carboxylic acids and derivatives
M243T42,716,0.43614793553863684,1.1465992901832716,Isoflavonoids
M284T685,717,0.436625795783402,0.910395172592637,Carboxylic acids and derivatives
M388T685_a,718,0.4366862111219504,0.8600153041669062,Carboxylic acids and derivatives
M388T685_b,719,0.4366862111219504,0.8600153041669062,Carboxylic acids and derivatives
M670T919,720,0.4412324979222374,0.8627769972444601,Purine nucleotides
M147T696_2,721,0.44304920991977303,1.0721923883011548,Carboxylic acids and derivatives
M148T693_a,722,0.4441874213869802,0.9332980298746356,Carboxylic acids and derivatives
M148T693_b,723,0.4441874213869802,0.9332980298746356,Carboxylic acids and derivatives
M353T383,724,0.44712924767661344,0.5785791365225246,Fatty Acyls
M435T659,725,0.4508702451384876,0.8491564129516231,Benzimidazole ribonucleosides and ribonucleotides
M561T682,726,0.45413790093070794,0.9227572932015218,Pyrimidine nucleotides
M219T869,727,0.45420290871581737,1.040043452979565,Carboxylic acids and derivatives
M255T723,728,0.4560504982326774,0.9233384487167724,Carboxylic acids and derivatives
M465T701,729,0.46080349011017085,1.0702468371328402,Carboxylic acids and derivatives
M224T492,730,0.4624760397547749,1.2415623318021056,Carboxylic acids and derivatives
M231T831_a,731,0.46479348735704207,0.921089292166823,Organooxygen compounds
M231T831_b,732,0.46479348735704207,0.921089292166823,Organooxygen compounds
M231T831_c,733,0.46479348735704207,0.921089292166823,Organooxygen compounds
M231T831_d,734,0.46479348735704207,0.921089292166823,Organooxygen compounds
M231T831_e,735,0.46479348735704207,0.921089292166823,Organooxygen compounds
M231T831_f,736,0.46479348735704207,0.921089292166823,Organooxygen compounds
M231T831_g,737,0.46479348735704207,0.921089292166823,Organooxygen compounds
M231T831_h,738,0.46479348735704207,0.921089292166823,Organooxygen compounds
M350T633_a,739,0.46757826783596257,1.097272616192839,Carboxylic acids and derivatives
M350T633_b,740,0.46757826783596257,1.097272616192839,Carboxylic acids and derivatives
M225T298_a,741,0.4722301130333534,0.6972140311368907,Naphthalenes
M225T298_b,742,0.4722301130333534,0.6972140311368907,Naphthalenes
M313T554,743,0.47261398611797123,0.9400940586436244,Carboxylic acids and derivatives
M237T425_a,744,0.4784191559939245,0.9237626832658213,Carboxylic acids and derivatives
M237T425_b,745,0.4784191559939245,0.9237626832658213,Carboxylic acids and derivatives
M388T835_a,746,0.47954491932301646,0.9525165031168307,Carboxylic acids and derivatives
M388T835_b,747,0.47954491932301646,0.9525165031168307,Carboxylic acids and derivatives
M732T300,748,0.48708920925461097,1.0731505866819273,Sphingolipids
M201T632_a,749,0.48862161648131874,1.5508227194706508,Carboxylic acids and derivatives
M201T632_b,750,0.48862161648131874,1.5508227194706508,Carboxylic acids and derivatives
M255T41_a,751,0.4916527761870406,0.869134770687094,Flavonoids
M255T41_b,752,0.4916527761870406,0.869134770687094,Isoflavonoids
M271T72_a,753,0.4916915764176528,0.8405308092746653,Flavonoids
M271T72_b,754,0.4916915764176528,0.8405308092746653,Isoflavonoids
M291T558_a,755,0.49224621317711637,0.9610404069704048,Fatty Acyls
M291T558_b,756,0.49224621317711637,0.9610404069704048,Organooxygen compounds
M246T434,757,0.492310417002194,1.1013621620403313,Carboxylic acids and derivatives
M249T532_a,758,0.49348388889453765,0.8658562199474918,Hydroxy acids and derivatives
M249T532_b,759,0.49348388889453765,0.8658562199474918,Carboxylic acids and derivatives
M203T427_a,760,0.4989095839611153,0.9080640863302549,Carboxylic acids and derivatives
M203T427_b,761,0.4989095839611153,0.9080640863302549,Carboxylic acids and derivatives
M203T427_c,762,0.4989095839611153,0.9080640863302549,Carboxylic acids and derivatives
M448T279,763,0.4995622923399575,1.1832937189561168,Sphingolipids
M787T89,764,0.4999104331602645,1.1544389010017329,Glycerophospholipids
M179T665_a,765,0.5008198038649374,0.46005156757788396,Organic phosphoric acids and derivatives
M179T665_b,766,0.5008198038649374,0.46005156757788396,Organic phosphonic acids and derivatives
M177T751_a,767,0.5020037970004432,0.8370039834949792,Keto acids and derivatives
M177T751_b,768,0.5020037970004432,0.8370039834949792,Keto acids and derivatives
M177T751_c,769,0.5020037970004432,0.8370039834949792,Keto acids and derivatives
M177T751_d,770,0.5020037970004432,0.8370039834949792,Keto acids and derivatives
M177T751_e,771,0.5020037970004432,0.8370039834949792,Keto acids and derivatives
M170T472_a,772,0.503267078105518,1.0979273914070513,Organonitrogen compounds
M170T472_c,773,0.503267078105518,1.0979273914070513,Phenol esters
M170T472_d,774,0.503267078105518,1.0979273914070513,Benzene and substituted derivatives
M170T472_e,775,0.503267078105518,1.0979273914070513,Organooxygen compounds
M170T472_f,776,0.503267078105518,1.0979273914070513,Carboxylic acids and derivatives
M170T472_g,777,0.503267078105518,1.0979273914070513,Phenols
M332T765_2,778,0.5036892023362713,1.3204614572247084,Organooxygen compounds
M175T739_1,779,0.5058165975699274,0.7853809631168284,Carboxylic acids and derivatives
M284T637,780,0.5122165599045292,1.1121874958282558,Organooxygen compounds
M191T469,781,0.5139647025394282,1.1070739581107678,Triazines
M516T360,782,0.5189845505540405,0.8307886637956889,Steroids and steroid derivatives
M163T533_a,783,0.5199261341389103,1.1248686938742651,Organooxygen compounds
M163T533_b,784,0.5199261341389103,1.1248686938742651,Organooxygen compounds
M163T533_c,785,0.5199261341389103,1.1248686938742651,Organooxygen compounds
M163T533_d,786,0.5199261341389103,1.1248686938742651,Organooxygen compounds
M163T533_e,787,0.5199261341389103,1.1248686938742651,Organooxygen compounds
M163T533_f,788,0.5199261341389103,1.1248686938742651,Organooxygen compounds
M163T533_g,789,0.5199261341389103,1.1248686938742651,Organooxygen compounds
M163T533_h,790,0.5199261341389103,1.1248686938742651,Organooxygen compounds
M163T533_i,791,0.5199261341389103,1.1248686938742651,Organooxygen compounds
M163T533_j,792,0.5199261341389103,1.1248686938742651,Organooxygen compounds
M163T533_k,793,0.5199261341389103,1.1248686938742651,Organooxygen compounds
M163T533_l,794,0.5199261341389103,1.1248686938742651,Organooxygen compounds
M163T533_m,795,0.5199261341389103,1.1248686938742651,Organooxygen compounds
M299T652,796,0.5239655791400407,1.0622316257099098,Organooxygen compounds
M330T524,797,0.524890065200917,0.948007983795452,Purine nucleotides
M366T897,798,0.5260064958567604,0.9395164169349863,Organooxygen compounds
M233T745_a,799,0.5266719334404296,1.0985098743853041,Carboxylic acids and derivatives
M233T745_b,800,0.5266719334404296,1.0985098743853041,Carboxylic acids and derivatives
M233T745_c,801,0.5266719334404296,1.0985098743853041,Carboxylic acids and derivatives
M233T745_d,802,0.5266719334404296,1.0985098743853041,Carboxylic acids and derivatives
M348T781,803,0.5273194908476327,0.9037112203164201,Ribonucleoside 3'-phosphates
M180T572_a,804,0.5296498204340943,1.0587258576296898,Keto acids and derivatives
M180T572_b,805,0.5296498204340943,1.0587258576296898,Keto acids and derivatives
M180T572_c,806,0.5296498204340943,1.0587258576296898,Keto acids and derivatives
M180T572_d,807,0.5296498204340943,1.0587258576296898,Lactones
M180T572_e,808,0.5296498204340943,1.0587258576296898,Fatty Acyls
M180T572_f,809,0.5296498204340943,1.0587258576296898,Fatty Acyls
M180T572_g,810,0.5296498204340943,1.0587258576296898,Organooxygen compounds
M180T572_h,811,0.5296498204340943,1.0587258576296898,Organooxygen compounds
M180T572_i,812,0.5296498204340943,1.0587258576296898,Fatty Acyls
M180T572_j,813,0.5296498204340943,1.0587258576296898,Fatty Acyls
M180T572_k,814,0.5296498204340943,1.0587258576296898,Fatty Acyls
M302T751_a,815,0.5352456589008581,1.0668599070681173,Organooxygen compounds
M302T751_b,816,0.5352456589008581,1.0668599070681173,Organooxygen compounds
M302T751_c,817,0.5352456589008581,1.0668599070681173,Organooxygen compounds
M302T751_d,818,0.5352456589008581,1.0668599070681173,Organooxygen compounds
M302T751_e,819,0.5352456589008581,1.0668599070681173,Organooxygen compounds
M302T751_f,820,0.5352456589008581,1.0668599070681173,Organooxygen compounds
M202T588,821,0.5419630641602295,0.934485034176811,Organooxygen compounds
M200T632,822,0.5507824941904642,1.0939204291808973,Carboxylic acids and derivatives
M304T809,823,0.5527416371160694,0.93741629220331,Organooxygen compounds
M260T526,824,0.5563089332044026,1.1589129521377604,Carboxylic acids and derivatives
M439T536,825,0.559426667838921,1.0619898305091666,Pteridines and derivatives
M220T498,826,0.5604060714893424,0.9444918706260224,Organooxygen compounds
M244T908,827,0.567011520881021,0.9014783805497333,Carboxylic acids and derivatives
M342T797_a,828,0.5678166400126613,0.857486118586017,Organooxygen compounds
M786T731,829,0.5704218928564511,1.0374153851946184,Flavin nucleotides
M204T687,830,0.5726001567817164,0.9138138742308932,Carboxylic acids and derivatives
M374T765_a,831,0.5840272530646684,0.9395636920825735,Carboxylic acids and derivatives
M374T765_b,832,0.5840272530646684,0.9395636920825735,Carboxylic acids and derivatives
M189T572_a,833,0.5856004855562957,0.9409918736185701,Carboxylic acids and derivatives
M189T572_b,834,0.5856004855562957,0.9409918736185701,Carboxylic acids and derivatives
M379T513_a,835,0.5856327492751964,1.0882538859611448,Organooxygen compounds
M379T513_b,836,0.5856327492751964,1.0882538859611448,Organooxygen compounds
M217T608,837,0.5884149448541508,1.074399872363161,Carboxylic acids and derivatives
M380T726,838,0.5898134189259621,1.1614654993472693,Carboxylic acids and derivatives
M284T567_a,839,0.5967343958686695,0.9458906203873514,Organooxygen compounds
M284T567_b,840,0.5967343958686695,0.9458906203873514,Organooxygen compounds
M284T567_c,841,0.5967343958686695,0.9458906203873514,Organooxygen compounds
M284T567_d,842,0.5967343958686695,0.9458906203873514,Organooxygen compounds
M355T750,843,0.5967670870083692,1.0638264198382117,Carboxylic acids and derivatives
M482T786,844,0.6050957599921587,1.2233349440545795,Carboxylic acids and derivatives
M203T605,845,0.6100232639561394,1.0852655306113792,Carboxylic acids and derivatives
M590T838_1,846,0.6115015510524606,1.0616622130662032,Purine nucleotides
M130T547,847,0.6131405859489037,0.9693926275108714,Carboxylic acids and derivatives
M276T797,848,0.6188766620051231,1.097113881264984,Carboxylic acids and derivatives
M249T741,849,0.6212215878512737,0.9646111479416728,Carboxylic acids and derivatives
M464T924,850,0.6214179615774684,0.9150594698519934,Purine nucleotides
M273T576,851,0.622392900299471,0.9548314702965879,Carboxylic acids and derivatives
M269T636,852,0.6236816434444832,0.9520229407525788,Phenylpropanoic acids
M227T720_b,853,0.6237710474518255,0.8471566660596211,Lactams
M218T587,854,0.6240081792972823,1.0795381140086657,Carboxylic acids and derivatives
M422T795_a,855,0.6246483102173586,0.9614492671336935,Organooxygen compounds
M422T795_b,856,0.6246483102173586,0.9614492671336935,Ribonucleoside 3'-phosphates
M422T795_c,857,0.6246483102173586,0.9614492671336935,Ribonucleoside 3'-phosphates
M422T795_d,858,0.6246483102173586,0.9614492671336935,Organooxygen compounds
M255T569_a,859,0.6252410292530495,0.8138824181552464,Carboxylic acids and derivatives
M255T569_b,860,0.6252410292530495,0.8138824181552464,Carboxylic acids and derivatives
M255T569_c,861,0.6252410292530495,0.8138824181552464,Carboxylic acids and derivatives
M255T569_d,862,0.6252410292530495,0.8138824181552464,Carboxylic acids and derivatives
M269T576_a,863,0.6252730303110399,1.0860772237995377,Carboxylic acids and derivatives
M269T576_b,864,0.6252730303110399,1.0860772237995377,Carboxylic acids and derivatives
M285T403,865,0.6274016683193215,0.9265174408524628,Organooxygen compounds
M198T564_a,866,0.627699475202375,1.1435213222714806,Organooxygen compounds
M198T564_b,867,0.627699475202375,1.1435213222714806,Organooxygen compounds
M198T564_c,868,0.627699475202375,1.1435213222714806,Organooxygen compounds
M198T564_d,869,0.627699475202375,1.1435213222714806,Organooxygen compounds
M198T564_e,870,0.627699475202375,1.1435213222714806,Organooxygen compounds
M198T564_f,871,0.627699475202375,1.1435213222714806,Organooxygen compounds
M198T564_g,872,0.627699475202375,1.1435213222714806,Organooxygen compounds
M198T564_h,873,0.627699475202375,1.1435213222714806,Organooxygen compounds
M198T564_i,874,0.627699475202375,1.1435213222714806,Organooxygen compounds
M198T564_j,875,0.627699475202375,1.1435213222714806,Organooxygen compounds
M157T604_a,876,0.6345271611479341,1.071113646670358,Carboxylic acids and derivatives
M157T604_b,877,0.6345271611479341,1.071113646670358,Carboxylic acids and derivatives
M409T308,878,0.6378886416546452,0.9076942745017369,Cinnamic acids and derivatives
M374T803_a,879,0.6432950480570598,1.0330667134327007,Saccharolipids
M374T803_b,880,0.6432950480570598,1.0330667134327007,Saccharolipids
M374T803_c,881,0.6432950480570598,1.0330667134327007,Saccharolipids
M374T803_d,882,0.6432950480570598,1.0330667134327007,Saccharolipids
M374T803_e,883,0.6432950480570598,1.0330667134327007,Organooxygen compounds
M374T803_f,884,0.6432950480570598,1.0330667134327007,Fatty Acyls
M374T803_g,885,0.6432950480570598,1.0330667134327007,Fatty Acyls
M374T803_h,886,0.6432950480570598,1.0330667134327007,Fatty Acyls
M374T803_i,887,0.6432950480570598,1.0330667134327007,Fatty Acyls
M374T803_j,888,0.6432950480570598,1.0330667134327007,Fatty Acyls
M489T826,889,0.643618181154409,1.0363012001220677,Pyrimidine nucleotides
M150T303,890,0.6462994582727319,0.8747482925185752,Organonitrogen compounds
M572T794_a,891,0.6529015054523525,0.9489134084412126,Pyrimidine nucleotides
M572T794_b,892,0.6529015054523525,0.9489134084412126,Pyrimidine nucleotides
M329T554,893,0.6532460366056915,1.123939420391207,Carboxylic acids and derivatives
M385T720,894,0.6535889114298872,1.0547562505488275,5'-deoxyribonucleosides
M155T638_a,895,0.6623400845738938,0.9699028428956,Glycerophospholipids
M155T638_b,896,0.6623400845738938,0.9699028428956,Glycerophospholipids
M292T637,897,0.665926594142987,0.9722894594602576,Carboxylic acids and derivatives
M219T70,898,0.6682959014045775,1.1079268822509671,Indoles and derivatives
M292T860,899,0.6951526111370685,1.0384953094759755,Carboxylic acids and derivatives
M211T484,900,0.6959132132957508,0.9485335291301209,Carboxylic acids and derivatives
M348T554_a,901,0.7000822816761907,1.0431269590106858,Organooxygen compounds
M348T554_b,902,0.7000822816761907,1.0431269590106858,Purine nucleosides
M348T554_c,903,0.7000822816761907,1.0431269590106858,Purine nucleosides
M348T554_d,904,0.7000822816761907,1.0431269590106858,Purine nucleosides
M246T625,905,0.7004705403081088,1.0492749541880475,Peptidomimetics
M227T792,906,0.7028522723036276,1.0480746789028443,Peptidomimetics
M151T698,907,0.7045573564061463,0.9700620197073501,Carboxylic acids and derivatives
M388T654_a,908,0.7050793556491493,0.9160096425651938,Carboxylic acids and derivatives
M388T654_b,909,0.7050793556491493,0.9160096425651938,Carboxylic acids and derivatives
M606T870_a,910,0.7062489920998227,1.0495305212155266,Purine nucleotides
M606T870_b,911,0.7062489920998227,1.0495305212155266,Purine nucleotides
M233T533,912,0.7074420016390092,0.9325747134698307,Carboxylic acids and derivatives
M253T632,913,0.707964893370283,0.9767826798550432,Carboxylic acids and derivatives
M127T589,914,0.7090319382257106,0.9517657214894523,Azoles
M162T556_a,915,0.7108561789068993,0.9752184216393545,Fatty Acyls
M162T556_b,916,0.7108561789068993,0.9752184216393545,Fatty Acyls
M162T556_c,917,0.7108561789068993,0.9752184216393545,Fatty Acyls
M162T556_d,918,0.7108561789068993,0.9752184216393545,Hydroxy acids and derivatives
M475T735,919,0.7125852382121356,0.9630620685383601,Organooxygen compounds
M287T557,920,0.7159746536161695,0.9392212543022421,Carboxylic acids and derivatives
M233T434_a,921,0.7165242837285128,0.9439539533798794,Carboxylic acids and derivatives
M233T434_b,922,0.7165242837285128,0.9439539533798794,Carboxylic acids and derivatives
M296T373_1,923,0.7190638801806963,1.1014114540736015,Saccharolipids
M114T490_a,924,0.722018560820731,0.861791606190535,Carboxylic acids and derivatives
M114T490_b,925,0.722018560820731,0.861791606190535,Pyrrolines
M300T832,926,0.7224233230392095,1.0487194091370526,Carboxylic acids and derivatives
M406T910,927,0.7327814615429094,0.9587255811437574,Carboxylic acids and derivatives
M487T784,928,0.7406620793065055,1.0755535232018087,Diazines
M166T618_a,929,0.742916030799468,0.9726136252503598,Carboxylic acids and derivatives
M166T618_b,930,0.742916030799468,0.9726136252503598,Carboxylic acids and derivatives
M168T545_a,931,0.7482918280430267,0.9729413281986946,Organic sulfonic acids and derivatives
M168T545_b,932,0.7482918280430267,0.9729413281986946,Carboxylic acids and derivatives
M264T385_a,933,0.7516547564815349,0.9661038855613159,Pteridines and derivatives
M264T385_b,934,0.7516547564815349,0.9661038855613159,Pteridines and derivatives
M183T514_a,935,0.7583041481351686,0.9603247247365638,Phenylpropanoic acids
M183T514_b,936,0.7583041481351686,0.9603247247365638,Phenols
M183T514_c,937,0.7583041481351686,0.9603247247365638,Organooxygen compounds
M183T514_d,938,0.7583041481351686,0.9603247247365638,Phenols
M379T726_a,939,0.7591299071441469,0.9627546959910023,Organooxygen compounds
M379T726_b,940,0.7591299071441469,0.9627546959910023,Organooxygen compounds
M379T726_c,941,0.7591299071441469,0.9627546959910023,Organooxygen compounds
M270T646,942,0.7703483509328234,1.0885695254108203,Carboxylic acids and derivatives
M408T837,943,0.7730238006956337,0.964163073328058,Carboxylic acids and derivatives
M146T627_a,944,0.7742189670218658,0.9843583060454252,Carboxylic acids and derivatives
M146T627_b,945,0.7742189670218658,0.9843583060454252,Keto acids and derivatives
M146T392,946,0.77990031269101745,0.963280305036339,Carboxylic acids and derivatives
M344T681_2,947,0.7801118712454844,0.947958429143513,Peptidomimetics
M324T870,948,0.7812660663653663,0.9737395374634628,Pyrimidine nucleotides
M272T590,949,0.7854509738517886,0.9707460211468001,Glycerolipids
M293T854,950,0.7890128995006811,0.9437391422831067,Carboxylic acids and derivatives
M307T566_a,951,0.7926856195241845,1.0142571193360164,Organic phosphoric acids and derivatives
M307T566_b,952,0.7926856195241845,1.0142571193360164,Carboxylic acids and derivatives
M377T393,953,0.7947903364783236,1.0450429187131214,Pteridines and derivatives
M461T806,954,0.7959209244816,1.0324698437742263,Carboxylic acids and derivatives
M215T477_a,955,0.797998276074131,0.966575325094439,Phenols
M215T477_b,956,0.797998276074131,0.966575325094439,Phenols
M328T790,957,0.8039939639418416,1.044071952728457,Peptidomimetics
M285T70_a,958,0.8063363292458308,1.0505109550099916,Prenol lipids
M285T70_b,959,0.8063363292458308,1.0505109550099916,Prenol lipids
M583T457,960,0.8108627346847906,1.1529639122266004,Tetrapyrroles and derivatives
M556T682,961,0.8197848227565501,1.141256953059074,Pyrimidine nucleotides
M173T444_a,962,0.8241623875410828,1.031561519258105,Organooxygen compounds
M173T444_b,963,0.8241623875410828,1.031561519258105,Organooxygen compounds
M226T703,964,0.825909956937303,1.025887947246141,Carboxylic acids and derivatives
M259T587,965,0.8382651433227244,0.9472995081565065,Organooxygen compounds
M229T445,966,0.8429515102037964,1.0255253224519407,Carboxylic acids and derivatives
M291T580_a,967,0.8553355187503997,0.9692511028360304,Fatty Acyls
M291T580_b,968,0.8553355187503997,0.9692511028360304,Organooxygen compounds
M141T665_a,969,0.8591314829290326,0.9806247595646755,Keto acids and derivatives
M141T665_b,970,0.8591314829290326,0.9806247595646755,Organic phosphoric acids and derivatives
M141T665_c,971,0.8591314829290326,0.9806247595646755,Organic phosphonic acids and derivatives
M141T665_d,972,0.8591314829290326,0.9806247595646755,Fatty Acyls
M356T738_a,973,0.8594632674014313,0.9650197616508147,Organooxygen compounds
M356T738_b,974,0.8594632674014313,0.9650197616508147,Organooxygen compounds
M356T738_c,975,0.8594632674014313,0.9650197616508147,Organooxygen compounds
M301T612,976,0.8622138048642414,1.0319613978564806,Saccharolipids
M349T920_a,977,0.8665881553400809,1.0349221599983967,Organooxygen compounds
M349T920_b,978,0.8665881553400809,1.0349221599983967,Organooxygen compounds
M209T697_a,979,0.8718895876270005,1.0183564338243787,Keto acids and derivatives
M209T697_b,980,0.8718895876270005,1.0183564338243787,Keto acids and derivatives
M209T697_d,981,0.8718895876270005,1.0183564338243787,Carboxylic acids and derivatives
M403T725_a,982,0.8743967396441579,0.9692682673722703,Organooxygen compounds
M403T725_b,983,0.8743967396441579,0.9692682673722703,Organooxygen compounds
M403T725_c,984,0.8743967396441579,0.9692682673722703,Organooxygen compounds
M403T725_d,985,0.8743967396441579,0.9692682673722703,Organooxygen compounds
M403T725_e,986,0.8743967396441579,0.9692682673722703,Organooxygen compounds
M403T725_f,987,0.8743967396441579,0.9692682673722703,Organooxygen compounds
M403T725_g,988,0.8743967396441579,0.9692682673722703,Organooxygen compounds
M403T725_h,989,0.8743967396441579,0.9692682673722703,Organooxygen compounds
M403T725_i,990,0.8743967396441579,0.9692682673722703,Organooxygen compounds
M457T772,991,0.8744192797130214,0.9873410305828573,Flavin nucleotides
M253T706_a,992,0.878611159646272,1.0111145914120492,Organooxygen compounds
M253T706_b,993,0.878611159646272,1.0111145914120492,Organooxygen compounds
M253T706_c,994,0.878611159646272,1.0111145914120492,Organooxygen compounds
M253T706_d,995,0.878611159646272,1.0111145914120492,Organooxygen compounds
M253T706_e,996,0.878611159646272,1.0111145914120492,Organooxygen compounds
M253T706_f,997,0.878611159646272,1.0111145914120492,Organic phosphoric acids and derivatives
M253T706_g,998,0.878611159646272,1.0111145914120492,Organooxygen compounds
M253T706_h,999,0.878611159646272,1.0111145914120492,Organic phosphoric acids and derivatives
M253T706_i,1000,0.878611159646272,1.0111145914120492,Organooxygen compounds
M253T706_j,1001,0.878611159646272,1.0111145914120492,Organooxygen compounds
M364T828_a,1002,0.8985446142645603,0.9892200525730297,Organooxygen compounds
M364T828_b,1003,0.8985446142645603,0.9892200525730297,Ribonucleoside 3'-phosphates
M364T828_c,1004,0.8985446142645603,0.9892200525730297,Purine nucleotides
M364T828_d,1005,0.8985446142645603,0.9892200525730297,Organooxygen compounds
M364T828_e,1006,0.8985446142645603,0.9892200525730297,Ribonucleoside 3'-phosphates
M364T828_f,1007,0.8985446142645603,0.9892200525730297,Organooxygen compounds
M229T700,1008,0.9000918377364727,1.0105963406180472,Carboxylic acids and derivatives
M464T655_a,1009,0.9005285444566886,1.0281735846505513,Carboxylic acids and derivatives
M464T655_b,1010,0.9005285444566886,1.0281735846505513,Carboxylic acids and derivatives
M603T443_a,1011,0.9078880072515709,0.978677092206628,Carboxylic acids and derivatives
M603T443_b,1012,0.9078880072515709,0.978677092206628,Carboxylic acids and derivatives
M603T443_c,1013,0.9078880072515709,0.978677092206628,Carboxylic acids and derivatives
M104T700,1014,0.9082386686592181,1.0084356328373225,Carboxylic acids and derivatives
M246T683,1015,0.9085979430173006,1.0084576108610332,Organic phosphoric acids and derivatives
M655T895_a,1016,0.9086395826261784,1.0152470675819774,Carboxylic acids and derivatives
M655T895_b,1017,0.9086395826261784,1.0152470675819774,Carboxylic acids and derivatives
M137T646,1018,0.9125057413796052,0.9921255417441338,Azoles
M450T758,1019,0.9169150765074786,1.020368537160923,Carboxylic acids and derivatives
M213T706_a,1020,0.9266921155193283,0.9927226505420047,Organooxygen compounds
M213T706_b,1021,0.9266921155193283,0.9927226505420047,Organic phosphoric acids and derivatives
M137T559,1022,0.9309482476677634,1.0410909755206361,Benzene and substituted derivatives
M496T316_a,1023,0.944876019401998,1.041800479290644,Steroids and steroid derivatives
M496T316_b,1024,0.944876019401998,1.041800479290644,Steroids and steroid derivatives
M496T316_c,1025,0.944876019401998,1.041800479290644,Steroids and steroid derivatives
M134T424_a,1026,0.947783604490112,0.9845711698761915,Pyridines and derivatives
M134T424_b,1027,0.947783604490112,0.9845711698761915,Pyrroles
M608T795,1028,0.9500588365497148,1.0063757347160638,Pyrimidine nucleotides
M642T915,1029,0.9513840486865117,0.9888258140639351,Purine nucleotides
M678T785,1030,0.9572064812072809,0.9943281779716676,Pyrimidine nucleotides
M162T573_a,1031,0.958487025748003,1.0080411450708482,Fatty Acyls
M162T573_b,1032,0.958487025748003,1.0080411450708482,Fatty Acyls
M162T573_c,1033,0.958487025748003,1.0080411450708482,Fatty Acyls
M162T573_d,1034,0.958487025748003,1.0080411450708482,Fatty Acyls
M368T747_a,1035,0.95934192522974715,1.0081112472139129,Organooxygen compounds
M368T747_b,1036,0.95934192522974715,1.0081112472139129,Organooxygen compounds
M162T756,1037,0.961985874529294,0.9682169349489131,Carboxylic acids and derivatives
M167T696,1038,0.9655442721164013,1.0032462314769008,Carboxylic acids and derivatives
M245T696,1039,0.9736203571109845,0.9961065071534004,Carboxylic acids and derivatives
M330T489,1040,0.9742386911843748,0.9952830099595514,Purine nucleotides
M353T797,1041,0.9793220751502502,0.9945908081720877,Carboxylic acids and derivatives
M380T807_a,1042,0.9821119070443558,0.9968806806556857,Carboxylic acids and derivatives
M380T807_b,1043,0.9821119070443558,0.9968806806556857,Carboxylic acids and derivatives
M230T488_a,1044,0.9822086689019254,1.0043733939913264,Carboxylic acids and derivatives
M230T488_b,1045,0.9822086689019254,1.0043733939913264,Organic sulfuric acids and derivatives
M227T635_a,1046,0.9839244596851198,1.001683960023831,Carboxylic acids and derivatives
M227T635_b,1047,0.9839244596851198,1.001683960023831,Carboxylic acids and derivatives
M364T877,1048,0.9839439846404416,0.9958017861453137,Purine nucleotides
M349T584,1049,0.9888386036874819,1.0027541836710177,Organooxygen compounds
M183T394_a,1050,0.9907240876867927,0.998610577489741,Phenols
M183T394_b,1051,0.9907240876867927,0.998610577489741,Organooxygen compounds
M183T394_c,1052,0.9907240876867927,0.998610577489741,Phenols
M183T394_d,1053,0.9907240876867927,0.998610577489741,Phenylpropanoic acids
M235T763,1054,0.9963544514288989,0.9989914516497161,Carboxylic acids and derivatives
