compound_name,order,pvalue,foldchange,class
M349T844,1,1.221523334758311e-5,2.150641920293688,Purine ribonucleotides
M229T781,2,8.417325297089579e-5,1.6673212715905232,Carbohydrates and carbohydrate conjugates
M366T641_2,3,1.1990826564898988e-4,1.6542356141941872,"Amino acids, peptides, and analogues"
M413T585,4,1.448125816431439e-4,0.4484117199058863,Carbohydrates and carbohydrate conjugates
M129T635,5,1.6738959037693277e-4,1.8930287675185675,"Amino acids, peptides, and analogues"
M227T426_a,6,2.1022871498535046e-4,1.9339743631958335,"Amino acids, peptides, and analogues"
M227T426_b,7,2.1022871498535046e-4,1.9339743631958335,Benzyloxycarbonyls
M138T554_2_a,8,2.218471406681765e-4,1.7615152903004356,"Amino acids, peptides, and analogues"
M138T554_2_b,9,2.218471406681765e-4,1.7615152903004356,"Amino acids, peptides, and analogues"
M190T612,10,2.2695298858891436e-4,2.213438132070107,"Amino acids, peptides, and analogues"
M246T466_a,11,2.7558187363686386e-4,1.9717401682122018,Carbonyl compounds
M246T466_b,12,2.7558187363686386e-4,1.9717401682122018,Carbonyl compounds
M217T435,13,2.835515073766161e-4,2.169261146937365,Carbonyl compounds
M126T546,14,5.800813399141624e-4,0.8392723792881049,Organosulfonic acids and derivatives
M283T704,15,7.121359335838434e-4,1.6297416410959373,Beta lactams
M218T834,16,7.506889210794881e-4,0.7135528421145635,"Amino acids, peptides, and analogues"
M304T624,17,7.629955415955734e-4,3.444301258575489,Hybrid peptides
M237T700,18,8.375636391117837e-4,1.5909654028662006,"Amino acids, peptides, and analogues"
M686T612,19,9.318817198923032e-4,2.4209279955739422,Pterins and derivatives
M457T613,20,9.507890823733086e-4,1.8350162752071169,Pterins and derivatives
M306T711,21,0.0010077456849422702,1.9556682101902214,Cyclic pyrimidine nucleotides
M406T666_a,22,0.0011380973542070736,3.6098268987893203,"Amino acids, peptides, and analogues"
M406T666_b,23,0.0011380973542070736,3.6098268987893203,"Amino acids, peptides, and analogues"
M374T618,24,0.0011416432372727424,0.6830833032591096,"Amino acids, peptides, and analogues"
M234T835_a,25,0.0012666429256148358,0.5813602738354147,"Amino acids, peptides, and analogues"
M234T835_b,26,0.0012666429256148358,0.5813602738354147,"Amino acids, peptides, and analogues"
M300T644,27,0.001377601234551252,1.7015769629091306,"Amino acids, peptides, and analogues"
M230T612,28,0.0014542383757487063,1.5709428051830898,"Amino acids, peptides, and analogues"
M294T619,29,0.0014767072668417458,0.42873108999466525,"Amino acids, peptides, and analogues"
M200T564_a,30,0.0015378032477814207,2.0586531832756156,Carbohydrates and carbohydrate conjugates
M200T564_b,31,0.0015378032477814207,2.0586531832756156,Carbohydrates and carbohydrate conjugates
M200T564_c,32,0.0015378032477814207,2.0586531832756156,Carbohydrates and carbohydrate conjugates
M200T564_d,33,0.0015378032477814207,2.0586531832756156,Carbohydrates and carbohydrate conjugates
M200T564_e,34,0.0015378032477814207,2.0586531832756156,Carbohydrates and carbohydrate conjugates
M291T384,35,0.0015404441945776697,0.4768383233494492,Thiohydroximic acids
M146T711_2,36,0.0017455029749482876,0.6969215550786986,Fatty acids and conjugates
M248T804_a,37,0.0017999043657500892,0.7190019850140557,"Amino acids, peptides, and analogues"
M248T804_b,38,0.0017999043657500892,0.7190019850140557,"Amino acids, peptides, and analogues"
M224T756_1_a,39,0.0018011140365084407,0.6991886005772814,Tricarboxylic acids and derivatives
M224T756_1_b,40,0.0018011140365084407,0.6991886005772814,Tricarboxylic acids and derivatives
M231T362_a,41,0.0018679749319293398,0.5109429120859297,"Amino acids, peptides, and analogues"
M231T362_b,42,0.0018679749319293398,0.5109429120859297,"Amino acids, peptides, and analogues"
M277T570,43,0.0019049609846126347,2.0687612674515994,Glycosylglycerols
M177T440,44,0.0019979679955152434,0.6020096597892999,Tryptamines and derivatives
M271T615,45,0.0020210782367479133,0.36632481473611384,"Amino acids, peptides, and analogues"
M244T681,46,0.0020870798158542786,0.6409458919777218,"Amino acids, peptides, and analogues"
M268T639_a,47,0.0020993935823309046,1.7754700374751726,Arylsulfates
M268T639_b,48,0.0020993935823309046,1.7754700374751726,Benzenediols
M205T556_a,49,0.0021028503537145822,0.5524906711364815,Carbohydrates and carbohydrate conjugates
M205T556_b,50,0.0021028503537145822,0.5524906711364815,"Amino acids, peptides, and analogues"
M205T556_c,51,0.0021028503537145822,0.5524906711364815,"Amino acids, peptides, and analogues"
M387T724_a,52,0.002292162198388873,0.7495616006415095,Carbohydrates and carbohydrate conjugates
M387T724_b,53,0.002292162198388873,0.7495616006415095,Carbohydrates and carbohydrate conjugates
M387T724_c,54,0.002292162198388873,0.7495616006415095,Carbohydrates and carbohydrate conjugates
M387T724_d,55,0.002292162198388873,0.7495616006415095,Carbohydrates and carbohydrate conjugates
M387T724_e,56,0.002292162198388873,0.7495616006415095,Carbohydrates and carbohydrate conjugates
M387T724_f,57,0.002292162198388873,0.7495616006415095,Carbohydrates and carbohydrate conjugates
M387T724_g,58,0.002292162198388873,0.7495616006415095,Carbohydrates and carbohydrate conjugates
M387T724_h,59,0.002292162198388873,0.7495616006415095,Carbohydrates and carbohydrate conjugates
M387T724_i,60,0.002292162198388873,0.7495616006415095,Carbohydrates and carbohydrate conjugates
M126T601,61,0.0024220462938131194,1.5455051809597298,Fatty acids and conjugates
M1135T1005,62,0.002645902450292789,0.5001105768604585,Carbohydrates and carbohydrate conjugates
M277T837,63,0.002759166038690941,1.825764359422468,"Amino acids, peptides, and analogues"
M188T780,64,0.0029519959585665692,1.7423134073684319,Fatty acids and conjugates
M272T612_a,65,0.0029706724859987757,1.3505992284416255,"Amino acids, peptides, and analogues"
M272T612_b,66,0.0029706724859987757,1.3505992284416255,"Amino acids, peptides, and analogues"
M342T854,67,0.0031045096138700174,0.7074904160189158,Carbohydrates and carbohydrate conjugates
M269T630,68,0.0032070188057876556,1.3803607191141458,"Amino acids, peptides, and analogues"
M448T622_a,69,0.003284035733164232,2.5951589466499154,"Amino acids, peptides, and analogues"
M448T622_b,70,0.003284035733164232,2.5951589466499154,"Amino acids, peptides, and analogues"
M233T478_1,71,0.003436707202924436,2.677566769070335,"Amino acids, peptides, and analogues"
M187T625,72,0.003465568091808265,0.5771122834681438,"Amino acids, peptides, and analogues"
M407T685,73,0.003926611491665759,0.6985897463386388,Carbohydrates and carbohydrate conjugates
M245T331_a,74,0.003980678774324982,0.6850916658585601,"Amino acids, peptides, and analogues"
M245T331_b,75,0.003980678774324982,0.6850916658585601,"Amino acids, peptides, and analogues"
M245T331_c,76,0.003980678774324982,0.6850916658585601,"Amino acids, peptides, and analogues"
M245T331_d,77,0.003980678774324982,0.6850916658585601,"Amino acids, peptides, and analogues"
M177T606,78,0.004271301601464324,0.6725594873546926,"Amino acids, peptides, and analogues"
M336T732,79,0.004614297702416196,1.3306501982563443,"Amino acids, peptides, and analogues"
M346T566_c,80,0.00464034342886964,1.3738903349336566,Cyclic purine nucleotides
M346T566_d,81,0.00464034342886964,1.3738903349336566,Cyclic purine nucleotides
M346T566_e,82,0.00464034342886964,1.3738903349336566,Cyclic purine nucleotides
M322T719,83,0.004657478604025864,0.7750894288585096,Hybrid peptides
M395T688,84,0.00466225140326031,0.4728185789977795,"Amino acids, peptides, and analogues"
M350T688_a,85,0.004762183636373915,0.44844101882279713,"Amino acids, peptides, and analogues"
M350T688_b,86,0.004762183636373915,0.44844101882279713,"Amino acids, peptides, and analogues"
M809T727_a,87,0.004961331991058302,0.6721141998134269,"Amino acids, peptides, and analogues"
M809T727_b,88,0.004961331991058302,0.6721141998134269,"Amino acids, peptides, and analogues"
M306T790,89,0.005665535418444268,1.4171687433255937,"Amino acids, peptides, and analogues"
M213T835,90,0.005669511329808862,1.4179310964313359,Carbonyl compounds
M237T376_a,91,0.005685573149216113,0.5487126157466801,"Amino acids, peptides, and analogues"
M237T376_b,92,0.005685573149216113,0.5487126157466801,"Amino acids, peptides, and analogues"
M268T682,93,0.0059841743995770625,2.1732581494485745,Arylsulfates
M422T694_a,94,0.006205727622236956,0.7793378734383491,Carbohydrates and carbohydrate conjugates
M422T694_b,95,0.006205727622236956,0.7793378734383491,Carbohydrates and carbohydrate conjugates
M422T694_c,96,0.006205727622236956,0.7793378734383491,Carbohydrates and carbohydrate conjugates
M505T853_2,97,0.006628876573090598,0.7692419963292318,Carbohydrates and carbohydrate conjugates
M371T421,98,0.006850105658747225,0.36238699796594853,Eicosanoids
M788T320,99,0.007006283755098902,1.6694503863986314,Phosphosphingolipids
M439T687,100,0.007036396337547797,0.5341236519856379,"Amino acids, peptides, and analogues"
M732T325,101,0.007111353131157316,1.8714775980031335,Phosphosphingolipids
M386T499_a,102,0.0071659269334382,1.3505252870479332,Alcohols and polyols
M386T499_b,103,0.0071659269334382,1.3505252870479332,Methoxyphenols
M386T499_c,104,0.0071659269334382,1.3505252870479332,Methoxyphenols
M156T657_a,105,0.007421734414469826,0.8540032097972444,"Amino acids, peptides, and analogues"
M156T657_b,106,0.007421734414469826,0.8540032097972444,Phosphate esters
M246T798,107,0.008292971117548403,0.7603872672214669,Hybrid peptides
M257T631_a,108,0.008785356428869942,0.6790972262138624,"Amino acids, peptides, and analogues"
M257T631_b,109,0.008785356428869942,0.6790972262138624,"Amino acids, peptides, and analogues"
M375T641_a,110,0.008936571756547855,1.9743946566170452,Tetracarboxylic acids and derivatives
M375T641_b,111,0.008936571756547855,1.9743946566170452,Tetracarboxylic acids and derivatives
M375T641_c,112,0.008936571756547855,1.9743946566170452,Carbohydrates and carbohydrate conjugates
M375T641_d,113,0.008936571756547855,1.9743946566170452,Carbohydrates and carbohydrate conjugates
M375T641_e,114,0.008936571756547855,1.9743946566170452,Fatty acyl glycosides
M375T641_f,115,0.008936571756547855,1.9743946566170452,Fatty acyl glycosides
M375T641_g,116,0.008936571756547855,1.9743946566170452,Fatty acyl glycosides
M375T641_h,117,0.008936571756547855,1.9743946566170452,Carbohydrates and carbohydrate conjugates
M375T641_i,118,0.008936571756547855,1.9743946566170452,Carbohydrates and carbohydrate conjugates
M375T641_j,119,0.008936571756547855,1.9743946566170452,Fatty acyl glycosides
M375T641_k,120,0.008936571756547855,1.9743946566170452,Fatty acyl glycosides
M245T768,121,0.008989087074630128,0.741124899844617,"Amino acids, peptides, and analogues"
M292T734,122,0.009367183951871343,1.4784075932376108,"Amino acids, peptides, and analogues"
M363T558,123,0.009501157696901732,0.7521194598668653,Carbohydrates and carbohydrate conjugates
M215T532,124,0.009516291786490345,0.6274023430728379,"Amino acids, peptides, and analogues"
M343T728_a,125,0.009799928125307762,0.7474548937901371,Carbohydrates and carbohydrate conjugates
M343T728_b,126,0.009799928125307762,0.7474548937901371,Carbohydrates and carbohydrate conjugates
M343T728_c,127,0.009799928125307762,0.7474548937901371,Carbohydrates and carbohydrate conjugates
M343T728_d,128,0.009799928125307762,0.7474548937901371,Carbohydrates and carbohydrate conjugates
M203T77_a,129,0.00985227920761457,0.686713521804062,"Amino acids, peptides, and analogues"
M203T77_b,130,0.00985227920761457,0.686713521804062,"Amino acids, peptides, and analogues"
M203T77_c,131,0.00985227920761457,0.686713521804062,"Amino acids, peptides, and analogues"
M667T738_a,132,0.010116131982639763,0.6019616432101493,Carbohydrates and carbohydrate conjugates
M667T738_b,133,0.010116131982639763,0.6019616432101493,Carbohydrates and carbohydrate conjugates
M667T738_c,134,0.010116131982639763,0.6019616432101493,Carbohydrates and carbohydrate conjugates
M667T738_d,135,0.010116131982639763,0.6019616432101493,Carbohydrates and carbohydrate conjugates
M400T291,136,0.010177703147392242,2.148995743839554,Fatty acid esters
M148T364,137,0.01109334093106795,0.36373326534124867,Hydropyridines
M379T526_a,138,0.011243229140372858,0.7155177766425685,Pyrimidines and pyrimidine derivatives
M379T526_b,139,0.011243229140372858,0.7155177766425685,Carbohydrates and carbohydrate conjugates
M379T526_c,140,0.011243229140372858,0.7155177766425685,Pyrimidines and pyrimidine derivatives
M379T526_d,141,0.011243229140372858,0.7155177766425685,Pyrimidines and pyrimidine derivatives
M258T732,142,0.01128942314029284,1.2204924002730249,Glycerophosphocholines
M285T606_a,143,0.011430103806503345,0.7034364256837365,"Amino acids, peptides, and analogues"
M285T606_b,144,0.011430103806503345,0.7034364256837365,"Amino acids, peptides, and analogues"
M233T456_a,145,0.011445672287502399,0.5654572140936467,"Amino acids, peptides, and analogues"
M233T456_b,146,0.011445672287502399,0.5654572140936467,"Amino acids, peptides, and analogues"
M428T307,147,0.01150479407293411,2.6382285074198064,Fatty acid esters
M217T715_a,148,0.011539719749096148,1.503920789179337,Carbohydrates and carbohydrate conjugates
M217T715_b,149,0.011539719749096148,1.503920789179337,Carbohydrates and carbohydrate conjugates
M137T642_a,150,0.011712384313659504,0.10595044750484585,"Amino acids, peptides, and analogues"
M137T642_b,151,0.011712384313659504,0.10595044750484585,"Amino acids, peptides, and analogues"
M137T642_c,152,0.011712384313659504,0.10595044750484585,"Amino acids, peptides, and analogues"
M137T642_d,153,0.011712384313659504,0.10595044750484585,"Amino acids, peptides, and analogues"
M137T642_e,154,0.011712384313659504,0.10595044750484585,"Amino acids, peptides, and analogues"
M137T642_f,155,0.011712384313659504,0.10595044750484585,"Amino acids, peptides, and analogues"
M226T737,156,0.01177113645304237,1.3868405874248564,"Amino acids, peptides, and analogues"
M306T688,157,0.012219581484229173,0.688136588710073,"Amino acids, peptides, and analogues"
M991T993,158,0.012225013487820973,0.5464272328122758,Carbohydrates and carbohydrate conjugates
M732T1144,159,0.012304081940645318,15.335889997365186,Phosphosphingolipids
M227T536,160,0.012599661002103631,0.7253089017455489,"Amino acids, peptides, and analogues"
M144T675,161,0.012613725926421194,0.7316877822576074,Fatty acids and conjugates
M322T553,162,0.012967357444253426,0.4337832936695743,Hybrid peptides
M329T338,163,0.013008079559819875,0.5671739580080498,"Amino acids, peptides, and analogues"
M180T738_a,164,0.013579676066079247,0.7634515079975844,Fatty acids and conjugates
M180T738_b,165,0.013579676066079247,0.7634515079975844,Fatty acids and conjugates
M180T738_c,166,0.013579676066079247,0.7634515079975844,Medium-chain keto acids and derivatives
M180T738_d,167,0.013579676066079247,0.7634515079975844,Medium-chain keto acids and derivatives
M180T738_e,168,0.013579676066079247,0.7634515079975844,Medium-chain keto acids and derivatives
M180T738_f,169,0.013579676066079247,0.7634515079975844,Fatty alcohols
M180T738_g,170,0.013579676066079247,0.7634515079975844,Fatty acids and conjugates
M180T738_h,171,0.013579676066079247,0.7634515079975844,Fatty acids and conjugates
M180T738_i,172,0.013579676066079247,0.7634515079975844,Fatty acids and conjugates
M180T738_j,173,0.013579676066079247,0.7634515079975844,Fatty acids and conjugates
M325T833,174,0.014000046895739882,1.5077913972840167,Pyrimidine ribonucleotides
M198T613,175,0.014144051871872995,1.380506321444271,"Amino acids, peptides, and analogues"
M342T937,176,0.014211659571097001,0.727769812800815,Carbohydrates and carbohydrate conjugates
M325T289,177,0.014543874443647353,0.6131302502728133,Carbohydrates and carbohydrate conjugates
M342T739,178,0.014761451405158147,0.7800390545688616,Carbohydrates and carbohydrate conjugates
M292T755,179,0.014852133163170021,0.7364959119148404,"Amino acids, peptides, and analogues"
M360T738_a,180,0.015075995083372415,0.6961842983304535,Carbohydrates and carbohydrate conjugates
M360T738_b,181,0.015075995083372415,0.6961842983304535,Carbohydrates and carbohydrate conjugates
M360T738_c,182,0.015075995083372415,0.6961842983304535,Carbohydrates and carbohydrate conjugates
M360T738_d,183,0.015075995083372415,0.6961842983304535,Carbohydrates and carbohydrate conjugates
M360T738_e,184,0.015075995083372415,0.6961842983304535,Carbohydrates and carbohydrate conjugates
M360T738_f,185,0.015075995083372415,0.6961842983304535,Carbohydrates and carbohydrate conjugates
M360T738_g,186,0.015075995083372415,0.6961842983304535,Carbohydrates and carbohydrate conjugates
M360T738_h,187,0.015075995083372415,0.6961842983304535,Carbohydrates and carbohydrate conjugates
M360T738_i,188,0.015075995083372415,0.6961842983304535,Carbohydrates and carbohydrate conjugates
M584T819_a,189,0.015243158074107718,1.6871135299826967,Pyrimidine nucleotide sugars
M584T819_b,190,0.015243158074107718,1.6871135299826967,Pyrimidine nucleotide sugars
M584T819_c,191,0.015243158074107718,1.6871135299826967,Pyrimidine nucleotide sugars
M480T518,192,0.01530785168419243,0.6564516067696798,Pterins and derivatives
M245T67_a,193,0.015550018745686815,0.5610725636537321,"Amino acids, peptides, and analogues"
M245T67_b,194,0.015550018745686815,0.5610725636537321,"Amino acids, peptides, and analogues"
M376T721,195,0.015976233038893697,1.5797628456780979,Carbohydrates and carbohydrate conjugates
M144T652,196,0.016413135260806126,2.220633163758483,Fatty acids and conjugates
M405T820,197,0.016563975721478604,1.5813101234393088,Pyrimidine ribonucleotides
M627T440_1_a,198,0.017251874609895506,1.4869066864349172,"Amino acids, peptides, and analogues"
M627T440_1_b,199,0.017251874609895506,1.4869066864349172,Tricarboxylic acids and derivatives
M627T440_1_c,200,0.017251874609895506,1.4869066864349172,"Amino acids, peptides, and analogues"
M627T440_1_d,201,0.017251874609895506,1.4869066864349172,"Amino acids, peptides, and analogues"
M627T440_1_e,202,0.017251874609895506,1.4869066864349172,Tricarboxylic acids and derivatives
M627T440_1_f,203,0.017251874609895506,1.4869066864349172,Substituted pyrroles
M627T440_1_g,204,0.017251874609895506,1.4869066864349172,Substituted pyrroles
M627T440_1_h,205,0.017251874609895506,1.4869066864349172,Substituted pyrroles
M667T937,206,0.017380083875698185,0.7379244626292206,Carbohydrates and carbohydrate conjugates
M244T807,207,0.01797045441337685,0.8443077807656266,"Amino acids, peptides, and analogues"
M281T79,208,0.018233399310956865,0.7121222729526937,Lineolic acids and derivatives
M816T395,209,0.018330454182177595,2.722489982000907,Phosphosphingolipids
M304T846,210,0.01865790320900395,0.6436359504134621,"Amino acids, peptides, and analogues"
M253T688,211,0.018983289464594856,0.7415695558166484,"Amino acids, peptides, and analogues"
M175T394,212,0.019154781922125216,0.6774033171123648,Purines and purine derivatives
M487T809_a,213,0.019232885360958223,0.8182333256054973,Carbohydrates and carbohydrate conjugates
M487T809_b,214,0.019232885360958223,0.8182333256054973,Carbohydrates and carbohydrate conjugates
M487T809_c,215,0.019232885360958223,0.8182333256054973,Carbohydrates and carbohydrate conjugates
M487T809_d,216,0.019232885360958223,0.8182333256054973,Carbohydrates and carbohydrate conjugates
M487T809_e,217,0.019232885360958223,0.8182333256054973,Carbohydrates and carbohydrate conjugates
M487T809_f,218,0.019232885360958223,0.8182333256054973,Carbohydrates and carbohydrate conjugates
M487T809_g,219,0.019232885360958223,0.8182333256054973,Carbohydrates and carbohydrate conjugates
M487T809_h,220,0.019232885360958223,0.8182333256054973,Carbohydrates and carbohydrate conjugates
M487T809_i,221,0.019232885360958223,0.8182333256054973,Carbohydrates and carbohydrate conjugates
M487T809_j,222,0.019232885360958223,0.8182333256054973,Carbohydrates and carbohydrate conjugates
M249T368,223,0.019311347637194463,0.6661552570525857,"Amino acids, peptides, and analogues"
M166T686,224,0.019360356638643036,0.5877380265673589,"Amino acids, peptides, and analogues"
M482T358,225,0.020463499364010453,1.655935643191442,Glycerophosphoethanolamines
M707T735_a,226,0.020904443592788053,0.8001660801637681,Carbohydrates and carbohydrate conjugates
M707T735_b,227,0.020904443592788053,0.8001660801637681,Carbohydrates and carbohydrate conjugates
M707T735_c,228,0.020904443592788053,0.8001660801637681,Carbohydrates and carbohydrate conjugates
M707T735_d,229,0.020904443592788053,0.8001660801637681,Carbohydrates and carbohydrate conjugates
M707T735_e,230,0.020904443592788053,0.8001660801637681,Carbohydrates and carbohydrate conjugates
M707T735_f,231,0.020904443592788053,0.8001660801637681,Carbohydrates and carbohydrate conjugates
M707T735_g,232,0.020904443592788053,0.8001660801637681,Carbohydrates and carbohydrate conjugates
M707T735_h,233,0.020904443592788053,0.8001660801637681,Carbohydrates and carbohydrate conjugates
M118T559,234,0.02144726721378097,0.34052029937518663,"Amino acids, peptides, and analogues"
M347T564_2,235,0.021719177609816127,0.714125723512906,"Amino acids, peptides, and analogues"
M343T937_a,236,0.021764631716198395,0.8051626931615201,Carbohydrates and carbohydrate conjugates
M343T937_b,237,0.021764631716198395,0.8051626931615201,Carbohydrates and carbohydrate conjugates
M343T937_c,238,0.021764631716198395,0.8051626931615201,Carbohydrates and carbohydrate conjugates
M343T937_d,239,0.021764631716198395,0.8051626931615201,Carbohydrates and carbohydrate conjugates
M343T937_e,240,0.021764631716198395,0.8051626931615201,Carbohydrates and carbohydrate conjugates
M343T937_f,241,0.021764631716198395,0.8051626931615201,Carbohydrates and carbohydrate conjugates
M454T365,242,0.022309171291900277,1.6101546466979355,Glycerophosphoethanolamines
M237T70_a,243,0.022322458576198956,0.7106885208165964,"Amino acids, peptides, and analogues"
M237T70_b,244,0.022322458576198956,0.7106885208165964,"Amino acids, peptides, and analogues"
M347T639_a,245,0.023639172278486352,0.5701555401611448,Carbohydrates and carbohydrate conjugates
M347T639_b,246,0.023639172278486352,0.5701555401611448,Carbohydrates and carbohydrate conjugates
M281T395,247,0.024426089665318937,0.6704362551410186,"Amino acids, peptides, and analogues"
M173T824_a,248,0.02463117902263052,0.5499462571380408,Glycerophosphates
M173T824_b,249,0.02463117902263052,0.5499462571380408,Glycerophosphates
M211T525,250,0.0257139772083416,0.7189493410597001,"Amino acids, peptides, and analogues"
M136T292,251,0.0263546389105163,0.686801027544306,Purines and purine derivatives
M243T606,252,0.026765734112056273,1.492732801070053,Carbonyl compounds
M353T696_a,253,0.028367039795228727,0.6876544755606571,Tetracarboxylic acids and derivatives
M353T696_b,254,0.028367039795228727,0.6876544755606571,Tetracarboxylic acids and derivatives
M353T696_c,255,0.028367039795228727,0.6876544755606571,Carbohydrates and carbohydrate conjugates
M353T696_d,256,0.028367039795228727,0.6876544755606571,Carbohydrates and carbohydrate conjugates
M353T696_e,257,0.028367039795228727,0.6876544755606571,Carbohydrates and carbohydrate conjugates
M353T696_f,258,0.028367039795228727,0.6876544755606571,Fatty acyl glycosides
M353T696_g,259,0.028367039795228727,0.6876544755606571,Fatty acyl glycosides
M353T696_h,260,0.028367039795228727,0.6876544755606571,Fatty acyl glycosides
M353T696_i,261,0.028367039795228727,0.6876544755606571,Carbohydrates and carbohydrate conjugates
M353T696_j,262,0.028367039795228727,0.6876544755606571,Carbohydrates and carbohydrate conjugates
M123T94,263,0.02880400392962402,0.6831530177187142,Pyridinecarboxylic acids and derivatives
M490T674,264,0.029073916983897136,0.8814580843808537,"Amino acids, peptides, and analogues"
M174T418,265,0.0293538771923562,0.7608980693470949,Purines and purine derivatives
M621T429_a,266,0.030243075907668306,0.6031214062773922,Tetracarboxylic acids and derivatives
M621T429_b,267,0.030243075907668306,0.6031214062773922,Tetracarboxylic acids and derivatives
M621T429_c,268,0.030243075907668306,0.6031214062773922,Tetracarboxylic acids and derivatives
M257T682,269,0.03029688137041857,0.8017820219162657,"Amino acids, peptides, and analogues"
M323T691_a,270,0.030905727737673683,0.8175661863803135,Carbohydrates and carbohydrate conjugates
M323T691_b,271,0.030905727737673683,0.8175661863803135,Carbohydrates and carbohydrate conjugates
M323T691_c,272,0.030905727737673683,0.8175661863803135,Carbohydrates and carbohydrate conjugates
M312T555,273,0.031166498250314624,0.7684387453867223,"Amino acids, peptides, and analogues"
M492T808_a,274,0.03143290694727291,0.8586947491548349,Carbohydrates and carbohydrate conjugates
M492T808_b,275,0.03143290694727291,0.8586947491548349,Carbohydrates and carbohydrate conjugates
M492T808_c,276,0.03143290694727291,0.8586947491548349,Carbohydrates and carbohydrate conjugates
M492T808_d,277,0.03143290694727291,0.8586947491548349,Carbohydrates and carbohydrate conjugates
M492T808_e,278,0.03143290694727291,0.8586947491548349,Carbohydrates and carbohydrate conjugates
M788T1151,279,0.03302428953700293,23.510008085510286,Phosphosphingolipids
M290T855_2,280,0.03322088063855968,0.7346161389043732,"Amino acids, peptides, and analogues"
M161T591_a,281,0.034764640629409115,0.7346523366535714,"Amino acids, peptides, and analogues"
M161T591_b,282,0.034764640629409115,0.7346523366535714,"Amino acids, peptides, and analogues"
M146T417,283,0.03567386241440504,0.5544640601154048,Pyridinecarboxylic acids and derivatives
M238T293,284,0.036198312418535765,0.7680319533274412,Carbohydrates and carbohydrate conjugates
M265T330,285,0.03738262372725916,0.587093905320302,"Amino acids, peptides, and analogues"
M524T348_a,286,0.03778205590451811,1.5631292425462833,Glycerophosphocholines
M524T348_b,287,0.03778205590451811,1.5631292425462833,Glycerophosphocholines
M182T560,288,0.03962977583205281,0.8065069438865313,"Amino acids, peptides, and analogues"
M180T454,289,0.041000168106318145,1.4361692694922739,Pyridinecarboxylic acids and derivatives
M291T819,290,0.04104225008072486,1.1921079625197577,"Amino acids, peptides, and analogues"
M524T333_a,291,0.04130805604501921,1.4242857152661275,Glycerophosphocholines
M524T333_b,292,0.04130805604501921,1.4242857152661275,Glycerophosphocholines
M253T430,293,0.042067247629032585,0.7004943464208547,"Amino acids, peptides, and analogues"
M189T735,294,0.042418999187547095,0.883162061680258,"Amino acids, peptides, and analogues"
M363T840,295,0.04249422239232713,1.312309908100188,Cyclic purine nucleotides
M203T478_a,296,0.04284522837073287,0.6840503856642377,"Amino acids, peptides, and analogues"
M203T478_b,297,0.04284522837073287,0.6840503856642377,"Amino acids, peptides, and analogues"
M196T414_a,298,0.04335880585852029,2.4487092681836407,Gamma-keto acids and derivatives
M196T414_b,299,0.04335880585852029,2.4487092681836407,"Amino acids, peptides, and analogues"
M196T414_c,300,0.04335880585852029,2.4487092681836407,Benzoic acids and derivatives
M295T374_a,301,0.04367635747840438,0.6846239712643412,"Amino acids, peptides, and analogues"
M295T374_b,302,0.04367635747840438,0.6846239712643412,"Amino acids, peptides, and analogues"
M344T619_a,303,0.04419495108127837,0.6853545534225975,Carbohydrates and carbohydrate conjugates
M344T619_b,304,0.04419495108127837,0.6853545534225975,Carbohydrates and carbohydrate conjugates
M344T619_c,305,0.04419495108127837,0.6853545534225975,Carbohydrates and carbohydrate conjugates
M344T619_d,306,0.04419495108127837,0.6853545534225975,Carbohydrates and carbohydrate conjugates
M344T619_e,307,0.04419495108127837,0.6853545534225975,Carbohydrates and carbohydrate conjugates
M288T678,308,0.04447536210392929,0.719462582259079,"Amino acids, peptides, and analogues"
M76T609,309,0.04584527045498473,0.6648212808204714,Aminoxides
M560T778,310,0.04608894345134647,0.3848437670357136,Purine nucleotide sugars
M648T810,311,0.047115229569160054,0.8122486988616839,"Amino acids, peptides, and analogues"
M230T688,312,0.048740715271979915,1.8975072245246445,"Amino acids, peptides, and analogues"
M152T518,313,0.04877925039997129,1.3268952922434536,"Amino acids, peptides, and analogues"
M567T56,314,0.04934579133710158,1.5994231752112662,Ceramides
M198T737_a,315,0.049565000990139316,0.778275936469634,Medium-chain hydroxy acids and derivatives
M198T737_b,316,0.049565000990139316,0.778275936469634,Medium-chain hydroxy acids and derivatives
M198T737_c,317,0.049565000990139316,0.778275936469634,Medium-chain hydroxy acids and derivatives
M198T737_d,318,0.049565000990139316,0.778275936469634,Carbohydrates and carbohydrate conjugates
M216T740,319,0.04992698615974988,1.2554368676058865,Glycerophosphoethanolamines
M248T819,320,0.05009606347723824,1.1850508486386462,"Amino acids, peptides, and analogues"
M665T809_2,321,0.05047244988260008,0.8008188742853614,"Amino acids, peptides, and analogues"
M588T728,322,0.0505217514209505,0.6957376296732255,Pyrimidine nucleotide sugars
M130T782_a,323,0.05172749129123477,1.1322909456380732,"Amino acids, peptides, and analogues"
M130T782_b,324,0.05172749129123477,1.1322909456380732,"Amino acids, peptides, and analogues"
M651T826,325,0.05227344713406257,0.8602697035902868,Carbohydrates and carbohydrate conjugates
M303T497,326,0.05232858845153546,0.6697140147605375,"Amino acids, peptides, and analogues"
M370T688_a,327,0.052514368261637225,1.2716714805648985,Tetracarboxylic acids and derivatives
M370T688_b,328,0.052514368261637225,1.2716714805648985,Tetracarboxylic acids and derivatives
M370T688_c,329,0.052514368261637225,1.2716714805648985,Carbohydrates and carbohydrate conjugates
M370T688_d,330,0.052514368261637225,1.2716714805648985,Carbohydrates and carbohydrate conjugates
M370T688_e,331,0.052514368261637225,1.2716714805648985,Fatty acyl glycosides
M370T688_f,332,0.052514368261637225,1.2716714805648985,Fatty acyl glycosides
M370T688_g,333,0.052514368261637225,1.2716714805648985,Fatty acyl glycosides
M370T688_h,334,0.052514368261637225,1.2716714805648985,Carbohydrates and carbohydrate conjugates
M370T688_i,335,0.052514368261637225,1.2716714805648985,Carbohydrates and carbohydrate conjugates
M370T688_j,336,0.052514368261637225,1.2716714805648985,Fatty acyl glycosides
M370T688_k,337,0.052514368261637225,1.2716714805648985,Fatty acyl glycosides
M370T688_l,338,0.052514368261637225,1.2716714805648985,Fatty acyl glycosides
M490T599,339,0.053044754122325864,0.7644554806933358,"Amino acids, peptides, and analogues"
M175T524,340,0.05368697219329615,0.7911932575244676,"Amino acids, peptides, and analogues"
M298T571,341,0.05395811147634636,0.7395155561731974,"Amino acids, peptides, and analogues"
M324T61,342,0.05418531000450641,1.345818045769807,Amines
M598T877_b,343,0.05470304170376883,2.6784862399311544,Pyrimidine nucleotide sugars
M598T877_c,344,0.05470304170376883,2.6784862399311544,Pyrimidine nucleotide sugars
M688T648,345,0.05571526046893025,0.6728994764400189,Purine ribonucleotides
M143T626,346,0.05601472934062903,1.3141214674239716,"Amino acids, peptides, and analogues"
M198T622_a,347,0.0580803216541298,1.690853551214845,"Amino acids, peptides, and analogues"
M198T622_b,348,0.0580803216541298,1.690853551214845,"Amino acids, peptides, and analogues"
M198T622_c,349,0.0580803216541298,1.690853551214845,"Amino acids, peptides, and analogues"
M245T824_a,350,0.05844876276033554,1.283956777797419,"Amino acids, peptides, and analogues"
M245T824_b,351,0.05844876276033554,1.283956777797419,"Amino acids, peptides, and analogues"
M245T824_c,352,0.05844876276033554,1.283956777797419,"Amino acids, peptides, and analogues"
M338T57_2,353,0.06024229539853556,1.8604811461188793,Fatty amides
M230T279_1,354,0.06049350284313384,1.8185976228734522,"Amino acids, peptides, and analogues"
M405T877,355,0.060512295413119206,2.317623895469978,Pyrimidine ribonucleotides
M147T560_a,356,0.061663747899530434,0.8334120361343593,Phenylpyruvic acid derivatives
M147T560_b,357,0.061663747899530434,0.8334120361343593,Phenylpyruvic acid derivatives
M147T560_c,358,0.061663747899530434,0.8334120361343593,Hydroxycinnamic acids and derivatives
M147T560_d,359,0.061663747899530434,0.8334120361343593,Hydroxycinnamic acids and derivatives
M147T560_e,360,0.061663747899530434,0.8334120361343593,Hydroxycinnamic acids and derivatives
M496T353,361,0.06184184915472524,1.464443854478926,Glycerophosphocholines
M241T778,362,0.06187515771895708,0.8438507208892803,Hybrid peptides
M378T690,363,0.06346554689668646,1.3699555781311477,"Amino acids, peptides, and analogues"
M219T549,364,0.06350842090301367,0.8542553609994596,"Amino acids, peptides, and analogues"
M261T892_a,365,0.06383118799753963,1.523100383635139,Carbohydrates and carbohydrate conjugates
M261T892_b,366,0.06383118799753963,1.523100383635139,Carbohydrates and carbohydrate conjugates
M261T892_c,367,0.06383118799753963,1.523100383635139,Carbohydrates and carbohydrate conjugates
M522T340,368,0.06548566624607868,1.4125423805158863,Glycerophosphocholines
M314T771,369,0.0656991726962252,0.8527200792523567,"Amino acids, peptides, and analogues"
M216T637,370,0.06668914582922413,1.2640793432265294,Carbohydrates and carbohydrate conjugates
M319T556,371,0.06950103227430784,0.7975328226544712,"Amino acids, peptides, and analogues"
M247T695,372,0.07056737871611189,1.2628664189794365,"Amino acids, peptides, and analogues"
M298T598,373,0.07107735006499612,0.7186538803374413,"Amino acids, peptides, and analogues"
M339T832_a,374,0.07485127904583194,0.8160230689359953,Fatty acyl glycosides
M339T832_b,375,0.07485127904583194,0.8160230689359953,Fatty acyl glycosides
M339T832_c,376,0.07485127904583194,0.8160230689359953,Carbohydrates and carbohydrate conjugates
M299T573_1,377,0.0754841564387439,1.4814181174712633,"Amino acids, peptides, and analogues"
M393T458,378,0.0772986126304701,1.4174806429801619,"Amino acids, peptides, and analogues"
M288T629_a,379,0.07932504918158281,0.7761078395775367,"Amino acids, peptides, and analogues"
M288T629_b,380,0.07932504918158281,0.7761078395775367,"Amino acids, peptides, and analogues"
M386T76,381,0.07978598186983091,0.6716593627226928,Amines
M291T872_2,382,0.0805432392041668,0.757610605931761,"Amino acids, peptides, and analogues"
M347T773,383,0.08101916552701921,0.6150960746949597,"Amino acids, peptides, and analogues"
M163T635_a,384,0.0816714429209226,0.7754074996256669,"Amino acids, peptides, and analogues"
M163T635_b,385,0.0816714429209226,0.7754074996256669,"Amino acids, peptides, and analogues"
M447T832,386,0.08372434884559543,1.1918795906561808,Pyrimidine ribonucleotides
M134T749_a,387,0.08435948171498402,0.6682784998525615,"Amino acids, peptides, and analogues"
M134T749_b,388,0.08435948171498402,0.6682784998525615,"Amino acids, peptides, and analogues"
M283T478,389,0.0846111345661643,0.7188869298704514,"Amino acids, peptides, and analogues"
M122T536_a,390,0.08461378777780922,0.6705392219780185,Alpha hydroxy acids and derivatives
M122T536_b,391,0.08461378777780922,0.6705392219780185,Fatty acids and conjugates
M122T536_c,392,0.08461378777780922,0.6705392219780185,Beta hydroxy acids and derivatives
M122T536_d,393,0.08461378777780922,0.6705392219780185,Beta hydroxy acids and derivatives
M122T536_e,394,0.08461378777780922,0.6705392219780185,Beta hydroxy acids and derivatives
M122T536_f,395,0.08461378777780922,0.6705392219780185,Beta hydroxy acids and derivatives
M466T569,396,0.08543824982760322,0.7823397595419683,"Amino acids, peptides, and analogues"
M276T801,397,0.08573615339126323,0.8358917260941034,"Amino acids, peptides, and analogues"
M597T635,398,0.08656246513955113,0.7566438373589858,Pyrimidine nucleotide sugars
M816T444,399,0.08703099929078469,2.4153545647841765,Phosphosphingolipids
M129T679,400,0.08714477976174642,0.7471986277153382,"Amino acids, peptides, and analogues"
M249T774_a,401,0.08729592571169316,1.3816647296475133,"Amino acids, peptides, and analogues"
M249T774_b,402,0.08729592571169316,1.3816647296475133,"Amino acids, peptides, and analogues"
M249T774_c,403,0.08729592571169316,1.3816647296475133,"Amino acids, peptides, and analogues"
M228T568,404,0.08906692611560246,0.8428596826364312,"Amino acids, peptides, and analogues"
M386T822,405,0.08915459498479188,1.2492715375224637,Carbohydrates and carbohydrate conjugates
M472T682,406,0.08933634710079032,0.8618820801977829,Pterins and derivatives
M219T757,407,0.09014927840897274,1.1582839967816152,"Amino acids, peptides, and analogues"
M147T721,408,0.09204854037569896,1.124707888577207,"Amino acids, peptides, and analogues"
M188T412,409,0.09320538184125363,1.4756778343142611,Alcohols and polyols
M153T146,410,0.09462248292830878,0.44273538234695026,Pyridinecarboxylic acids and derivatives
M313T682,411,0.09555792685939542,0.8411648976225765,Carbohydrates and carbohydrate conjugates
M131T475_a,412,0.09705452041846899,0.8067363292754897,Cinnamic acids
M131T475_b,413,0.09705452041846899,0.8067363292754897,"Amino acids, peptides, and analogues"
M269T541_a,414,0.0992090153815822,0.7391791669259221,"Amino acids, peptides, and analogues"
M269T541_b,415,0.0992090153815822,0.7391791669259221,"Amino acids, peptides, and analogues"
M269T541_c,416,0.0992090153815822,0.7391791669259221,"Amino acids, peptides, and analogues"
M152T576_a,417,0.1003247586824306,0.8036790611921427,"Amino acids, peptides, and analogues"
M152T576_b,418,0.1003247586824306,0.8036790611921427,"Amino acids, peptides, and analogues"
M261T864,419,0.10034609519143757,1.3401415262923078,Carbohydrates and carbohydrate conjugates
M116T582_2,420,0.10239892070251215,0.8227794498580457,"Amino acids, peptides, and analogues"
M596T469_a,421,0.10383598509442703,1.4547385003610724,"Bile acids, alcohols and derivatives"
M596T469_b,422,0.10383598509442703,1.4547385003610724,"Bile acids, alcohols and derivatives"
M596T469_c,423,0.10383598509442703,1.4547385003610724,"Bile acids, alcohols and derivatives"
M596T469_d,424,0.10383598509442703,1.4547385003610724,"Bile acids, alcohols and derivatives"
M596T469_e,425,0.10383598509442703,1.4547385003610724,"Bile acids, alcohols and derivatives"
M307T511,426,0.10766636395396693,0.8235466095970991,Cyclic pyrimidine nucleotides
M269T710,427,0.10873477218021975,0.7575518225991859,"Amino acids, peptides, and analogues"
M613T929,428,0.11277580139176649,0.8730205087794571,"Amino acids, peptides, and analogues"
M176T745,429,0.11334803292089199,0.608266434423277,"Amino acids, peptides, and analogues"
M816T1158,430,0.115125188903898,9.594031858631244,Phosphosphingolipids
M118T507_2,431,0.11728461110489743,0.8555002740155982,"Amino acids, peptides, and analogues"
M246T718,432,0.11832549742076445,0.8384804040599607,"Amino acids, peptides, and analogues"
M171T303,433,0.11859967986006681,0.5698025528779497,Cinnamic acids
M355T766,434,0.11933078535959053,0.8287388527003196,"Amino acids, peptides, and analogues"
M322T583,435,0.12009512004504998,0.7788987486174367,"Amino acids, peptides, and analogues"
M232T571,436,0.12021980814874807,0.8455477204149643,"Amino acids, peptides, and analogues"
M205T535,437,0.12231736243047349,0.20397629486970267,"Amino acids, peptides, and analogues"
M1170T937,438,0.1245370545533652,0.7326623367769998,Carbohydrates and carbohydrate conjugates
M231T790,439,0.12458310573431922,0.8205028080108194,"Amino acids, peptides, and analogues"
M468T361,440,0.12650100948137252,1.1584305108768367,Glycerophosphocholines
M590T791_a,441,0.12717077336495933,0.8275072035962446,Pyrimidine nucleotide sugars
M590T791_b,442,0.12717077336495933,0.8275072035962446,Pyrimidine nucleotide sugars
M332T557,443,0.1285510050356407,0.8726791421504142,Carbohydrates and carbohydrate conjugates
M219T485_a,444,0.129888282702903,0.796129348815476,"Amino acids, peptides, and analogues"
M219T485_b,445,0.129888282702903,0.796129348815476,"Amino acids, peptides, and analogues"
M358T736_a,446,0.13243819822325897,0.798592117173334,Carbohydrates and carbohydrate conjugates
M358T736_b,447,0.13243819822325897,0.798592117173334,Carbohydrates and carbohydrate conjugates
M358T736_c,448,0.13243819822325897,0.798592117173334,Carbohydrates and carbohydrate conjugates
M787T261,449,0.13475346186102555,0.8114661287133812,Glycerophosphocholines
M500T611,450,0.1366337171613932,1.3117085020483878,"Amino acids, peptides, and analogues"
M222T480_a,451,0.13703857038780867,0.7041557396161895,Carbohydrates and carbohydrate conjugates
M222T480_b,452,0.13703857038780867,0.7041557396161895,Carbohydrates and carbohydrate conjugates
M201T498,453,0.13741381446675427,0.5078867154194104,Phenylpyruvic acid derivatives
M243T860_a,454,0.13784825370476791,1.266956249203919,Carbonyl compounds
M180T816_a,455,0.1447453830323202,0.7835091465723891,Fatty acids and conjugates
M180T816_b,456,0.1447453830323202,0.7835091465723891,Fatty acids and conjugates
M180T816_c,457,0.1447453830323202,0.7835091465723891,Fatty acids and conjugates
M221T771,458,0.1460799792334446,0.8306862020434381,"Amino acids, peptides, and analogues"
M276T858,459,0.14637868405665153,0.8781158718853965,"Amino acids, peptides, and analogues"
M521T787,460,0.14682236829296913,1.1448816341797634,"Amino acids, peptides, and analogues"
M298T748,461,0.14686843892232482,1.200328696457881,"Amino acids, peptides, and analogues"
M640T915_a,462,0.1482672555964169,0.6678351155022835,Purine nucleotide sugars
M640T915_b,463,0.1482672555964169,0.6678351155022835,Purine nucleotide sugars
M640T915_c,464,0.1482672555964169,0.6678351155022835,Purine nucleotide sugars
M640T915_d,465,0.1482672555964169,0.6678351155022835,Purine nucleotide sugars
M290T555,466,0.14974702481513127,2.014879623815073,"Amino acids, peptides, and analogues"
M516T315,467,0.1500099964686963,0.5860832790146883,"Bile acids, alcohols and derivatives"
M166T474_2_a,468,0.1517894864381856,0.8185006199991479,"Amino acids, peptides, and analogues"
M166T474_2_b,469,0.1517894864381856,0.8185006199991479,"Amino acids, peptides, and analogues"
M288T369,470,0.1534544808702069,0.8086716682794165,Fatty acid esters
M239T511_a,471,0.15387440112001666,0.812247613558475,"Amino acids, peptides, and analogues"
M239T511_b,472,0.15387440112001666,0.812247613558475,"Amino acids, peptides, and analogues"
M150T526,473,0.15689861639778832,0.824055821179774,"Amino acids, peptides, and analogues"
M620T443_a,474,0.15729901913102742,1.2028383074076474,Substituted pyrroles
M620T443_b,475,0.15729901913102742,1.2028383074076474,Substituted pyrroles
M620T443_c,476,0.15729901913102742,1.2028383074076474,Substituted pyrroles
M620T443_d,477,0.15729901913102742,1.2028383074076474,Substituted pyrroles
M620T443_e,478,0.15729901913102742,1.2028383074076474,Substituted pyrroles
M620T443_f,479,0.15729901913102742,1.2028383074076474,Substituted pyrroles
M620T443_g,480,0.15729901913102742,1.2028383074076474,"Amino acids, peptides, and analogues"
M620T443_h,481,0.15729901913102742,1.2028383074076474,Substituted pyrroles
M620T443_i,482,0.15729901913102742,1.2028383074076474,Substituted pyrroles
M118T673_a,483,0.15730641228428566,0.8157770227153134,Carbonyl compounds
M118T673_b,484,0.15730641228428566,0.8157770227153134,"Amino acids, peptides, and analogues"
M158T587,485,0.15789042263033892,0.868627002194774,"Amino acids, peptides, and analogues"
M191T596,486,0.16130587839997543,0.8080594357237205,"Amino acids, peptides, and analogues"
M115T478_a,487,0.1635240198082422,0.7938864871303878,Imidazolines
M115T478_b,488,0.1635240198082422,0.7938864871303878,"Amino acids, peptides, and analogues"
M190T435,489,0.16683617923285116,1.6386347017215945,"Amino acids, peptides, and analogues"
M114T309,490,0.16722382684984083,0.5000256741136598,"Amino acids, peptides, and analogues"
M554T801_a,491,0.1673422695368263,1.2335397901330942,Pyrimidine ribonucleotides
M554T801_b,492,0.1673422695368263,1.2335397901330942,Pyrimidine ribonucleotides
M554T801_c,493,0.1673422695368263,1.2335397901330942,Pyrimidine nucleotide sugars
M554T801_d,494,0.1673422695368263,1.2335397901330942,Pyrimidine ribonucleotides
M163T567_a,495,0.16789907718903124,1.2788043867197447,Medium-chain keto acids and derivatives
M163T567_b,496,0.16789907718903124,1.2788043867197447,Medium-chain keto acids and derivatives
M163T567_c,497,0.16789907718903124,1.2788043867197447,Medium-chain keto acids and derivatives
M163T567_d,498,0.16789907718903124,1.2788043867197447,Gamma butyrolactones
M163T567_e,499,0.16789907718903124,1.2788043867197447,Carbohydrates and carbohydrate conjugates
M163T567_f,500,0.16789907718903124,1.2788043867197447,Fatty acids and conjugates
M163T567_g,501,0.16789907718903124,1.2788043867197447,Fatty acids and conjugates
M267T415,502,0.16822078467271126,1.252715257209892,"Amino acids, peptides, and analogues"
M494T518,503,0.1689462372157088,0.6855276656196833,Anilides
M184T72,504,0.16934195108460073,0.8085593232564077,Pyridinecarboxylic acids and derivatives
M110T641,505,0.17096647665363254,1.3346440699880051,Sulfinic acids
M255T575_a,506,0.17167179275918468,0.8396025414205825,"Amino acids, peptides, and analogues"
M255T575_b,507,0.17167179275918468,0.8396025414205825,"Amino acids, peptides, and analogues"
M188T471,508,0.17216635331181163,0.5387418479877866,Fatty acids and conjugates
M267T387,509,0.17290782606594665,0.7598375737232926,"Amino acids, peptides, and analogues"
M102T733,510,0.17378392928611802,0.7433307002853385,"Amino acids, peptides, and analogues"
M247T517,511,0.1782915593603624,0.7839737301092233,"Amino acids, peptides, and analogues"
M330T570_a,512,0.1807540857900505,0.9203897970166979,Carbohydrates and carbohydrate conjugates
M330T570_b,513,0.1807540857900505,0.9203897970166979,Carbohydrates and carbohydrate conjugates
M330T570_c,514,0.1807540857900505,0.9203897970166979,Carbohydrates and carbohydrate conjugates
M330T570_d,515,0.1807540857900505,0.9203897970166979,Carbohydrates and carbohydrate conjugates
M288T611,516,0.18081787590049903,0.5615868980949091,Thiohydroximic acids
M205T477,517,0.18105733528727708,0.7301966049284241,Indolyl carboxylic acids and derivatives
M173T704,518,0.18303634516703557,0.8638898531452793,"Amino acids, peptides, and analogues"
M112T382,519,0.18750817923961072,0.8168262377320008,Pyrimidines and pyrimidine derivatives
M554T308,520,0.1902662943596187,0.7836938004214965,"Bile acids, alcohols and derivatives"
M318T798,521,0.19134373849302774,0.8188605248987793,Fatty acyl glycosides
M348T817,522,0.19255345969583096,1.2677704483903078,Purine ribonucleotides
M204T571,523,0.19262551739882333,2.1097933052366953,Fatty acid esters
M159T492,524,0.19266490965147648,1.1687053795997164,"Amino acids, peptides, and analogues"
M263T430,525,0.1951283019398827,0.869803062229422,"Amino acids, peptides, and analogues"
M293T821,526,0.1958016471011029,1.3135830777687143,Tetracarboxylic acids and derivatives
M357T746,527,0.19767301429069614,0.864727173238341,Carbohydrates and carbohydrate conjugates
M240T513,528,0.19807661599385185,1.144108988227313,Pterins and derivatives
M283T79,529,0.1985765553642632,1.1863117353350199,Retinoids
M148T734,530,0.20070662046956078,0.8064717375560718,"Amino acids, peptides, and analogues"
M191T577_a,531,0.201411805892364,0.830472410432677,"Amino acids, peptides, and analogues"
M191T577_b,532,0.201411805892364,0.830472410432677,"Amino acids, peptides, and analogues"
M524T788,533,0.20306045527250313,0.7950087887177324,Carbohydrates and carbohydrate conjugates
M292T867,534,0.20924411479977015,0.661936509138298,Carbohydrates and carbohydrate conjugates
M511T725_b,535,0.21137500809415058,1.1947170167914571,Carbohydrates and carbohydrate conjugates
M284T250,536,0.21283537512495765,1.2695353888621101,Amines
M399T591_a,537,0.2148181029806789,0.8317457919587035,Carbohydrates and carbohydrate conjugates
M399T591_b,538,0.2148181029806789,0.8317457919587035,Carbohydrates and carbohydrate conjugates
M399T591_c,539,0.2148181029806789,0.8317457919587035,Carbohydrates and carbohydrate conjugates
M244T521,540,0.21789904197301968,0.7667686528813198,Carbohydrates and carbohydrate conjugates
M246T755,541,0.2224625647342422,0.8516335035170232,"Amino acids, peptides, and analogues"
M198T480_a,542,0.2249666833306666,1.269921209129042,"Amino acids, peptides, and analogues"
M198T480_b,543,0.2249666833306666,1.269921209129042,"Amino acids, peptides, and analogues"
M198T480_c,544,0.2249666833306666,1.269921209129042,"Amino acids, peptides, and analogues"
M203T525_a,545,0.22684135844659303,0.8710134352040894,Alcohols and polyols
M203T525_b,546,0.22684135844659303,0.8710134352040894,Alcohols and polyols
M203T525_c,547,0.22684135844659303,0.8710134352040894,Carbohydrates and carbohydrate conjugates
M203T525_d,548,0.22684135844659303,0.8710134352040894,Carbohydrates and carbohydrate conjugates
M203T525_e,549,0.22684135844659303,0.8710134352040894,Carbohydrates and carbohydrate conjugates
M203T525_f,550,0.22684135844659303,0.8710134352040894,Carbohydrates and carbohydrate conjugates
M203T525_g,551,0.22684135844659303,0.8710134352040894,Carbohydrates and carbohydrate conjugates
M203T525_h,552,0.22684135844659303,0.8710134352040894,Carbohydrates and carbohydrate conjugates
M203T525_i,553,0.22684135844659303,0.8710134352040894,Carbohydrates and carbohydrate conjugates
M203T525_j,554,0.22684135844659303,0.8710134352040894,Carbohydrates and carbohydrate conjugates
M203T525_k,555,0.22684135844659303,0.8710134352040894,Carbohydrates and carbohydrate conjugates
M203T525_l,556,0.22684135844659303,0.8710134352040894,Carbohydrates and carbohydrate conjugates
M203T525_m,557,0.22684135844659303,0.8710134352040894,Carbohydrates and carbohydrate conjugates
M203T525_n,558,0.22684135844659303,0.8710134352040894,Carbohydrates and carbohydrate conjugates
M212T605,559,0.22821810892469643,0.7372658807908846,"Amino acids, peptides, and analogues"
M228T557_a,560,0.22979035398343473,1.2286733858659176,Phenylpyruvic acid derivatives
M228T557_b,561,0.22979035398343473,1.2286733858659176,Phenylpyruvic acid derivatives
M495T515,562,0.23185495999430403,0.8373831965264563,Pterins and derivatives
M146T671,563,0.23878815704715642,1.1526454018191241,"Amino acids, peptides, and analogues"
M426T354,564,0.24326716075926902,0.707617293979048,"Bile acids, alcohols and derivatives"
M295T623,565,0.24692410334442724,0.8278512429092465,"Amino acids, peptides, and analogues"
M328T740_a,566,0.24871004145464315,1.20159992094251,"Amino acids, peptides, and analogues"
M328T740_c,567,0.24871004145464315,1.20159992094251,"Amino acids, peptides, and analogues"
M466T460,568,0.24887710539472355,1.4032670102667064,"Bile acids, alcohols and derivatives"
M327T619_a,569,0.25010708031409035,0.694932449380403,Carbohydrates and carbohydrate conjugates
M327T619_b,570,0.25010708031409035,0.694932449380403,Carbohydrates and carbohydrate conjugates
M327T619_c,571,0.25010708031409035,0.694932449380403,Carbohydrates and carbohydrate conjugates
M327T619_d,572,0.25010708031409035,0.694932449380403,Carbohydrates and carbohydrate conjugates
M327T619_e,573,0.25010708031409035,0.694932449380403,Carbohydrates and carbohydrate conjugates
M317T656,574,0.25116430992869687,1.0676982622923668,"Amino acids, peptides, and analogues"
M260T1033_a,575,0.2541527821801777,0.8136443294853043,"Amino acids, peptides, and analogues"
M260T1033_b,576,0.2541527821801777,0.8136443294853043,"Amino acids, peptides, and analogues"
M238T476,577,0.2544643668887661,1.0685558972379325,Pterins and derivatives
M829T973,578,0.2545482648956477,0.8586728870747998,Carbohydrates and carbohydrate conjugates
M300T62,579,0.2581166780975905,1.1685728512669424,Carboximidic acids
M189T717_b,580,0.2659610943706128,1.092679948540445,Beta lactams
M189T717_c,581,0.2659610943706128,1.092679948540445,"Amino acids, peptides, and analogues"
M90T625,582,0.2684788314046343,0.8582249167370293,"Amino acids, peptides, and analogues"
M1029T854,583,0.271803601703977,0.8946280122730353,Carbohydrates and carbohydrate conjugates
M282T193_a,584,0.27207456800979907,0.8037464113566759,Amines
M282T193_b,585,0.27207456800979907,0.8037464113566759,Carbonyl compounds
M308T743,586,0.272090133865026,0.6965983556926356,"Amino acids, peptides, and analogues"
M787T242,587,0.27644968930786823,0.8674378962868875,Glycerophosphocholines
M233T743,588,0.2797387216570072,0.7144420500108621,"Amino acids, peptides, and analogues"
M175T739_2_a,589,0.28070913817089,0.7961756011865976,"Amino acids, peptides, and analogues"
M175T739_2_b,590,0.28070913817089,0.7961756011865976,"Amino acids, peptides, and analogues"
M444T730,591,0.28103560144568224,0.8894923828426939,"Amino acids, peptides, and analogues"
M227T761,592,0.2845939475449036,1.1400426550891372,"Amino acids, peptides, and analogues"
M184T549_a,593,0.2903511647633936,0.9020087660280665,"Amino acids, peptides, and analogues"
M184T549_b,594,0.2903511647633936,0.9020087660280665,"Amino acids, peptides, and analogues"
M184T549_c,595,0.2903511647633936,0.9020087660280665,"Amino acids, peptides, and analogues"
M184T549_d,596,0.2903511647633936,0.9020087660280665,"Amino acids, peptides, and analogues"
M184T549_e,597,0.2903511647633936,0.9020087660280665,"Amino acids, peptides, and analogues"
M347T739_1,598,0.2948339590741772,0.7906239109394568,Carbohydrates and carbohydrate conjugates
M245T524_a,599,0.29579784123163305,1.189264303783691,"Amino acids, peptides, and analogues"
M245T524_b,600,0.29579784123163305,1.189264303783691,Dicarboxylic acids and derivatives
M349T718_a,601,0.2963145796820006,0.7809459794351826,Carbohydrates and carbohydrate conjugates
M349T718_b,602,0.2963145796820006,0.7809459794351826,Carbohydrates and carbohydrate conjugates
M349T718_c,603,0.2963145796820006,0.7809459794351826,Carbohydrates and carbohydrate conjugates
M349T718_d,604,0.2963145796820006,0.7809459794351826,Carbohydrates and carbohydrate conjugates
M349T718_e,605,0.2963145796820006,0.7809459794351826,Carbohydrates and carbohydrate conjugates
M347T529_a,606,0.29832834331472063,0.8626646900768757,Carbohydrates and carbohydrate conjugates
M347T529_b,607,0.29832834331472063,0.8626646900768757,Carbohydrates and carbohydrate conjugates
M347T529_c,608,0.29832834331472063,0.8626646900768757,Carbohydrates and carbohydrate conjugates
M286T703,609,0.30054423964722166,0.8998182118349343,Fatty acyl glycosides
M198T577,610,0.3068560103708145,0.8102790793406474,"Amino acids, peptides, and analogues"
M448T306,611,0.3209784867132427,1.2277256177589215,Phosphosphingolipids
M276T769,612,0.3213315472720162,0.933125982874388,"Amino acids, peptides, and analogues"
M238T573_a,613,0.3309396214862286,0.888024642227787,Benzoic acids and derivatives
M238T573_b,614,0.3309396214862286,0.888024642227787,Benzoic acids and derivatives
M124T392,615,0.33402436348449493,0.8683025984857637,Pyridinecarboxylic acids and derivatives
M180T556_a,616,0.3355393635470172,0.9360365094177735,Alcohols and polyols
M180T556_b,617,0.3355393635470172,0.9360365094177735,Carbohydrates and carbohydrate conjugates
M180T556_c,618,0.3355393635470172,0.9360365094177735,Carbohydrates and carbohydrate conjugates
M132T648_2,619,0.3362549017653116,0.8785862462490173,"Amino acids, peptides, and analogues"
M253T737,620,0.3457634944350939,0.8593850461568849,"Amino acids, peptides, and analogues"
M159T520_a,621,0.34621428274834265,0.8503712435109021,Medium-chain hydroxy acids and derivatives
M159T520_b,622,0.34621428274834265,0.8503712435109021,Fatty acids and conjugates
M285T79_a,623,0.34814957141467895,0.7956953514138728,O-methylated isoflavonoids
M285T79_b,624,0.34814957141467895,0.7956953514138728,Isoflav-2-enes
M245T422,625,0.3494278489628162,1.62742942973529,"Amino acids, peptides, and analogues"
M220T680,626,0.3511504992842276,0.904265203779026,"Amino acids, peptides, and analogues"
M137T308_2,627,0.3557086223260686,0.9174440357371,Purines and purine derivatives
M294T476,628,0.35682845641079486,0.843269060080913,"Amino acids, peptides, and analogues"
M320T761,629,0.3569766362801431,0.9233979479574788,"Amino acids, peptides, and analogues"
M422T720_b,630,0.3571347687331118,0.921239750613915,Carbohydrates and carbohydrate conjugates
M422T720_c,631,0.3571347687331118,0.921239750613915,Carbohydrates and carbohydrate conjugates
M422T720_d,632,0.3571347687331118,0.921239750613915,Carbohydrates and carbohydrate conjugates
M469T645,633,0.3586143144047059,0.9160056836769881,Carbohydrates and carbohydrate conjugates
M169T492,634,0.3615909183853213,1.2924627009085112,"Amino acids, peptides, and analogues"
M217T390,635,0.36171843962515404,1.7089283499987116,"Amino acids, peptides, and analogues"
M335T809_a,636,0.3627170090257573,0.8903273059612075,Carbohydrates and carbohydrate conjugates
M335T809_b,637,0.3627170090257573,0.8903273059612075,Carbohydrates and carbohydrate conjugates
M335T809_c,638,0.3627170090257573,0.8903273059612075,Carbohydrates and carbohydrate conjugates
M104T81,639,0.36544150581473056,0.8976947879547008,"Amino acids, peptides, and analogues"
M457T395_a,640,0.3698352239436993,0.7935891128262775,Alloxazines and isoalloxazines
M457T395_b,641,0.3698352239436993,0.7935891128262775,Alloxazines and isoalloxazines
M457T395_c,642,0.3698352239436993,0.7935891128262775,Alloxazines and isoalloxazines
M457T395_d,643,0.3698352239436993,0.7935891128262775,Alloxazines and isoalloxazines
M187T689,644,0.37986196963486274,0.9030129129028288,"Amino acids, peptides, and analogues"
M194T572,645,0.3798892632872334,1.0741262251597772,"Amino acids, peptides, and analogues"
M162T671_2,646,0.38063169931072804,0.9568121642177819,Quaternary ammonium salts
M227T606_a,647,0.38664868524567786,1.086645744194839,"Amino acids, peptides, and analogues"
M227T606_b,648,0.38664868524567786,1.086645744194839,"Amino acids, peptides, and analogues"
M418T728,649,0.3877381057973549,1.2184755063887258,"Amino acids, peptides, and analogues"
M246T1064,650,0.39154121682862053,1.094618100191976,"Amino acids, peptides, and analogues"
M344T567,651,0.3943857367967162,0.8034128416320774,"Amino acids, peptides, and analogues"
M213T596_a,652,0.3974274073266557,0.6956296071583588,"Amino acids, peptides, and analogues"
M213T596_b,653,0.3974274073266557,0.6956296071583588,"Amino acids, peptides, and analogues"
M213T596_c,654,0.3974274073266557,0.6956296071583588,Gamma-keto acids and derivatives
M213T596_d,655,0.3974274073266557,0.6956296071583588,Benzoic acids and derivatives
M217T697,656,0.39742979147253554,0.9254152937821583,"Amino acids, peptides, and analogues"
M307T583_a,657,0.3978030070080001,0.8875334700560908,Phosphate esters
M307T583_b,658,0.3978030070080001,0.8875334700560908,"Amino acids, peptides, and analogues"
M672T310_a,659,0.398475367531388,1.5056848603203279,Steroidal glycosides
M672T310_b,660,0.398475367531388,1.5056848603203279,Steroidal glycosides
M672T310_c,661,0.398475367531388,1.5056848603203279,Steroidal glycosides
M672T310_d,662,0.398475367531388,1.5056848603203279,Steroidal glycosides
M326T61,663,0.4017883589744453,1.1040543078466343,Amines
M358T696,664,0.406499747966213,0.8661572936761371,"Amino acids, peptides, and analogues"
M386T568,665,0.4069383054335829,0.9011472599023186,"Amino acids, peptides, and analogues"
M264T571,666,0.4107406781667198,0.9031764512763983,"Amino acids, peptides, and analogues"
M181T455_a,667,0.41438459338505484,0.8006175493692534,"Amino acids, peptides, and analogues"
M181T455_b,668,0.41438459338505484,0.8006175493692534,"Amino acids, peptides, and analogues"
M181T455_c,669,0.41438459338505484,0.8006175493692534,"Amino acids, peptides, and analogues"
M181T455_d,670,0.41438459338505484,0.8006175493692534,"Amino acids, peptides, and analogues"
M354T479_a,671,0.41540262319324095,1.1041883265675745,Phenylacetaldehydes
M354T479_b,672,0.41540262319324095,1.1041883265675745,Benzenediols
M497T633_a,673,0.42213500950077265,1.176486154749199,"Amino acids, peptides, and analogues"
M497T633_b,674,0.42213500950077265,1.176486154749199,"Amino acids, peptides, and analogues"
M497T633_c,675,0.42213500950077265,1.176486154749199,"Amino acids, peptides, and analogues"
M497T633_d,676,0.42213500950077265,1.176486154749199,"Amino acids, peptides, and analogues"
M389T778_a,677,0.42356317223085616,0.8278257149712679,Carbohydrates and carbohydrate conjugates
M389T778_b,678,0.42356317223085616,0.8278257149712679,1-ribosyl-imidazolecarboxamides
M320T716,679,0.42661542355524684,1.3677655646391862,"Amino acids, peptides, and analogues"
M88T587,680,0.4287076252286989,0.9377443340284882,"Amino acids, peptides, and analogues"
M243T42,681,0.43614793553863684,1.1465992901832716,Isoflavans
M284T685,682,0.436625795783402,0.910395172592637,"Amino acids, peptides, and analogues"
M388T685_a,683,0.4366862111219504,0.8600153041669062,"Amino acids, peptides, and analogues"
M388T685_b,684,0.4366862111219504,0.8600153041669062,"Amino acids, peptides, and analogues"
M670T919,685,0.4412324979222374,0.8627769972444601,Purine nucleotide sugars
M147T696_2,686,0.44304920991977303,1.0721923883011548,"Amino acids, peptides, and analogues"
M148T693_a,687,0.4441874213869802,0.9332980298746356,"Amino acids, peptides, and analogues"
M148T693_b,688,0.4441874213869802,0.9332980298746356,"Amino acids, peptides, and analogues"
M353T383,689,0.44712924767661344,0.5785791365225246,Eicosanoids
M561T682,690,0.45413790093070794,0.9227572932015218,Pyrimidine nucleotide sugars
M219T869,691,0.45420290871581737,1.040043452979565,"Amino acids, peptides, and analogues"
M255T723,692,0.4560504982326774,0.9233384487167724,"Amino acids, peptides, and analogues"
M465T701,693,0.46080349011017085,1.0702468371328402,"Amino acids, peptides, and analogues"
M224T492,694,0.4624760397547749,1.2415623318021056,Tricarboxylic acids and derivatives
M231T831_a,695,0.46479348735704207,0.921089292166823,Carbohydrates and carbohydrate conjugates
M231T831_b,696,0.46479348735704207,0.921089292166823,Carbohydrates and carbohydrate conjugates
M231T831_c,697,0.46479348735704207,0.921089292166823,Carbohydrates and carbohydrate conjugates
M231T831_d,698,0.46479348735704207,0.921089292166823,Carbohydrates and carbohydrate conjugates
M231T831_e,699,0.46479348735704207,0.921089292166823,Carbohydrates and carbohydrate conjugates
M231T831_f,700,0.46479348735704207,0.921089292166823,Carbohydrates and carbohydrate conjugates
M231T831_g,701,0.46479348735704207,0.921089292166823,Carbohydrates and carbohydrate conjugates
M231T831_h,702,0.46479348735704207,0.921089292166823,Carbohydrates and carbohydrate conjugates
M350T633_a,703,0.46757826783596257,1.097272616192839,"Amino acids, peptides, and analogues"
M350T633_b,704,0.46757826783596257,1.097272616192839,"Amino acids, peptides, and analogues"
M225T298_a,705,0.4722301130333534,0.6972140311368907,Naphthols and derivatives
M225T298_b,706,0.4722301130333534,0.6972140311368907,Naphthols and derivatives
M313T554,707,0.47261398611797123,0.9400940586436244,"Amino acids, peptides, and analogues"
M237T425_a,708,0.4784191559939245,0.9237626832658213,"Amino acids, peptides, and analogues"
M237T425_b,709,0.4784191559939245,0.9237626832658213,"Amino acids, peptides, and analogues"
M388T835_a,710,0.47954491932301646,0.9525165031168307,"Amino acids, peptides, and analogues"
M388T835_b,711,0.47954491932301646,0.9525165031168307,"Amino acids, peptides, and analogues"
M732T300,712,0.48708920925461097,1.0731505866819273,Phosphosphingolipids
M201T632_a,713,0.48862161648131874,1.5508227194706508,"Amino acids, peptides, and analogues"
M201T632_b,714,0.48862161648131874,1.5508227194706508,"Amino acids, peptides, and analogues"
M255T41_a,715,0.4916527761870406,0.869134770687094,Flavones
M255T41_b,716,0.4916527761870406,0.869134770687094,Isoflav-2-enes
M271T72_a,717,0.4916915764176528,0.8405308092746653,Flavones
M271T72_b,718,0.4916915764176528,0.8405308092746653,Isoflav-2-enes
M291T558_a,719,0.49224621317711637,0.9610404069704048,Fatty acyl glycosides
M291T558_b,720,0.49224621317711637,0.9610404069704048,Carbohydrates and carbohydrate conjugates
M246T434,721,0.492310417002194,1.1013621620403313,"Amino acids, peptides, and analogues"
M249T532_a,722,0.49348388889453765,0.8658562199474918,Beta hydroxy acids and derivatives
M249T532_b,723,0.49348388889453765,0.8658562199474918,Dicarboxylic acids and derivatives
M203T427_a,724,0.4989095839611153,0.9080640863302549,"Amino acids, peptides, and analogues"
M203T427_b,725,0.4989095839611153,0.9080640863302549,"Amino acids, peptides, and analogues"
M203T427_c,726,0.4989095839611153,0.9080640863302549,"Amino acids, peptides, and analogues"
M448T279,727,0.4995622923399575,1.1832937189561168,Phosphosphingolipids
M787T89,728,0.4999104331602645,1.1544389010017329,Glycerophosphocholines
M179T665_a,729,0.5008198038649374,0.46005156757788396,Phosphate esters
M179T665_b,730,0.5008198038649374,0.46005156757788396,Organic phosphonic acids
M177T751_a,731,0.5020037970004432,0.8370039834949792,Medium-chain keto acids and derivatives
M177T751_b,732,0.5020037970004432,0.8370039834949792,Medium-chain keto acids and derivatives
M177T751_c,733,0.5020037970004432,0.8370039834949792,Gamma-keto acids and derivatives
M177T751_d,734,0.5020037970004432,0.8370039834949792,Medium-chain keto acids and derivatives
M177T751_e,735,0.5020037970004432,0.8370039834949792,Medium-chain keto acids and derivatives
M170T472_a,736,0.503267078105518,1.0979273914070513,Amines
M170T472_d,737,0.503267078105518,1.0979273914070513,Benzoic acids and derivatives
M170T472_e,738,0.503267078105518,1.0979273914070513,Carbonyl compounds
M170T472_f,739,0.503267078105518,1.0979273914070513,"Amino acids, peptides, and analogues"
M170T472_g,740,0.503267078105518,1.0979273914070513,Benzenediols
M332T765_2,741,0.5036892023362713,1.3204614572247084,Carbohydrates and carbohydrate conjugates
M175T739_1,742,0.5058165975699274,0.7853809631168284,"Amino acids, peptides, and analogues"
M284T637,743,0.5122165599045292,1.1121874958282558,Carbohydrates and carbohydrate conjugates
M191T469,744,0.5139647025394282,1.1070739581107678,Aminotriazines
M516T360,745,0.5189845505540405,0.8307886637956889,"Bile acids, alcohols and derivatives"
M163T533_a,746,0.5199261341389103,1.1248686938742651,Alcohols and polyols
M163T533_b,747,0.5199261341389103,1.1248686938742651,Carbohydrates and carbohydrate conjugates
M163T533_c,748,0.5199261341389103,1.1248686938742651,Carbohydrates and carbohydrate conjugates
M163T533_d,749,0.5199261341389103,1.1248686938742651,Carbohydrates and carbohydrate conjugates
M163T533_e,750,0.5199261341389103,1.1248686938742651,Carbohydrates and carbohydrate conjugates
M163T533_f,751,0.5199261341389103,1.1248686938742651,Carbohydrates and carbohydrate conjugates
M163T533_g,752,0.5199261341389103,1.1248686938742651,Carbohydrates and carbohydrate conjugates
M163T533_h,753,0.5199261341389103,1.1248686938742651,Carbohydrates and carbohydrate conjugates
M163T533_i,754,0.5199261341389103,1.1248686938742651,Carbohydrates and carbohydrate conjugates
M163T533_j,755,0.5199261341389103,1.1248686938742651,Carbohydrates and carbohydrate conjugates
M163T533_k,756,0.5199261341389103,1.1248686938742651,Carbohydrates and carbohydrate conjugates
M163T533_l,757,0.5199261341389103,1.1248686938742651,Carbohydrates and carbohydrate conjugates
M163T533_m,758,0.5199261341389103,1.1248686938742651,Carbohydrates and carbohydrate conjugates
M299T652,759,0.5239655791400407,1.0622316257099098,Carbohydrates and carbohydrate conjugates
M330T524,760,0.524890065200917,0.948007983795452,Cyclic purine nucleotides
M366T897,761,0.5260064958567604,0.9395164169349863,Carbohydrates and carbohydrate conjugates
M233T745_a,762,0.5266719334404296,1.0985098743853041,"Amino acids, peptides, and analogues"
M233T745_b,763,0.5266719334404296,1.0985098743853041,"Amino acids, peptides, and analogues"
M233T745_c,764,0.5266719334404296,1.0985098743853041,"Amino acids, peptides, and analogues"
M233T745_d,765,0.5266719334404296,1.0985098743853041,"Amino acids, peptides, and analogues"
M180T572_a,766,0.5296498204340943,1.0587258576296898,Medium-chain keto acids and derivatives
M180T572_b,767,0.5296498204340943,1.0587258576296898,Medium-chain keto acids and derivatives
M180T572_c,768,0.5296498204340943,1.0587258576296898,Medium-chain keto acids and derivatives
M180T572_d,769,0.5296498204340943,1.0587258576296898,Gamma butyrolactones
M180T572_e,770,0.5296498204340943,1.0587258576296898,Fatty acids and conjugates
M180T572_f,771,0.5296498204340943,1.0587258576296898,Fatty acids and conjugates
M180T572_g,772,0.5296498204340943,1.0587258576296898,Carbohydrates and carbohydrate conjugates
M180T572_h,773,0.5296498204340943,1.0587258576296898,Alcohols and polyols
M180T572_i,774,0.5296498204340943,1.0587258576296898,Fatty acids and conjugates
M180T572_j,775,0.5296498204340943,1.0587258576296898,Fatty acids and conjugates
M180T572_k,776,0.5296498204340943,1.0587258576296898,Fatty acids and conjugates
M302T751_a,777,0.5352456589008581,1.0668599070681173,Carbohydrates and carbohydrate conjugates
M302T751_b,778,0.5352456589008581,1.0668599070681173,Carbohydrates and carbohydrate conjugates
M302T751_c,779,0.5352456589008581,1.0668599070681173,Carbohydrates and carbohydrate conjugates
M302T751_d,780,0.5352456589008581,1.0668599070681173,Carbohydrates and carbohydrate conjugates
M302T751_e,781,0.5352456589008581,1.0668599070681173,Carbohydrates and carbohydrate conjugates
M302T751_f,782,0.5352456589008581,1.0668599070681173,Carbohydrates and carbohydrate conjugates
M202T588,783,0.5419630641602295,0.934485034176811,Carbohydrates and carbohydrate conjugates
M200T632,784,0.5507824941904642,1.0939204291808973,"Amino acids, peptides, and analogues"
M304T809,785,0.5527416371160694,0.93741629220331,Carbohydrates and carbohydrate conjugates
M260T526,786,0.5563089332044026,1.1589129521377604,"Amino acids, peptides, and analogues"
M439T536,787,0.559426667838921,1.0619898305091666,Alloxazines and isoalloxazines
M220T498,788,0.5604060714893424,0.9444918706260224,Alcohols and polyols
M244T908,789,0.567011520881021,0.9014783805497333,"Amino acids, peptides, and analogues"
M342T797_a,790,0.5678166400126613,0.857486118586017,Carbohydrates and carbohydrate conjugates
M204T687,791,0.5726001567817164,0.9138138742308932,"Amino acids, peptides, and analogues"
M374T765_a,792,0.5840272530646684,0.9395636920825735,"Amino acids, peptides, and analogues"
M374T765_b,793,0.5840272530646684,0.9395636920825735,"Amino acids, peptides, and analogues"
M189T572_a,794,0.5856004855562957,0.9409918736185701,"Amino acids, peptides, and analogues"
M189T572_b,795,0.5856004855562957,0.9409918736185701,"Amino acids, peptides, and analogues"
M379T513_a,796,0.5856327492751964,1.0882538859611448,Carbohydrates and carbohydrate conjugates
M379T513_b,797,0.5856327492751964,1.0882538859611448,Carbohydrates and carbohydrate conjugates
M217T608,798,0.5884149448541508,1.074399872363161,"Amino acids, peptides, and analogues"
M380T726,799,0.5898134189259621,1.1614654993472693,"Amino acids, peptides, and analogues"
M284T567_a,800,0.5967343958686695,0.9458906203873514,Carbohydrates and carbohydrate conjugates
M284T567_b,801,0.5967343958686695,0.9458906203873514,Carbohydrates and carbohydrate conjugates
M284T567_c,802,0.5967343958686695,0.9458906203873514,Carbohydrates and carbohydrate conjugates
M284T567_d,803,0.5967343958686695,0.9458906203873514,Carbohydrates and carbohydrate conjugates
M355T750,804,0.5967670870083692,1.0638264198382117,"Amino acids, peptides, and analogues"
M482T786,805,0.6050957599921587,1.2233349440545795,"Amino acids, peptides, and analogues"
M203T605,806,0.6100232639561394,1.0852655306113792,"Amino acids, peptides, and analogues"
M590T838_1,807,0.6115015510524606,1.0616622130662032,Purine nucleotide sugars
M130T547,808,0.6131405859489037,0.9693926275108714,"Amino acids, peptides, and analogues"
M276T797,809,0.6188766620051231,1.097113881264984,"Amino acids, peptides, and analogues"
M249T741,810,0.6212215878512737,0.9646111479416728,"Amino acids, peptides, and analogues"
M464T924,811,0.6214179615774684,0.9150594698519934,Purine ribonucleotides
M273T576,812,0.622392900299471,0.9548314702965879,"Amino acids, peptides, and analogues"
M227T720_b,813,0.6237710474518255,0.8471566660596211,Beta lactams
M218T587,814,0.6240081792972823,1.0795381140086657,"Amino acids, peptides, and analogues"
M422T795_a,815,0.6246483102173586,0.9614492671336935,Carbohydrates and carbohydrate conjugates
M422T795_d,816,0.6246483102173586,0.9614492671336935,Carbohydrates and carbohydrate conjugates
M255T569_a,817,0.6252410292530495,0.8138824181552464,"Amino acids, peptides, and analogues"
M255T569_b,818,0.6252410292530495,0.8138824181552464,"Amino acids, peptides, and analogues"
M255T569_c,819,0.6252410292530495,0.8138824181552464,"Amino acids, peptides, and analogues"
M255T569_d,820,0.6252410292530495,0.8138824181552464,"Amino acids, peptides, and analogues"
M269T576_a,821,0.6252730303110399,1.0860772237995377,"Amino acids, peptides, and analogues"
M269T576_b,822,0.6252730303110399,1.0860772237995377,"Amino acids, peptides, and analogues"
M285T403,823,0.6274016683193215,0.9265174408524628,Carbohydrates and carbohydrate conjugates
M198T564_a,824,0.627699475202375,1.1435213222714806,Carbohydrates and carbohydrate conjugates
M198T564_b,825,0.627699475202375,1.1435213222714806,Carbohydrates and carbohydrate conjugates
M198T564_c,826,0.627699475202375,1.1435213222714806,Carbohydrates and carbohydrate conjugates
M198T564_d,827,0.627699475202375,1.1435213222714806,Carbohydrates and carbohydrate conjugates
M198T564_e,828,0.627699475202375,1.1435213222714806,Carbohydrates and carbohydrate conjugates
M198T564_f,829,0.627699475202375,1.1435213222714806,Carbohydrates and carbohydrate conjugates
M198T564_g,830,0.627699475202375,1.1435213222714806,Carbohydrates and carbohydrate conjugates
M198T564_h,831,0.627699475202375,1.1435213222714806,Carbohydrates and carbohydrate conjugates
M198T564_i,832,0.627699475202375,1.1435213222714806,Carbohydrates and carbohydrate conjugates
M198T564_j,833,0.627699475202375,1.1435213222714806,Carbohydrates and carbohydrate conjugates
M157T604_a,834,0.6345271611479341,1.071113646670358,"Amino acids, peptides, and analogues"
M157T604_b,835,0.6345271611479341,1.071113646670358,"Amino acids, peptides, and analogues"
M409T308,836,0.6378886416546452,0.9076942745017369,Hydroxycinnamic acids and derivatives
M374T803_e,837,0.6432950480570598,1.0330667134327007,Carbohydrates and carbohydrate conjugates
M374T803_f,838,0.6432950480570598,1.0330667134327007,Fatty acyl glycosides
M374T803_g,839,0.6432950480570598,1.0330667134327007,Fatty acyl glycosides
M374T803_h,840,0.6432950480570598,1.0330667134327007,Fatty acyl glycosides
M374T803_i,841,0.6432950480570598,1.0330667134327007,Fatty acyl glycosides
M374T803_j,842,0.6432950480570598,1.0330667134327007,Fatty acyl glycosides
M489T826,843,0.643618181154409,1.0363012001220677,Pyrimidine ribonucleotides
M150T303,844,0.6462994582727319,0.8747482925185752,Amines
M572T794_a,845,0.6529015054523525,0.9489134084412126,Pyrimidine nucleotide sugars
M572T794_b,846,0.6529015054523525,0.9489134084412126,Pyrimidine nucleotide sugars
M329T554,847,0.6532460366056915,1.123939420391207,"Amino acids, peptides, and analogues"
M385T720,848,0.6535889114298872,1.0547562505488275,5'-deoxy-5'-thionucleosides
M155T638_a,849,0.6623400845738938,0.9699028428956,Glycerophosphates
M155T638_b,850,0.6623400845738938,0.9699028428956,Glycerophosphates
M292T637,851,0.665926594142987,0.9722894594602576,"Amino acids, peptides, and analogues"
M219T70,852,0.6682959014045775,1.1079268822509671,Hydroxyindoles
M292T860,853,0.6951526111370685,1.0384953094759755,"Amino acids, peptides, and analogues"
M211T484,854,0.6959132132957508,0.9485335291301209,"Amino acids, peptides, and analogues"
M348T554_a,855,0.7000822816761907,1.0431269590106858,Carbohydrates and carbohydrate conjugates
M246T625,856,0.7004705403081088,1.0492749541880475,Hybrid peptides
M227T792,857,0.7028522723036276,1.0480746789028443,Hybrid peptides
M151T698,858,0.7045573564061463,0.9700620197073501,"Amino acids, peptides, and analogues"
M388T654_a,859,0.7050793556491493,0.9160096425651938,"Amino acids, peptides, and analogues"
M388T654_b,860,0.7050793556491493,0.9160096425651938,"Amino acids, peptides, and analogues"
M606T870_a,861,0.7062489920998227,1.0495305212155266,Purine nucleotide sugars
M606T870_b,862,0.7062489920998227,1.0495305212155266,Purine nucleotide sugars
M233T533,863,0.7074420016390092,0.9325747134698307,"Amino acids, peptides, and analogues"
M253T632,864,0.707964893370283,0.9767826798550432,"Amino acids, peptides, and analogues"
M127T589,865,0.7090319382257106,0.9517657214894523,Imidazoles
M162T556_a,866,0.7108561789068993,0.9752184216393545,Fatty acids and conjugates
M162T556_b,867,0.7108561789068993,0.9752184216393545,Fatty acids and conjugates
M162T556_c,868,0.7108561789068993,0.9752184216393545,Fatty acids and conjugates
M162T556_d,869,0.7108561789068993,0.9752184216393545,Medium-chain hydroxy acids and derivatives
M475T735,870,0.7125852382121356,0.9630620685383601,Carbohydrates and carbohydrate conjugates
M287T557,871,0.7159746536161695,0.9392212543022421,"Amino acids, peptides, and analogues"
M233T434_a,872,0.7165242837285128,0.9439539533798794,"Amino acids, peptides, and analogues"
M233T434_b,873,0.7165242837285128,0.9439539533798794,"Amino acids, peptides, and analogues"
M114T490_a,874,0.722018560820731,0.861791606190535,"Amino acids, peptides, and analogues"
M300T832,875,0.7224233230392095,1.0487194091370526,"Amino acids, peptides, and analogues"
M406T910,876,0.7327814615429094,0.9587255811437574,"Amino acids, peptides, and analogues"
M487T784,877,0.7406620793065055,1.0755535232018087,Pyrimidines and pyrimidine derivatives
M166T618_a,878,0.742916030799468,0.9726136252503598,"Amino acids, peptides, and analogues"
M166T618_b,879,0.742916030799468,0.9726136252503598,"Amino acids, peptides, and analogues"
M168T545_a,880,0.7482918280430267,0.9729413281986946,Organosulfonic acids and derivatives
M168T545_b,881,0.7482918280430267,0.9729413281986946,"Amino acids, peptides, and analogues"
M264T385_a,882,0.7516547564815349,0.9661038855613159,Pterins and derivatives
M264T385_b,883,0.7516547564815349,0.9661038855613159,Pterins and derivatives
M183T514_b,884,0.7583041481351686,0.9603247247365638,Methoxyphenols
M183T514_c,885,0.7583041481351686,0.9603247247365638,Alcohols and polyols
M183T514_d,886,0.7583041481351686,0.9603247247365638,Methoxyphenols
M379T726_a,887,0.7591299071441469,0.9627546959910023,Carbohydrates and carbohydrate conjugates
M379T726_b,888,0.7591299071441469,0.9627546959910023,Carbohydrates and carbohydrate conjugates
M379T726_c,889,0.7591299071441469,0.9627546959910023,Carbohydrates and carbohydrate conjugates
M270T646,890,0.7703483509328234,1.0885695254108203,"Amino acids, peptides, and analogues"
M408T837,891,0.7730238006956337,0.964163073328058,"Amino acids, peptides, and analogues"
M146T627_a,892,0.7742189670218658,0.9843583060454252,"Amino acids, peptides, and analogues"
M146T627_b,893,0.7742189670218658,0.9843583060454252,Medium-chain keto acids and derivatives
M146T392,894,0.77990031269101745,0.963280305036339,"Amino acids, peptides, and analogues"
M344T681_2,895,0.7801118712454844,0.947958429143513,Hybrid peptides
M324T870,896,0.7812660663653663,0.9737395374634628,Pyrimidine ribonucleotides
M272T590,897,0.7854509738517886,0.9707460211468001,Glycosylglycerols
M293T854,898,0.7890128995006811,0.9437391422831067,Tetracarboxylic acids and derivatives
M307T566_a,899,0.7926856195241845,1.0142571193360164,Phosphate esters
M307T566_b,900,0.7926856195241845,1.0142571193360164,"Amino acids, peptides, and analogues"
M377T393,901,0.7947903364783236,1.0450429187131214,Alloxazines and isoalloxazines
M461T806,902,0.7959209244816,1.0324698437742263,"Amino acids, peptides, and analogues"
M215T477_a,903,0.797998276074131,0.966575325094439,Methoxyphenols
M215T477_b,904,0.797998276074131,0.966575325094439,Methoxyphenols
M328T790,905,0.8039939639418416,1.044071952728457,Hybrid peptides
M285T70_a,906,0.8063363292458308,1.0505109550099916,Retinoids
M285T70_b,907,0.8063363292458308,1.0505109550099916,Retinoids
M583T457,908,0.8108627346847906,1.1529639122266004,Bilirubins
M556T682,909,0.8197848227565501,1.141256953059074,Pyrimidine nucleotide sugars
M173T444_a,910,0.8241623875410828,1.031561519258105,Carbonyl compounds
M173T444_b,911,0.8241623875410828,1.031561519258105,Alcohols and polyols
M226T703,912,0.825909956937303,1.025887947246141,"Amino acids, peptides, and analogues"
M259T587,913,0.8382651433227244,0.9472995081565065,Carbohydrates and carbohydrate conjugates
M229T445,914,0.8429515102037964,1.0255253224519407,"Amino acids, peptides, and analogues"
M291T580_a,915,0.8553355187503997,0.9692511028360304,Fatty acyl glycosides
M291T580_b,916,0.8553355187503997,0.9692511028360304,Carbohydrates and carbohydrate conjugates
M141T665_a,917,0.8591314829290326,0.9806247595646755,Short-chain keto acids and derivatives
M141T665_b,918,0.8591314829290326,0.9806247595646755,Phosphate esters
M141T665_c,919,0.8591314829290326,0.9806247595646755,Organic phosphonic acids
M141T665_d,920,0.8591314829290326,0.9806247595646755,Fatty acids and conjugates
M356T738_a,921,0.8594632674014313,0.9650197616508147,Carbohydrates and carbohydrate conjugates
M356T738_b,922,0.8594632674014313,0.9650197616508147,Carbohydrates and carbohydrate conjugates
M356T738_c,923,0.8594632674014313,0.9650197616508147,Carbohydrates and carbohydrate conjugates
M349T920_a,924,0.8665881553400809,1.0349221599983967,Carbohydrates and carbohydrate conjugates
M349T920_b,925,0.8665881553400809,1.0349221599983967,Carbohydrates and carbohydrate conjugates
M209T697_a,926,0.8718895876270005,1.0183564338243787,Medium-chain keto acids and derivatives
M209T697_b,927,0.8718895876270005,1.0183564338243787,Medium-chain keto acids and derivatives
M209T697_d,928,0.8718895876270005,1.0183564338243787,Tricarboxylic acids and derivatives
M403T725_a,929,0.8743967396441579,0.9692682673722703,Carbohydrates and carbohydrate conjugates
M403T725_b,930,0.8743967396441579,0.9692682673722703,Carbohydrates and carbohydrate conjugates
M403T725_c,931,0.8743967396441579,0.9692682673722703,Carbohydrates and carbohydrate conjugates
M403T725_d,932,0.8743967396441579,0.9692682673722703,Carbohydrates and carbohydrate conjugates
M403T725_e,933,0.8743967396441579,0.9692682673722703,Carbohydrates and carbohydrate conjugates
M403T725_f,934,0.8743967396441579,0.9692682673722703,Carbohydrates and carbohydrate conjugates
M403T725_g,935,0.8743967396441579,0.9692682673722703,Carbohydrates and carbohydrate conjugates
M403T725_h,936,0.8743967396441579,0.9692682673722703,Carbohydrates and carbohydrate conjugates
M403T725_i,937,0.8743967396441579,0.9692682673722703,Carbohydrates and carbohydrate conjugates
M253T706_a,938,0.878611159646272,1.0111145914120492,Carbohydrates and carbohydrate conjugates
M253T706_b,939,0.878611159646272,1.0111145914120492,Carbohydrates and carbohydrate conjugates
M253T706_c,940,0.878611159646272,1.0111145914120492,Carbohydrates and carbohydrate conjugates
M253T706_d,941,0.878611159646272,1.0111145914120492,Carbohydrates and carbohydrate conjugates
M253T706_e,942,0.878611159646272,1.0111145914120492,Carbohydrates and carbohydrate conjugates
M253T706_f,943,0.878611159646272,1.0111145914120492,Phosphate esters
M253T706_g,944,0.878611159646272,1.0111145914120492,Carbohydrates and carbohydrate conjugates
M253T706_h,945,0.878611159646272,1.0111145914120492,Phosphate esters
M253T706_i,946,0.878611159646272,1.0111145914120492,Carbohydrates and carbohydrate conjugates
M253T706_j,947,0.878611159646272,1.0111145914120492,Carbohydrates and carbohydrate conjugates
M364T828_a,948,0.8985446142645603,0.9892200525730297,Carbohydrates and carbohydrate conjugates
M364T828_c,949,0.8985446142645603,0.9892200525730297,Purine ribonucleotides
M364T828_d,950,0.8985446142645603,0.9892200525730297,Carbohydrates and carbohydrate conjugates
M364T828_f,951,0.8985446142645603,0.9892200525730297,Carbohydrates and carbohydrate conjugates
M229T700,952,0.9000918377364727,1.0105963406180472,Tricarboxylic acids and derivatives
M464T655_a,953,0.9005285444566886,1.0281735846505513,"Amino acids, peptides, and analogues"
M464T655_b,954,0.9005285444566886,1.0281735846505513,"Amino acids, peptides, and analogues"
M603T443_a,955,0.9078880072515709,0.978677092206628,Tetracarboxylic acids and derivatives
M603T443_b,956,0.9078880072515709,0.978677092206628,Tetracarboxylic acids and derivatives
M603T443_c,957,0.9078880072515709,0.978677092206628,Tetracarboxylic acids and derivatives
M104T700,958,0.9082386686592181,1.0084356328373225,"Amino acids, peptides, and analogues"
M246T683,959,0.9085979430173006,1.0084576108610332,Phosphate esters
M655T895_a,960,0.9086395826261784,1.0152470675819774,"Amino acids, peptides, and analogues"
M655T895_b,961,0.9086395826261784,1.0152470675819774,"Amino acids, peptides, and analogues"
M137T646,962,0.9125057413796052,0.9921255417441338,Imidazoles
M450T758,963,0.9169150765074786,1.020368537160923,"Amino acids, peptides, and analogues"
M213T706_a,964,0.9266921155193283,0.9927226505420047,Carbonyl compounds
M213T706_b,965,0.9266921155193283,0.9927226505420047,Phosphate esters
M496T316_a,966,0.944876019401998,1.041800479290644,"Bile acids, alcohols and derivatives"
M496T316_b,967,0.944876019401998,1.041800479290644,"Bile acids, alcohols and derivatives"
M496T316_c,968,0.944876019401998,1.041800479290644,"Bile acids, alcohols and derivatives"
M134T424_a,969,0.947783604490112,0.9845711698761915,Hydropyridines
M134T424_b,970,0.947783604490112,0.9845711698761915,Pyrrole carboxylic acids and derivatives
M608T795,971,0.9500588365497148,1.0063757347160638,Pyrimidine nucleotide sugars
M642T915,972,0.9513840486865117,0.9888258140639351,Purine nucleotide sugars
M678T785,973,0.9572064812072809,0.9943281779716676,Pyrimidine nucleotide sugars
M162T573_a,974,0.958487025748003,1.0080411450708482,Fatty acids and conjugates
M162T573_b,975,0.958487025748003,1.0080411450708482,Fatty acids and conjugates
M162T573_c,976,0.958487025748003,1.0080411450708482,Fatty acids and conjugates
M162T573_d,977,0.958487025748003,1.0080411450708482,Fatty acids and conjugates
M368T747_a,978,0.95934192522974715,1.0081112472139129,Carbohydrates and carbohydrate conjugates
M368T747_b,979,0.95934192522974715,1.0081112472139129,Carbohydrates and carbohydrate conjugates
M162T756,980,0.961985874529294,0.9682169349489131,"Amino acids, peptides, and analogues"
M167T696,981,0.9655442721164013,1.0032462314769008,"Amino acids, peptides, and analogues"
M245T696,982,0.9736203571109845,0.9961065071534004,Tricarboxylic acids and derivatives
M330T489,983,0.9742386911843748,0.9952830099595514,Cyclic purine nucleotides
M353T797,984,0.9793220751502502,0.9945908081720877,"Amino acids, peptides, and analogues"
M380T807_a,985,0.9821119070443558,0.9968806806556857,"Amino acids, peptides, and analogues"
M380T807_b,986,0.9821119070443558,0.9968806806556857,"Amino acids, peptides, and analogues"
M230T488_a,987,0.9822086689019254,1.0043733939913264,"Amino acids, peptides, and analogues"
M230T488_b,988,0.9822086689019254,1.0043733939913264,Sulfuric acid esters
M227T635_a,989,0.9839244596851198,1.001683960023831,"Amino acids, peptides, and analogues"
M227T635_b,990,0.9839244596851198,1.001683960023831,"Amino acids, peptides, and analogues"
M364T877,991,0.9839439846404416,0.9958017861453137,Purine ribonucleotides
M349T584,992,0.9888386036874819,1.0027541836710177,Carbohydrates and carbohydrate conjugates
M183T394_a,993,0.9907240876867927,0.998610577489741,Methoxyphenols
M183T394_b,994,0.9907240876867927,0.998610577489741,Alcohols and polyols
M183T394_c,995,0.9907240876867927,0.998610577489741,Methoxyphenols
M235T763,996,0.9963544514288989,0.9989914516497161,"Amino acids, peptides, and analogues"
