pathway,p.value,q.value,FDR,Pathway.length,Overlap
Galactose metabolism - Homo sapiens (human);hsa00052,1.9718635200231316e-15,1.0056503952117971e-13,1.0056503952117971e-13,46,21
Pentose phosphate pathway - Homo sapiens (human);hsa00030,1.0860004630050983e-9,2.7693011806630007e-8,2.7693011806630007e-8,35,14
Starch and sucrose metabolism - Homo sapiens (human);hsa00500,2.764774970720806e-7,4.7001174502253706e-006,4.7001174502253706e-006,37,12
Amino sugar and nucleotide sugar metabolism - Homo sapiens (human);hsa00520,1.4813838022138345e-5,1.8887643478226392e-4,1.8887643478226392e-4,108,18
Fructose and mannose metabolism - Homo sapiens (human);hsa00051,1.1744463218304958e-4,0.0011979352482671057,0.0011979352482671057,54,11
Glycolysis / Gluconeogenesis - Homo sapiens (human);hsa00010,1.8358744692245456e-4,0.0015604932988408638,0.0015604932988408638,31,8
Purine metabolism - Homo sapiens (human);hsa00230,5.287819372289528e-4,0.0038525541140966564,0.0038525541140966564,95,14
Nicotinate and nicotinamide metabolism - Homo sapiens (human);hsa00760,0.0025758880085629122,0.016421286054588567,0.016421286054588567,55,9
Arginine and proline metabolism - Homo sapiens (human);hsa00330,0.003026143567406204,0.01714814688196849,0.01714814688196849,78,11
Cysteine and methionine metabolism - Homo sapiens (human);hsa00270,0.005294154550717586,0.027000188208659685,0.027000188208659685,61,9
Glycerolipid metabolism - Homo sapiens (human);hsa00561,0.044264458701254256,0.2052261267058152,0.2052261267058152,36,5
Tryptophan metabolism - Homo sapiens (human);hsa00380,0.0732675889663258,0.3113872531068847,0.3113872531068847,81,8
Histidine metabolism - Homo sapiens (human);hsa00340,0.11200173535014245,0.43939142329671266,0.43939142329671266,47,5
Glyoxylate and dicarboxylate metabolism - Homo sapiens (human);hsa00630,0.1213873580655,0.44219680438146425,0.44219680438146425,62,6
"Glycine, serine and threonine metabolism - Homo sapiens (human);hsa00260",0.13612411784689404,0.46282200067943974,0.46282200067943974,50,5
Pyrimidine metabolism - Homo sapiens (human);hsa00240,0.15069791237934052,0.4803495957091479,0.4803495957091479,66,6
"Alanine, aspartate and glutamate metabolism - Homo sapiens (human);hsa00250",0.19592933208593538,0.5372732737925704,0.5372732737925704,28,3
Vitamin B6 metabolism - Homo sapiens (human);hsa00750,0.19592933208593538,0.5372732737925704,0.5372732737925704,28,3
Folate biosynthesis - Homo sapiens (human);hsa00790,0.20016063141291837,0.5372732737925704,0.5372732737925704,57,5
Inositol phosphate metabolism - Homo sapiens (human);hsa00562,0.2554318696041981,0.6513512674907052,0.6513512674907052,47,4
"Phenylalanine, tyrosine and tryptophan biosynthesis - Homo sapiens (human);hsa00400",0.3004663895599594,0.7104444080674366,0.7104444080674366,35,3
Glycerophospholipid metabolism - Homo sapiens (human);hsa00564,0.317993489735284,0.7104444080674366,0.7104444080674366,52,4
Caffeine metabolism - Homo sapiens (human);hsa00232,0.32134532442736374,0.7104444080674366,0.7104444080674366,21,2
Pentose and glucuronate interconversions - Homo sapiens (human);hsa00040,0.3561836484480594,0.7104444080674366,0.7104444080674366,55,4
Arginine biosynthesis - Homo sapiens (human);hsa00220,0.3621873452892814,0.7104444080674366,0.7104444080674366,23,2
"Valine, leucine and isoleucine biosynthesis - Homo sapiens (human);hsa00290",0.3621873452892814,0.7104444080674366,0.7104444080674366,23,2
One carbon pool by folate - Homo sapiens (human);hsa00670,0.39841493600556344,0.7323802236817287,0.7323802236817287,9,1
Sphingolipid metabolism - Homo sapiens (human);hsa00600,0.40209110319781183,0.7323802236817287,0.7323802236817287,25,2
D-Arginine and D-ornithine metabolism - Homo sapiens (human);hsa00472,0.43149805524682294,0.7588414075030334,0.7588414075030334,10,1
Biotin metabolism - Homo sapiens (human);hsa00780,0.45962802020815596,0.7813676343538651,0.7813676343538651,28,2
Ascorbate and aldarate metabolism - Homo sapiens (human);hsa00053,0.4809268590820238,0.7846608512342651,0.7846608512342651,47,3
D-Glutamine and D-glutamate metabolism - Homo sapiens (human);hsa00471,0.492336220382284,0.7846608512342651,0.7846608512342651,12,1
beta-Alanine metabolism - Homo sapiens (human);hsa00410,0.5311204074782765,0.801362697287138,0.801362697287138,32,2
Sulfur metabolism - Homo sapiens (human);hsa00920,0.5479704280578727,0.801362697287138,0.801362697287138,33,2
Lysine degradation - Homo sapiens (human);hsa00310,0.5499547922558791,0.801362697287138,0.801362697287138,52,3
Glutathione metabolism - Homo sapiens (human);hsa00480,0.6257844101144869,0.8865279143288566,0.8865279143288566,38,2
Riboflavin metabolism - Homo sapiens (human);hsa00740,0.6774396818017072,0.9130376632880403,0.9130376632880403,20,1
"Valine, leucine and isoleucine degradation - Homo sapiens (human);hsa00280",0.6803025726459908,0.9130376632880403,0.9130376632880403,42,2
Ether lipid metabolism - Homo sapiens (human);hsa00565,0.7572111665222423,0.9637010357531668,0.9637010357531668,25,1
Pantothenate and CoA biosynthesis - Homo sapiens (human);hsa00770,0.7953103008356198,0.9637010357531668,0.9637010357531668,28,1
Tyrosine metabolism - Homo sapiens (human);hsa00350,0.8115387104057235,0.9637010357531668,0.9637010357531668,78,3
Pyruvate metabolism - Homo sapiens (human);hsa00620,0.8274616934085166,0.9637010357531668,0.9637010357531668,31,1
Phosphonate and phosphinate metabolism - Homo sapiens (human);hsa00440,0.8296702974943406,0.9637010357531668,0.9637010357531668,57,2
"Neomycin, kanamycin and gentamicin biosynthesis - Homo sapiens (human);hsa00524",0.8314283445713595,0.9637010357531668,0.9637010357531668,81,3
N-Glycan biosynthesis - Homo sapiens (human);hsa00510,0.8702736354504025,0.9863101201771228,0.9863101201771228,36,1
alpha-Linolenic acid metabolism - Homo sapiens (human);hsa00592,0.907931130905538,0.9942273872060728,0.9942273872060728,42,1
Primary bile acid biosynthesis - Homo sapiens (human);hsa00120,0.9308524497835637,0.9942273872060728,0.9942273872060728,47,1
Fatty acid degradation - Homo sapiens (human);hsa00071,0.9417802677660512,0.9942273872060728,0.9942273872060728,50,1
Drug metabolism - other enzymes - Homo sapiens (human);hsa00983,0.9724306056208589,0.9942273872060728,0.9942273872060728,63,1
Phenylalanine metabolism - Homo sapiens (human);hsa00360,0.983601700430784,0.9942273872060728,0.9942273872060728,72,1
Ubiquinone and other terpenoid-quinone biosynthesis - Homo sapiens (human);hsa00130,0.9942273872060728,0.9942273872060728,0.9942273872060728,90,1
