name,pvalues,keycpdname,alteredMetabolites,upcount,downcount,upratio,altratio,csize,adjustedpvalue,xlogp,Compounds
5'-deoxyribonucleosides,1.5656393760143938e-4,M633T785,6,0,6,0,0.6666666666666666,9,3.620541057033286e-4,637,M633T785<br>M606T691<br>M649T846<br>M633T722<br>M296T179<br>M419T711<br>M383T717<br>M451T552<br>M419T735
Benzene and substituted derivatives,0.002032586341046814,M178T351,5,3,2,0.6,0.4166666666666667,12,0.003760284730936606,1009.5,M178T351<br>M200T276<br>M208T351_b<br>M178T337<br>M121T203<br>M169T389<br>M137T63<br>M235T413_c<br>M158T317_a<br>M158T317_b<br>M169T355<br>M201T287
Carboxylic acids and derivatives,2.9066058099957697e-81,M148T513,158,31,127,0.1962025316455696,0.5080385852090032,311,5.377220748492174e-80,785,M148T513<br>M187T516_2<br>M146T653<br>M242T678_b<br>M242T678_c<br>M116T545_a<br>M116T545_b<br>M303T494_a<br>M303T494_b<br>M188T690_a<br>M188T690_b<br>M275T784<br>M174T727<br>M192T301<br>M159T688_a<br>M159T688_b<br>M159T688_c<br>M159T688_d<br>M281T470<br>M277T81<br>M281T847_a<br>M281T847_b<br>M116T449<br>M266T820<br>M168T699<br>M88T631<br>M130T522_a<br>M130T522_b<br>M130T522_c<br>M130T522_d<br>M130T522_e<br>M130T522_f<br>M130T522_g<br>M130T522_h<br>M439T791<br>M315T784<br>M173T725<br>M274T775<br>M198T764_a<br>M198T764_b<br>M116T546_a<br>M116T546_b<br>M116T546_c<br>M116T546_d<br>M116T546_e<br>M203T531_a<br>M203T531_b<br>M502T387<br>M132T556_a<br>M132T556_b<br>M132T556_c<br>M402T520_b<br>M402T520_c<br>M288T464_a<br>M102T515_b<br>M102T515_c<br>M411T728_k<br>M411T728_l<br>M231T708_a<br>M231T708_b<br>M231T708_c<br>M231T708_d<br>M205T617_a<br>M205T617_b<br>M124T558_b<br>M124T558_c<br>M173T576<br>M299T624<br>M182T716<br>M514T823<br>M314T746<br>M391T460<br>M369T545_a<br>M362T624_a<br>M104T692_a<br>M104T692_b<br>M217T755<br>M407T896<br>M233T767_a<br>M275T836<br>M258T647_c<br>M125T598_a<br>M160T493_b<br>M160T493_c<br>M160T493_e<br>M160T493_f<br>M160T493_g<br>M160T493_h<br>M160T493_i<br>M208T351_a<br>M291T729<br>M260T742<br>M274T556_a<br>M164T675<br>M218T762<br>M436T906<br>M228T791<br>M350T705<br>M261T774<br>M205T558_b<br>M208T696<br>M142T460<br>M405T589<br>M285T618<br>M179T508<br>M388T768<br>M306T888<br>M424T543_a<br>M424T543_b<br>M268T768<br>M197T696<br>M159T589_a<br>M159T589_b<br>M159T589_c<br>M358T555<br>M230T282<br>M244T660<br>M175T632<br>M152T259<br>M172T316<br>M298T831<br>M217T484_a<br>M217T484_b<br>M265T380<br>M274T858<br>M205T542_b<br>M334T404<br>M172T756<br>M180T556_a<br>M180T556_b<br>M267T516_a<br>M267T516_b<br>M265T407<br>M228T831<br>M309T668<br>M227T544<br>M142T354<br>M154T723<br>M377T921<br>M288T747<br>M611T937<br>M330T480<br>M164T463<br>M226T676<br>M153T489_a<br>M215T683<br>M117T123<br>M246T558<br>M386T653_a<br>M386T653_b<br>M192T280<br>M166T543_b<br>M166T543_c<br>M166T543_d<br>M241T402<br>M313T563<br>M345T552<br>M380T748_d<br>M212T723<br>M233T595<br>M132T745<br>M189T687<br>M327T712<br>M215T459_a<br>M215T459_b<br>M215T459_c<br>M215T459_d<br>M215T459_e<br>M302T720<br>M188T716_a<br>M188T716_b<br>M360T856<br>M114T565_a<br>M114T565_b<br>M131T694<br>M323T596<br>M277T558_2_b<br>M154T737_a<br>M154T737_b<br>M176T590_a<br>M176T590_b<br>M146T511_a<br>M146T511_b<br>M146T511_d<br>M146T511_e<br>M146T511_f<br>M146T511_h<br>M146T511_i<br>M146T733_2<br>M259T699<br>M483T543<br>M314T737<br>M272T227<br>M219T564_a<br>M219T564_b<br>M219T564_c<br>M219T564_d<br>M402T722_a<br>M402T722_b<br>M135T648<br>M127T686_a<br>M127T686_b<br>M402T550_a<br>M402T550_c<br>M186T692_a<br>M259T726_a<br>M259T726_b<br>M291T566<br>M217T609_a<br>M217T609_b<br>M217T609_c<br>M217T609_d<br>M217T609_e<br>M217T609_f<br>M214T307_2<br>M250T735_2<br>M219T585_b<br>M219T585_c<br>M219T585_d<br>M219T585_e<br>M219T585_f<br>M305T501_a<br>M247T563<br>M328T829<br>M256T799<br>M204T498_b<br>M204T498_c<br>M173T814_b<br>M173T814_c<br>M173T814_d<br>M173T967<br>M253T722<br>M112T727_a<br>M112T727_b<br>M112T727_c<br>M203T884<br>M173T687<br>M196T554_a<br>M196T554_b<br>M233T379_a<br>M250T675<br>M235T413_b<br>M102T686_a<br>M102T686_b<br>M227T439<br>M221T416_a<br>M118T651_a<br>M118T651_b<br>M118T651_c<br>M118T651_d<br>M118T651_e<br>M118T651_f<br>M118T651_g<br>M628T543<br>M239T804<br>M232T674<br>M144T392<br>M628T544<br>M334T813_b<br>M236T328<br>M168T669<br>M255T786<br>M145T570_a<br>M145T570_b<br>M372T737_2<br>M493T422_1<br>M160T470_b<br>M160T470_c<br>M160T470_d<br>M160T470_e<br>M160T470_f<br>M221T473<br>M237T560<br>M221T494_a<br>M266T735<br>M109T686<br>M242T922<br>M376T684<br>M150T543_b<br>M150T543_c<br>M150T543_d<br>M117T184<br>M265T558_a<br>M196T652<br>M205T490_b<br>M187T570_a<br>M187T570_b<br>M233T799<br>M237T671_a<br>M168T791<br>M139T648<br>M373T565_a<br>M224T558_b<br>M228T604_a<br>M275T855<br>M265T687<br>M435T485<br>M203T696_a<br>M203T696_b<br>M172T491<br>M246T463<br>M406T803<br>M171T552<br>M185T671<br>M210T646<br>M275T542<br>M144T516_b<br>M144T516_c<br>M88T671_a<br>M88T671_b<br>M88T671_c
Cinnamic acids and derivatives,0.005573651851014549,M423T222_a,4,0,4,0,0.5714285714285714,7,0.008592713270314098,287,M423T222_a<br>M393T285<br>M213T282<br>M361T285<br>M187T201<br>M331T534<br>M283T174
Diazines,1.6799679018990774e-4,M558T848_1,6,0,6,0,0.75,8,3.6564007276626976e-4,619.5,M558T848_1<br>M558T848_2_j<br>M111T147_2<br>M187T409<br>M155T410_a<br>M155T410_b<br>M528T733<br>M482T721
Fatty Acyls,2.952636348209964e-46,M241T75,93,44,49,0.4731182795698925,0.5054347826086957,184,3.641584829458956e-45,792,M241T75<br>M315T80_1<br>M295T79_a<br>M295T79_b<br>M279T73_2<br>M158T335<br>M311T70_b<br>M411T728_a<br>M411T728_b<br>M411T728_c<br>M411T728_f<br>M411T728_g<br>M113T558_a<br>M113T558_g<br>M423T65_2<br>M125T558_a<br>M125T558_b<br>M271T79<br>M287T191<br>M367T617<br>M253T75<br>M283T688_b<br>M187T632<br>M311T80_a<br>M311T80_b<br>M311T80_c<br>M311T80_d<br>M311T80_e<br>M311T80_f<br>M255T790_a<br>M255T790_b<br>M255T790_c<br>M255T790_d<br>M255T790_e<br>M429T638_a<br>M429T638_b<br>M429T638_c<br>M429T638_d<br>M429T638_e<br>M233T767_b<br>M301T617_2<br>M125T598_d<br>M287T160<br>M160T493_a<br>M113T293_a<br>M315T126_b<br>M315T126_c<br>M283T596_a<br>M383T732_a<br>M383T732_b<br>M383T732_c<br>M383T732_d<br>M383T732_e<br>M159T394_c<br>M127T407_d<br>M339T69<br>M157T546_e<br>M398T306<br>M235T494_c<br>M235T494_e<br>M235T494_f<br>M283T73<br>M371T77_a<br>M371T77_b<br>M371T77_c<br>M371T77_d<br>M371T77_e<br>M371T77_f<br>M227T459_b<br>M227T459_c<br>M186T410<br>M356T737_a<br>M356T737_b<br>M356T737_c<br>M356T737_d<br>M356T737_e<br>M356T737_f<br>M356T737_g<br>M356T737_h<br>M356T737_i<br>M356T737_j<br>M356T737_k<br>M356T737_l<br>M415T718_i<br>M451T303<br>M157T406_a<br>M583T846_u<br>M281T726_a<br>M281T726_b<br>M281T726_c<br>M277T75_2<br>M343T717<br>M253T51<br>M171T79<br>M226T543_2<br>M533T75<br>M365T67<br>M146T511_g<br>M286T520<br>M186T692_b<br>M385T850_a<br>M385T850_b<br>M385T850_c<br>M385T850_d<br>M385T850_e<br>M385T850_f<br>M269T128_a<br>M269T128_b<br>M143T80<br>M339T71<br>M395T68_a<br>M395T68_b<br>M307T71<br>M333T79_a<br>M333T79_b<br>M333T79_c<br>M333T79_d<br>M333T79_e<br>M333T79_f<br>M301T72<br>M202T559<br>M415T677_q<br>M311T129_a<br>M311T129_b<br>M311T129_c<br>M311T129_d<br>M311T129_e<br>M311T129_f<br>M311T129_g<br>M311T129_h<br>M311T129_i<br>M311T129_j<br>M293T108_a<br>M293T108_b<br>M293T108_c<br>M293T108_d<br>M293T108_e<br>M293T108_f<br>M293T108_g<br>M293T108_h<br>M293T108_i<br>M293T108_j<br>M293T108_k<br>M367T806<br>M309T191<br>M329T912_c<br>M329T912_d<br>M337T68<br>M287T647<br>M369T616_a<br>M369T616_b<br>M369T616_c<br>M369T616_d<br>M369T616_e<br>M369T616_m<br>M359T780_a<br>M205T415_a<br>M315T128<br>M346T539_a<br>M346T539_b<br>M405T472_e<br>M147T531_a<br>M224T558_a<br>M285T186<br>M405T733_a<br>M405T733_b<br>M405T733_c<br>M405T733_d<br>M405T733_e<br>M181T647_d<br>M372T556<br>M295T105_a<br>M295T105_b<br>M295T105_c<br>M295T105_d<br>M250T730_a<br>M250T730_b<br>M327T72<br>M199T79<br>M227T77<br>M312T80_2_a<br>M312T80_2_b<br>M337T643_a<br>M337T643_b
Glycerophospholipids,9.166993892425395e-9,M214T730,11,5,6,0.45454545454545453,0.6470588235294118,17,4.239734675246745e-8,525,M214T730<br>M748T78<br>M787T153<br>M452T494<br>M256T718<br>M171T719_b<br>M171T719_c<br>M171T719_d<br>M704T343<br>M866T343<br>M748T135<br>M171T806_a<br>M171T806_b<br>M171T806_c<br>M171T806_d<br>M452T334<br>M452T357_2
Hydroxy acids and derivatives,0.0018520208045664536,M215T137,7,4,3,0.5714285714285714,0.4375,16,0.0036065668299451992,922.5,M215T137<br>M125T598_c<br>M147T726_2<br>M215T163<br>M235T494_a<br>M235T494_b<br>M89T409<br>M215T79<br>M133T765<br>M237T671_c<br>M217T543_a<br>M217T543_b<br>M217T543_c<br>M217T543_e<br>M217T543_f<br>M217T543_g
Imidazole ribonucleosides and ribonucleotides,0.02688579079542286,M493T719_b,4,0,4,0,0.23529411764705882,17,0.038260548439640225,1345,M493T719_b<br>M285T464_a<br>M285T464_b<br>M338T495_b<br>M337T734<br>M362T864_g<br>M300T683<br>M387T647_a<br>M387T647_b<br>M387T647_c<br>M387T647_d<br>M387T647_e<br>M387T647_f<br>M337T555_a<br>M337T555_b<br>M337T555_c<br>M425T892
Indanes,6.793967333819237e-6,M211T145_a,6,6,0,1,1,6,2.285243557739198e-5,248,M211T145_a<br>M211T145_b<br>M211T145_d<br>M211T164_a<br>M211T164_b<br>M211T164_e
Keto acids and derivatives,1.4578715672301444e-10,M251T296,24,3,21,0.125,0.5217391304347826,46,7.705892569645049e-10,714,M251T296<br>M257T773_a<br>M257T773_b<br>M113T558_c<br>M113T558_d<br>M113T558_e<br>M113T558_h<br>M194T279<br>M227T767_a<br>M210T388<br>M159T394_b<br>M159T394_d<br>M127T407_a<br>M127T407_b<br>M127T407_c<br>M292T189<br>M157T546_b<br>M157T546_c<br>M167T677<br>M157T617_b<br>M207T791<br>M196T608<br>M157T406_b<br>M157T406_d<br>M241T603_c<br>M305T566_a<br>M146T511_c<br>M204T498_a<br>M173T814_a<br>M173T814_e<br>M230T294<br>M241T230_a<br>M193T287_a<br>M193T287_b<br>M196T557<br>M205T415_b<br>M205T415_c<br>M205T415_d<br>M211T857<br>M237T671_d<br>M237T671_e<br>M237T671_f<br>M181T647_c<br>M153T672<br>M210T588<br>M144T516_a
Lactams,0.05885789325999635,M534T673,2,1,1,0.5,0.6666666666666666,3,0.07777650180785232,782,M534T673<br>M201T520<br>M265T789
Lactones,0.004444740535525932,M113T293_b,3,0,3,0,1,3,0.0071502347745417165,798,M113T293_b<br>M177T559_a<br>M177T559_b
Organic carbonic acids and derivatives,0.04213476779754344,M205T558_a,2,0,2,0,0.6666666666666666,3,0.05774023735218916,626,M205T558_a<br>M205T542_a<br>M205T490_a
Organic phosphonic acids and derivatives,0.003541616817037685,M200T716_a,2,0,2,0,0.2857142857142857,7,0.005956355555927016,895,M200T716_a<br>M171T719_a<br>M200T568<br>M140T884_a<br>M226T514_b<br>M139T815_a<br>M256T565
Organic phosphoric acids and derivatives,1.1702574590237717e-5,M198T764_c,10,1,9,0.1,0.5555555555555556,18,3.608293831989963e-5,767.5,M198T764_c<br>M200T716_b<br>M244T547<br>M213T642_a<br>M227T767_b<br>M227T767_c<br>M267T637<br>M153T489_b<br>M153T489_c<br>M197T718<br>M241T603_a<br>M140T884_b<br>M155T859<br>M139T815_b<br>M233T513<br>M265T558_b<br>M325T696<br>M243T551_b
Organic sulfuric acids and derivatives,2.6367309335740345e-5,M367T472,5,3,2,0.6,0.35714285714285715,14,7.50454188786456e-5,863.5,M367T472<br>M259T464_q<br>M259T464_s<br>M227T459_a<br>M267T711<br>M305T566_b<br>M305T566_c<br>M305T566_d<br>M230T686_a<br>M230T686_b<br>M305T501_b<br>M209T282<br>M237T573<br>M246T673
Organonitrogen compounds,2.1548005051552632e-4,M242T678_a,5,1,4,0.2,0.7142857142857143,7,4.4293121494858186e-4,238,M242T678_a<br>M116T546_f<br>M102T515_a<br>M124T558_a<br>M160T493_j<br>M118T651_h<br>M181T501
Organooxygen compounds,1.0771470500179831e-131,M330T389,327,74,253,0.22629969418960244,0.5387149917627677,607,3.985444085066538e-130,740,M330T389<br>M218T494<br>M335T390_a<br>M335T390_b<br>M335T390_c<br>M582T783_a<br>M582T783_b<br>M582T783_c<br>M380T472_a<br>M380T472_b<br>M380T472_c<br>M143T544_a<br>M143T544_b<br>M260T420_a<br>M260T420_b<br>M339T555_a<br>M339T555_b<br>M339T555_c<br>M343T285<br>M445T495_a<br>M445T495_b<br>M381T543<br>M181T544_a<br>M181T544_b<br>M181T544_c<br>M181T544_d<br>M179T544_a<br>M179T544_b<br>M179T544_c<br>M179T544_d<br>M179T544_e<br>M179T544_f<br>M336T307<br>M179T558_a<br>M179T558_b<br>M179T558_c<br>M179T558_d<br>M179T558_e<br>M179T558_f<br>M257T773_c<br>M257T773_d<br>M257T773_e<br>M379T906<br>M525T717_a<br>M525T717_b<br>M525T717_c<br>M525T717_d<br>M525T717_e<br>M525T717_f<br>M525T717_g<br>M525T717_h<br>M525T717_i<br>M386T284<br>M503T847<br>M245T705<br>M407T719<br>M389T285<br>M421T850_a<br>M421T850_b<br>M421T850_c<br>M421T850_d<br>M421T850_e<br>M421T850_f<br>M421T850_g<br>M421T850_h<br>M303T724<br>M273T756_a<br>M273T756_b<br>M273T756_c<br>M273T756_d<br>M248T556_a<br>M248T556_b<br>M248T556_c<br>M501T681_a<br>M501T681_b<br>M135T702<br>M228T282_a<br>M228T282_b<br>M411T728_d<br>M411T728_e<br>M411T728_h<br>M411T728_i<br>M411T728_j<br>M113T558_b<br>M113T558_f<br>M503T800_a<br>M503T800_b<br>M503T800_c<br>M503T800_d<br>M503T800_e<br>M503T800_f<br>M503T800_g<br>M503T800_h<br>M503T800_i<br>M503T869<br>M558T848_2_d<br>M558T848_2_e<br>M558T848_2_f<br>M558T848_2_g<br>M558T848_2_h<br>M558T848_2_i<br>M323T772_a<br>M503T931<br>M193T716<br>M213T642_b<br>M213T642_c<br>M213T642_d<br>M299T520_a<br>M299T520_b<br>M299T520_c<br>M287T806<br>M473T718_a<br>M473T718_b<br>M473T718_c<br>M473T718_d<br>M151T438_a<br>M151T438_b<br>M289T865<br>M421T926_a<br>M421T926_b<br>M421T926_c<br>M421T926_d<br>M421T926_e<br>M421T926_f<br>M421T926_g<br>M421T926_h<br>M259T866_a<br>M259T866_b<br>M259T866_c<br>M356T202<br>M287T660_a<br>M287T660_b<br>M369T545_e<br>M338T676_a<br>M338T676_b<br>M338T676_c<br>M290T618_a<br>M290T618_b<br>M290T618_c<br>M290T618_d<br>M225T727<br>M354T308<br>M326T742_a<br>M326T742_b<br>M326T742_c<br>M326T742_d<br>M326T742_e<br>M326T742_f<br>M362T624_b<br>M362T624_c<br>M417T469_a<br>M417T469_b<br>M258T773_a<br>M258T773_b<br>M258T773_c<br>M258T773_d<br>M258T773_e<br>M258T773_f<br>M283T688_a<br>M283T688_c<br>M493T719_a<br>M339T593_a<br>M339T593_b<br>M339T593_c<br>M179T277_a<br>M179T277_b<br>M213T543_a<br>M213T543_b<br>M213T543_c<br>M213T543_d<br>M213T543_e<br>M101T558_a<br>M101T558_b<br>M101T558_c<br>M259T464_a<br>M259T464_b<br>M259T464_c<br>M259T464_d<br>M259T464_e<br>M259T464_f<br>M259T464_g<br>M259T464_h<br>M259T464_i<br>M259T464_j<br>M259T464_k<br>M259T464_l<br>M259T464_m<br>M259T464_n<br>M259T464_o<br>M259T464_p<br>M259T464_r<br>M304T769_a<br>M304T769_b<br>M258T647_a<br>M258T647_b<br>M311T438<br>M501T723_a<br>M501T723_b<br>M423T725_a<br>M423T725_b<br>M423T725_c<br>M423T725_d<br>M423T725_e<br>M423T725_f<br>M125T598_b<br>M259T885_a<br>M259T885_b<br>M259T885_c<br>M445T806_a<br>M445T806_b<br>M160T493_d<br>M383T665_a<br>M383T665_b<br>M383T665_c<br>M317T561<br>M274T556_b<br>M125T687<br>M282T742<br>M354T797_a<br>M354T797_b<br>M283T596_b<br>M159T394_a<br>M159T394_e<br>M159T394_f<br>M360T547_a<br>M360T547_b<br>M325T882<br>M341T727_a<br>M341T727_b<br>M157T546_a<br>M157T546_d<br>M259T849_a<br>M259T849_b<br>M259T849_c<br>M300T830<br>M705T723_2_a<br>M705T723_2_b<br>M705T723_2_c<br>M705T723_2_d<br>M705T723_2_e<br>M705T723_2_f<br>M705T723_2_g<br>M705T723_2_h<br>M705T723_2_i<br>M705T723_2_j<br>M386T764<br>M157T617_a<br>M149T294<br>M225T556_a<br>M225T556_b<br>M225T556_c<br>M225T556_d<br>M235T336<br>M417T540_a<br>M417T540_b<br>M298T791_a<br>M298T791_b<br>M341T765_a<br>M341T765_b<br>M341T765_c<br>M377T535_a<br>M377T535_b<br>M377T535_c<br>M377T535_d<br>M445T687_a<br>M445T687_b<br>M445T687_c<br>M491T191<br>M143T579<br>M415T718_j<br>M415T718_k<br>M415T718_l<br>M415T718_m<br>M415T718_n<br>M415T718_o<br>M415T718_p<br>M415T718_q<br>M389T690_a<br>M389T690_b<br>M338T495_a<br>M384T873_d<br>M384T873_e<br>M384T873_f<br>M339T729_a<br>M339T729_b<br>M339T729_c<br>M300T660_a<br>M300T660_b<br>M300T660_c<br>M300T660_d<br>M267T516_c<br>M264T632<br>M157T406_c<br>M157T406_e<br>M583T846_e<br>M583T846_f<br>M583T846_g<br>M583T846_h<br>M583T846_i<br>M583T846_j<br>M583T846_k<br>M583T846_l<br>M583T846_m<br>M583T846_n<br>M583T846_o<br>M583T846_p<br>M583T846_q<br>M583T846_r<br>M583T846_s<br>M583T846_t<br>M288T660<br>M141T579_a<br>M141T579_b<br>M141T579_c<br>M281T726_d<br>M281T726_e<br>M283T520_a<br>M283T520_b<br>M317T730<br>M279T399<br>M445T714_a<br>M445T714_b<br>M445T714_c<br>M380T748_a<br>M380T748_b<br>M380T748_c<br>M380T748_e<br>M341T677<br>M157T192<br>M387T511<br>M361T887_a<br>M361T887_b<br>M237T712_a<br>M237T712_b<br>M360T832<br>M339T518_a<br>M339T518_b<br>M339T518_c<br>M343T465_a<br>M343T465_b<br>M202T681<br>M372T389_a<br>M372T389_b<br>M441T385<br>M273T686<br>M241T603_b<br>M540T794<br>M231T545_a<br>M231T545_b<br>M231T545_c<br>M275T695<br>M205T287<br>M439T723_a<br>M439T723_b<br>M439T723_c<br>M439T723_d<br>M439T723_e<br>M439T723_f<br>M439T723_g<br>M323T390<br>M363T601_a<br>M363T601_b<br>M230T686_c<br>M230T686_d<br>M225T714_a<br>M225T714_b<br>M225T714_c<br>M241T740_a<br>M241T740_b<br>M241T740_c<br>M241T740_d<br>M241T740_e<br>M241T740_f<br>M241T740_g<br>M241T740_h<br>M241T740_i<br>M241T740_j<br>M241T740_k<br>M241T740_l<br>M241T740_m<br>M241T740_n<br>M241T740_o<br>M321T755_1_a<br>M321T755_1_b<br>M321T755_1_c<br>M219T585_a<br>M296T567_b<br>M296T567_c<br>M296T567_d<br>M296T567_e<br>M405T806_a<br>M405T806_b<br>M405T806_c<br>M353T752_a<br>M353T752_b<br>M175T294<br>M311T813<br>M325T401_a<br>M325T401_b<br>M415T677_i<br>M415T677_j<br>M415T677_k<br>M415T677_l<br>M415T677_m<br>M415T677_n<br>M415T677_o<br>M415T677_p<br>M326T566_a<br>M326T566_b<br>M326T566_c<br>M326T566_d<br>M326T566_e<br>M326T566_f<br>M362T864_c<br>M362T864_f<br>M363T724_a<br>M363T724_b<br>M363T724_c<br>M363T724_d<br>M363T724_e<br>M363T724_f<br>M363T724_g<br>M363T724_h<br>M363T724_i<br>M363T724_j<br>M231T734_a<br>M231T734_b<br>M231T734_c<br>M229T825<br>M445T730_a<br>M445T730_b<br>M445T730_c<br>M484T731_a<br>M484T731_b<br>M484T731_c<br>M484T731_d<br>M484T731_e<br>M233T379_b<br>M235T413_a<br>M221T416_b<br>M221T416_c<br>M412T388_a<br>M412T388_b<br>M334T813_a<br>M241T230_b<br>M308T543<br>M421T891_a<br>M421T891_b<br>M421T891_c<br>M421T891_d<br>M421T891_e<br>M421T891_f<br>M421T891_g<br>M421T891_h<br>M329T912_b<br>M257T515<br>M160T470_a<br>M369T616_f<br>M369T616_g<br>M369T616_h<br>M369T616_j<br>M369T616_l<br>M369T616_n<br>M369T616_o<br>M325T555_a<br>M325T555_b<br>M325T555_c<br>M325T555_d<br>M325T555_e<br>M325T555_f<br>M325T555_g<br>M325T555_h<br>M325T555_i<br>M325T555_j<br>M258T564_a<br>M258T564_b<br>M258T564_c<br>M258T564_d<br>M258T564_e<br>M258T564_f<br>M326T881_a<br>M326T881_b<br>M326T881_c<br>M326T881_d<br>M326T881_e<br>M326T881_f<br>M326T881_g<br>M326T881_h<br>M326T881_i<br>M326T881_j<br>M326T881_k<br>M359T780_b<br>M359T780_c<br>M359T780_d<br>M275T565_a<br>M275T565_b<br>M275T565_c<br>M290T657_a<br>M290T657_b<br>M290T657_c<br>M290T657_d<br>M339T791_2_a<br>M339T791_2_b<br>M339T791_2_d<br>M339T791_2_e<br>M339T791_2_f<br>M339T791_2_g<br>M339T791_2_h<br>M263T728<br>M383T755<br>M265T437_a<br>M265T437_b<br>M409T282<br>M398T534<br>M241T625<br>M482T723<br>M418T719_a<br>M418T719_b<br>M418T719_c<br>M418T719_d<br>M418T719_e<br>M418T719_f<br>M503T778_a<br>M503T778_b<br>M503T778_c<br>M503T778_d<br>M503T778_e<br>M503T778_f<br>M503T778_g<br>M503T778_h<br>M503T778_i<br>M405T472_a<br>M405T472_b<br>M405T472_c<br>M405T472_d<br>M405T472_f<br>M405T472_g<br>M401T453_a<br>M401T453_b<br>M401T453_c<br>M401T453_d<br>M401T453_e<br>M401T453_f<br>M237T671_b<br>M237T671_g<br>M237T671_h<br>M237T671_i<br>M237T671_j<br>M407T723_a<br>M407T723_b<br>M407T723_c<br>M407T723_d<br>M407T723_e<br>M324T755<br>M355T647<br>M246T631_1_a<br>M246T631_1_b<br>M246T631_1_c<br>M246T631_1_d<br>M246T631_1_e<br>M246T631_1_f<br>M246T631_1_g<br>M246T631_1_h<br>M246T631_1_i<br>M246T631_1_j<br>M285T565<br>M147T531_b<br>M243T551_c<br>M243T551_d<br>M373T565_b<br>M372T559_a<br>M372T559_b<br>M518T805_b<br>M518T805_c<br>M518T805_d<br>M228T604_b<br>M355T811_a<br>M355T811_b<br>M355T811_c<br>M181T647_a<br>M181T647_b<br>M250T730_c<br>M250T730_d<br>M250T730_e<br>M345T755<br>M361T560_a<br>M361T560_b<br>M361T560_c<br>M217T543_d<br>M283T391<br>M393T647_a<br>M393T647_b<br>M393T647_c<br>M393T647_d<br>M351T565<br>M179T481_a<br>M179T481_b<br>M179T481_c<br>M179T481_d<br>M179T481_e<br>M179T481_f<br>M179T481_g<br>M311T565<br>M337T643_c<br>M253T526_a<br>M253T526_b<br>M147T138
Prenol lipids,5.566857373295875e-6,M425T363_2,5,3,2,0.6,0.8333333333333334,6,2.059737228119474e-5,299,M425T363_2<br>M297T70<br>M311T70_a<br>M315T126_a<br>M469T356<br>M460T363
Pteridines and derivatives,1.328401290821013e-4,M639T535,4,0,4,0,0.36363636363636365,11,3.2767231840251653e-4,938,M639T535<br>M573T494_1<br>M236T462<br>M216T303<br>M351T304<br>M377T265<br>M296T567_a<br>M377T231<br>M313T352<br>M375T382<br>M336T567
Purine nucleosides,2.1643758429688752e-16,M267T389,25,3,22,0.12,0.5434782608695652,46,2.0020476547462095e-15,753,M267T389<br>M282T472<br>M318T438_a<br>M318T438_b<br>M408T742_a<br>M408T742_b<br>M408T742_c<br>M408T742_d<br>M356T376<br>M266T302<br>M328T436_a<br>M328T436_b<br>M328T436_c<br>M328T436_d<br>M328T436_e<br>M328T436_f<br>M328T436_g<br>M283T566<br>M320T555<br>M583T846_a<br>M583T846_b<br>M583T846_c<br>M583T846_d<br>M358T631_a<br>M358T631_b<br>M486T639_a<br>M486T639_b<br>M382T752<br>M297T601<br>M384T566_a<br>M384T566_b<br>M384T566_c<br>M384T566_d<br>M384T566_e<br>M384T566_f<br>M250T404<br>M414T534_a<br>M414T534_b<br>M342T566_a<br>M342T566_b<br>M251T320<br>M358T647_a<br>M358T647_b<br>M407T723_f<br>M407T723_g<br>M407T723_h
Purine nucleotides,5.491350938628267e-16,M730T791_a,29,7,22,0.2413793103448276,0.6304347826086957,46,4.063599694584918e-15,577.5,M730T791_a<br>M730T791_b<br>M730T791_c<br>M379T723_a<br>M379T723_b<br>M402T520_a<br>M515T543_a<br>M515T543_b<br>M537T797_a<br>M537T797_b<br>M604T878_2<br>M578T847_a<br>M578T847_b<br>M578T847_c<br>M344T589_a<br>M344T589_b<br>M344T589_c<br>M389T792<br>M660T794_a<br>M660T794_b<br>M660T794_c<br>M660T794_d<br>M400T722<br>M402T594<br>M783T793<br>M361T828<br>M347T833<br>M328T483<br>M402T474<br>M328T519<br>M566T733<br>M462T932<br>M588T844<br>M402T550_b<br>M362T864_b<br>M362T864_e<br>M558T783_1<br>M402T677<br>M346T802<br>M491T565<br>M558T783_2<br>M393T538<br>M469T647_a<br>M469T647_b<br>M331T686_a<br>M331T686_b
Pyridines and derivatives,0.0025895152165059665,M364T472,4,2,2,0.5,0.4,10,0.0045624791909867025,1027,M364T472<br>M206T222<br>M160T362<br>M306T626<br>M182T68<br>M269T806_2<br>M122T388<br>M246T722<br>M306T721<br>M174T408
Pyrimidine nucleosides,7.690177137780533e-5,M242T432,5,0,5,0,0.8333333333333334,6,2.0324039578419978e-4,321.5,M242T432<br>M435T644_a<br>M435T644_b<br>M435T644_c<br>M435T644_d<br>M243T407
Pyrimidine nucleotides,7.717787670430985e-11,M304T587,14,0,14,0,0.875,16,4.759302396765774e-10,387,M304T587<br>M322T813<br>M558T848_2_a<br>M558T848_2_b<br>M558T848_2_c<br>M323T772_b<br>M673T845<br>M487T826<br>M606T802<br>M613T790<br>M467T833<br>M384T873_a<br>M384T873_b<br>M384T873_c<br>M385T723<br>M345T647
Saccharolipids,1.9058359995585883e-8,M369T545_b,11,3,8,0.2727272727272727,0.2682926829268293,41,7.835103553740862e-8,1037,M369T545_b<br>M369T545_c<br>M369T545_d<br>M415T718_a<br>M415T718_b<br>M415T718_c<br>M415T718_d<br>M415T718_e<br>M415T718_f<br>M415T718_g<br>M415T718_h<br>M355T794_a<br>M355T794_b<br>M355T794_c<br>M355T794_d<br>M355T794_e<br>M355T794_f<br>M355T794_g<br>M355T794_h<br>M415T677_a<br>M415T677_b<br>M415T677_c<br>M415T677_d<br>M415T677_e<br>M415T677_f<br>M415T677_g<br>M415T677_h<br>M369T616_i<br>M369T616_k<br>M421T723_a<br>M421T723_b<br>M421T723_c<br>M421T723_d<br>M421T723_e<br>M421T723_f<br>M421T723_g<br>M421T723_h<br>M421T723_i<br>M421T723_j<br>M421T723_k<br>M421T723_l
Thiohydroximic acids and derivatives,0.010898050056086461,M288T464_b,2,1,1,0.5,0.6666666666666666,3,0.01612911408300796,412,M288T464_b<br>M269T364<br>M251T442
