name,pvalues,keycpdname,alteredMetabolites,upcount,downcount,upratio,altratio,csize,adjustedpvalue,xlogp,Compounds
1-ribosyl-imidazolecarboxamides,0.22559679415424214,M493T719_b,2,0,2,0,0.2857142857142857,7,0.2834421259886632,1241,M493T719_b<br>M285T464_b<br>M337T734<br>M387T647_d<br>M387T647_e<br>M387T647_f<br>M425T892
5'-deoxy-5'-thionucleosides,1.5656393760143938e-4,M633T785,6,0,6,0,0.6666666666666666,9,4.2293917115770335e-4,608,M633T785<br>M606T691<br>M649T846<br>M633T722<br>M296T179<br>M419T711<br>M383T717<br>M451T552<br>M419T735
Alcohols and polyols,7.25731440789243e-4,M218T494,4,1,3,0.25,0.2857142857142857,14,0.0014224336239469161,902.5,M218T494<br>M258T773_f<br>M160T493_d<br>M159T394_f<br>M360T832<br>M205T287<br>M241T740_e<br>M241T740_n<br>M241T740_o<br>M241T230_b<br>M160T470_a<br>M339T791_2_a<br>M339T791_2_b<br>M181T647_a
Amines,0.0041007458445116995,M242T678_a,3,0,3,0,0.75,4,0.006928846426933561,280.5,M242T678_a<br>M116T546_f<br>M160T493_j<br>M118T651_h
"Amino acids, peptides, and analogues",1.6207755270668968e-75,M148T513,143,23,120,0.16083916083916083,0.5,286,3.970900041313897e-74,753,M148T513<br>M187T516_2<br>M146T653<br>M242T678_b<br>M242T678_c<br>M116T545_a<br>M116T545_b<br>M303T494_a<br>M303T494_b<br>M188T690_a<br>M188T690_b<br>M275T784<br>M174T727<br>M192T301<br>M159T688_a<br>M159T688_b<br>M159T688_c<br>M159T688_d<br>M281T470<br>M277T81<br>M281T847_a<br>M281T847_b<br>M116T449<br>M266T820<br>M168T699<br>M88T631<br>M130T522_a<br>M130T522_b<br>M130T522_c<br>M130T522_e<br>M130T522_f<br>M130T522_g<br>M130T522_h<br>M439T791<br>M315T784<br>M173T725<br>M274T775<br>M198T764_a<br>M198T764_b<br>M116T546_a<br>M116T546_b<br>M116T546_c<br>M116T546_d<br>M116T546_e<br>M203T531_a<br>M203T531_b<br>M502T387<br>M132T556_a<br>M402T520_b<br>M402T520_c<br>M288T464_a<br>M102T515_c<br>M231T708_a<br>M231T708_b<br>M231T708_c<br>M231T708_d<br>M205T617_a<br>M205T617_b<br>M124T558_b<br>M173T576<br>M299T624<br>M182T716<br>M514T823<br>M314T746<br>M369T545_a<br>M362T624_a<br>M104T692_a<br>M104T692_b<br>M217T755<br>M407T896<br>M233T767_a<br>M275T836<br>M258T647_c<br>M125T598_a<br>M160T493_b<br>M160T493_c<br>M160T493_e<br>M160T493_f<br>M160T493_g<br>M160T493_h<br>M160T493_i<br>M208T351_a<br>M291T729<br>M260T742<br>M274T556_a<br>M164T675<br>M218T762<br>M436T906<br>M228T791<br>M350T705<br>M261T774<br>M208T696<br>M142T460<br>M405T589<br>M388T768<br>M306T888<br>M424T543_a<br>M424T543_b<br>M268T768<br>M197T696<br>M159T589_a<br>M159T589_b<br>M159T589_c<br>M358T555<br>M230T282<br>M244T660<br>M175T632<br>M172T316<br>M298T831<br>M217T484_a<br>M217T484_b<br>M265T380<br>M274T858<br>M334T404<br>M172T756<br>M180T556_a<br>M180T556_b<br>M267T516_a<br>M267T516_b<br>M265T407<br>M228T831<br>M309T668<br>M227T544<br>M142T354<br>M154T723<br>M377T921<br>M288T747<br>M611T937<br>M330T480<br>M164T463<br>M226T676<br>M215T683<br>M246T558<br>M386T653_a<br>M386T653_b<br>M192T280<br>M166T543_b<br>M166T543_c<br>M166T543_d<br>M241T402<br>M313T563<br>M345T552<br>M380T748_d<br>M212T723<br>M233T595<br>M132T745<br>M189T687<br>M327T712<br>M215T459_a<br>M215T459_b<br>M215T459_c<br>M215T459_d<br>M215T459_e<br>M302T720<br>M188T716_a<br>M188T716_b<br>M360T856<br>M114T565_a<br>M114T565_b<br>M131T694<br>M323T596<br>M277T558_2_b<br>M154T737_a<br>M154T737_b<br>M176T590_a<br>M176T590_b<br>M146T511_a<br>M146T511_b<br>M146T511_d<br>M146T511_e<br>M146T511_h<br>M146T511_i<br>M146T733_2<br>M259T699<br>M483T543<br>M314T737<br>M272T227<br>M219T564_a<br>M219T564_b<br>M219T564_c<br>M219T564_d<br>M402T722_a<br>M402T722_b<br>M127T686_a<br>M127T686_b<br>M402T550_a<br>M402T550_c<br>M186T692_a<br>M259T726_a<br>M259T726_b<br>M291T566<br>M217T609_a<br>M217T609_b<br>M217T609_c<br>M217T609_d<br>M217T609_e<br>M217T609_f<br>M214T307_2<br>M250T735_2<br>M219T585_b<br>M219T585_c<br>M219T585_d<br>M219T585_e<br>M219T585_f<br>M305T501_a<br>M247T563<br>M328T829<br>M256T799<br>M204T498_b<br>M204T498_c<br>M173T967<br>M253T722<br>M112T727_a<br>M112T727_b<br>M112T727_c<br>M203T884<br>M173T687<br>M196T554_a<br>M196T554_b<br>M233T379_a<br>M250T675<br>M235T413_b<br>M102T686_a<br>M102T686_b<br>M227T439<br>M221T416_a<br>M118T651_a<br>M118T651_b<br>M118T651_c<br>M118T651_d<br>M118T651_e<br>M118T651_f<br>M118T651_g<br>M628T543<br>M239T804<br>M232T674<br>M144T392<br>M628T544<br>M334T813_b<br>M236T328<br>M168T669<br>M255T786<br>M145T570_a<br>M145T570_b<br>M372T737_2<br>M493T422_1<br>M160T470_b<br>M160T470_c<br>M160T470_d<br>M160T470_e<br>M160T470_f<br>M221T473<br>M237T560<br>M221T494_a<br>M266T735<br>M109T686<br>M242T922<br>M376T684<br>M150T543_b<br>M150T543_c<br>M150T543_d<br>M196T652<br>M187T570_a<br>M187T570_b<br>M233T799<br>M237T671_a<br>M168T791<br>M373T565_a<br>M224T558_b<br>M228T604_a<br>M275T855<br>M435T485<br>M203T696_a<br>M203T696_b<br>M172T491<br>M246T463<br>M406T803<br>M171T552<br>M185T671<br>M210T646<br>M275T542<br>M144T516_b<br>M144T516_c<br>M88T671_a<br>M88T671_b<br>M88T671_c
Benzoic acids and derivatives,0.003277111462590998,M178T351,3,2,1,0.6666666666666666,0.3333333333333333,9,0.005947350432109589,987,M178T351<br>M178T337<br>M121T203<br>M169T389<br>M137T63<br>M235T413_c<br>M158T317_a<br>M158T317_b<br>M169T355
Beta lactams,0.05885789325999635,M534T673,2,1,1,0.5,0.6666666666666666,3,0.07794693972269787,733,M534T673<br>M201T520<br>M265T789
Carbohydrates and carbohydrate conjugates,1.1206024674186782e-117,M330T389,297,61,236,0.2053872053872054,0.54,550,5.490952090351523e-116,694.5,M330T389<br>M335T390_a<br>M335T390_b<br>M335T390_c<br>M582T783_a<br>M582T783_b<br>M582T783_c<br>M380T472_a<br>M380T472_b<br>M380T472_c<br>M143T544_a<br>M143T544_b<br>M339T555_a<br>M339T555_b<br>M339T555_c<br>M343T285<br>M381T543<br>M181T544_a<br>M181T544_b<br>M181T544_c<br>M181T544_d<br>M179T544_a<br>M179T544_b<br>M179T544_c<br>M179T544_d<br>M179T544_e<br>M179T544_f<br>M179T558_a<br>M179T558_b<br>M179T558_c<br>M179T558_d<br>M179T558_e<br>M179T558_f<br>M257T773_d<br>M257T773_e<br>M379T906<br>M525T717_a<br>M525T717_b<br>M525T717_c<br>M525T717_d<br>M525T717_e<br>M525T717_f<br>M525T717_g<br>M525T717_h<br>M525T717_i<br>M386T284<br>M503T847<br>M245T705<br>M407T719<br>M389T285<br>M421T850_a<br>M421T850_b<br>M421T850_c<br>M421T850_d<br>M421T850_e<br>M421T850_f<br>M421T850_g<br>M421T850_h<br>M303T724<br>M273T756_a<br>M273T756_b<br>M273T756_c<br>M273T756_d<br>M248T556_a<br>M248T556_b<br>M248T556_c<br>M501T681_a<br>M501T681_b<br>M135T702<br>M411T728_d<br>M411T728_e<br>M411T728_h<br>M411T728_i<br>M411T728_j<br>M113T558_b<br>M503T800_a<br>M503T800_b<br>M503T800_c<br>M503T800_d<br>M503T800_e<br>M503T800_f<br>M503T800_g<br>M503T800_h<br>M503T800_i<br>M503T869<br>M558T848_2_d<br>M558T848_2_e<br>M558T848_2_f<br>M558T848_2_g<br>M558T848_2_h<br>M558T848_2_i<br>M323T772_a<br>M503T931<br>M193T716<br>M213T642_b<br>M213T642_c<br>M213T642_d<br>M299T520_a<br>M299T520_b<br>M299T520_c<br>M287T806<br>M473T718_a<br>M473T718_b<br>M473T718_c<br>M473T718_d<br>M151T438_a<br>M151T438_b<br>M289T865<br>M421T926_a<br>M421T926_b<br>M421T926_c<br>M421T926_d<br>M421T926_e<br>M421T926_f<br>M421T926_g<br>M421T926_h<br>M259T866_a<br>M259T866_b<br>M259T866_c<br>M369T545_e<br>M338T676_a<br>M338T676_b<br>M338T676_c<br>M290T618_a<br>M290T618_b<br>M290T618_c<br>M290T618_d<br>M225T727<br>M354T308<br>M326T742_a<br>M326T742_b<br>M326T742_c<br>M326T742_d<br>M326T742_e<br>M326T742_f<br>M362T624_b<br>M362T624_c<br>M417T469_a<br>M417T469_b<br>M258T773_a<br>M258T773_b<br>M258T773_c<br>M258T773_d<br>M258T773_e<br>M283T688_c<br>M493T719_a<br>M339T593_a<br>M339T593_b<br>M339T593_c<br>M213T543_a<br>M213T543_b<br>M213T543_c<br>M213T543_d<br>M213T543_e<br>M101T558_a<br>M101T558_b<br>M101T558_c<br>M259T464_a<br>M259T464_b<br>M259T464_c<br>M259T464_d<br>M259T464_e<br>M259T464_f<br>M259T464_g<br>M259T464_h<br>M259T464_i<br>M259T464_j<br>M259T464_k<br>M259T464_l<br>M259T464_m<br>M259T464_n<br>M259T464_o<br>M259T464_p<br>M259T464_r<br>M304T769_a<br>M304T769_b<br>M258T647_a<br>M258T647_b<br>M311T438<br>M501T723_a<br>M501T723_b<br>M423T725_a<br>M423T725_b<br>M423T725_c<br>M423T725_d<br>M423T725_e<br>M423T725_f<br>M125T598_b<br>M259T885_a<br>M259T885_b<br>M259T885_c<br>M445T806_a<br>M445T806_b<br>M383T665_a<br>M383T665_b<br>M383T665_c<br>M317T561<br>M274T556_b<br>M125T687<br>M282T742<br>M354T797_a<br>M354T797_b<br>M283T596_b<br>M360T547_a<br>M360T547_b<br>M325T882<br>M341T727_a<br>M341T727_b<br>M259T849_a<br>M259T849_b<br>M259T849_c<br>M300T830<br>M705T723_2_a<br>M705T723_2_b<br>M705T723_2_c<br>M705T723_2_d<br>M705T723_2_e<br>M705T723_2_f<br>M705T723_2_g<br>M705T723_2_h<br>M705T723_2_i<br>M705T723_2_j<br>M386T764<br>M149T294<br>M225T556_a<br>M225T556_b<br>M225T556_c<br>M225T556_d<br>M417T540_a<br>M417T540_b<br>M298T791_a<br>M298T791_b<br>M341T765_a<br>M341T765_b<br>M341T765_c<br>M377T535_a<br>M377T535_b<br>M377T535_c<br>M377T535_d<br>M445T687_a<br>M445T687_b<br>M445T687_c<br>M491T191<br>M143T579<br>M415T718_j<br>M415T718_k<br>M415T718_l<br>M415T718_m<br>M415T718_n<br>M415T718_o<br>M415T718_p<br>M415T718_q<br>M389T690_a<br>M389T690_b<br>M338T495_a<br>M384T873_d<br>M384T873_e<br>M384T873_f<br>M339T729_a<br>M339T729_b<br>M339T729_c<br>M300T660_a<br>M300T660_b<br>M300T660_c<br>M300T660_d<br>M264T632<br>M583T846_e<br>M583T846_f<br>M583T846_g<br>M583T846_h<br>M583T846_i<br>M583T846_j<br>M583T846_k<br>M583T846_l<br>M583T846_m<br>M583T846_n<br>M583T846_o<br>M583T846_p<br>M583T846_q<br>M583T846_r<br>M583T846_s<br>M583T846_t<br>M288T660<br>M141T579_a<br>M141T579_b<br>M141T579_c<br>M281T726_d<br>M281T726_e<br>M317T730<br>M279T399<br>M445T714_a<br>M445T714_b<br>M445T714_c<br>M380T748_a<br>M380T748_b<br>M380T748_c<br>M380T748_e<br>M341T677<br>M387T511<br>M361T887_a<br>M361T887_b<br>M339T518_a<br>M339T518_b<br>M339T518_c<br>M343T465_a<br>M343T465_b<br>M202T681<br>M372T389_a<br>M372T389_b<br>M441T385<br>M273T686<br>M540T794<br>M231T545_a<br>M231T545_b<br>M231T545_c<br>M275T695<br>M439T723_a<br>M439T723_b<br>M439T723_c<br>M439T723_d<br>M439T723_e<br>M439T723_f<br>M439T723_g<br>M363T601_a<br>M230T686_c<br>M230T686_d<br>M225T714_a<br>M225T714_b<br>M225T714_c<br>M241T740_a<br>M241T740_b<br>M241T740_c<br>M241T740_d<br>M241T740_f<br>M241T740_g<br>M241T740_h<br>M241T740_i<br>M241T740_j<br>M241T740_k<br>M241T740_l<br>M241T740_m<br>M321T755_1_a<br>M321T755_1_b<br>M321T755_1_c<br>M219T585_a<br>M296T567_b<br>M296T567_c<br>M296T567_d<br>M296T567_e<br>M405T806_a<br>M405T806_b<br>M405T806_c<br>M353T752_a<br>M353T752_b<br>M311T813<br>M415T677_i<br>M415T677_j<br>M415T677_k<br>M415T677_l<br>M415T677_m<br>M415T677_n<br>M415T677_o<br>M415T677_p<br>M326T566_a<br>M326T566_b<br>M326T566_c<br>M326T566_d<br>M326T566_e<br>M326T566_f<br>M362T864_c<br>M362T864_f<br>M363T724_a<br>M363T724_b<br>M363T724_c<br>M363T724_d<br>M363T724_e<br>M363T724_f<br>M363T724_g<br>M363T724_h<br>M363T724_i<br>M363T724_j<br>M231T734_a<br>M231T734_b<br>M231T734_c<br>M229T825<br>M445T730_a<br>M445T730_b<br>M445T730_c<br>M484T731_a<br>M484T731_b<br>M484T731_c<br>M484T731_d<br>M484T731_e<br>M412T388_a<br>M412T388_b<br>M334T813_a<br>M308T543<br>M421T891_a<br>M421T891_b<br>M421T891_c<br>M421T891_d<br>M421T891_e<br>M421T891_f<br>M421T891_g<br>M421T891_h<br>M329T912_b<br>M257T515<br>M369T616_f<br>M369T616_g<br>M369T616_h<br>M369T616_j<br>M369T616_l<br>M369T616_n<br>M369T616_o<br>M325T555_a<br>M325T555_b<br>M325T555_c<br>M325T555_d<br>M325T555_e<br>M325T555_f<br>M325T555_g<br>M325T555_h<br>M325T555_i<br>M325T555_j<br>M258T564_a<br>M258T564_b<br>M258T564_c<br>M258T564_d<br>M258T564_e<br>M258T564_f<br>M326T881_a<br>M326T881_b<br>M326T881_c<br>M326T881_d<br>M326T881_e<br>M326T881_f<br>M326T881_g<br>M326T881_h<br>M326T881_i<br>M326T881_j<br>M326T881_k<br>M359T780_b<br>M359T780_c<br>M359T780_d<br>M275T565_a<br>M275T565_b<br>M275T565_c<br>M290T657_a<br>M290T657_b<br>M290T657_c<br>M290T657_d<br>M339T791_2_d<br>M339T791_2_e<br>M339T791_2_f<br>M339T791_2_g<br>M339T791_2_h<br>M263T728<br>M383T755<br>M409T282<br>M398T534<br>M241T625<br>M482T723<br>M418T719_a<br>M418T719_b<br>M418T719_c<br>M418T719_d<br>M418T719_e<br>M418T719_f<br>M503T778_a<br>M503T778_b<br>M503T778_c<br>M503T778_d<br>M503T778_e<br>M503T778_f<br>M503T778_g<br>M503T778_h<br>M503T778_i<br>M405T472_a<br>M405T472_b<br>M405T472_c<br>M405T472_d<br>M405T472_f<br>M405T472_g<br>M401T453_a<br>M401T453_b<br>M401T453_c<br>M401T453_d<br>M401T453_e<br>M401T453_f<br>M237T671_b<br>M237T671_g<br>M237T671_h<br>M237T671_i<br>M237T671_j<br>M407T723_a<br>M407T723_b<br>M407T723_c<br>M407T723_d<br>M407T723_e<br>M324T755<br>M355T647<br>M246T631_1_a<br>M246T631_1_b<br>M246T631_1_c<br>M246T631_1_d<br>M246T631_1_e<br>M246T631_1_f<br>M246T631_1_g<br>M246T631_1_h<br>M246T631_1_i<br>M246T631_1_j<br>M285T565<br>M243T551_c<br>M243T551_d<br>M373T565_b<br>M372T559_a<br>M372T559_b<br>M518T805_b<br>M518T805_c<br>M518T805_d<br>M228T604_b<br>M355T811_a<br>M355T811_b<br>M355T811_c<br>M250T730_c<br>M250T730_d<br>M250T730_e<br>M345T755<br>M361T560_a<br>M361T560_b<br>M361T560_c<br>M217T543_d<br>M283T391<br>M393T647_a<br>M393T647_b<br>M393T647_c<br>M393T647_d<br>M351T565<br>M179T481_a<br>M179T481_b<br>M179T481_c<br>M179T481_d<br>M179T481_e<br>M179T481_f<br>M179T481_g<br>M311T565<br>M337T643_c<br>M253T526_a<br>M253T526_b<br>M147T138
Carbonyl compounds,8.425062511505893e-16,M260T420_a,26,12,14,0.46153846153846156,0.6046511627906976,43,8.256561261275776e-15,665,M260T420_a<br>M260T420_b<br>M445T495_a<br>M445T495_b<br>M336T307<br>M257T773_c<br>M228T282_a<br>M228T282_b<br>M113T558_f<br>M356T202<br>M287T660_a<br>M287T660_b<br>M283T688_a<br>M179T277_a<br>M179T277_b<br>M159T394_a<br>M159T394_e<br>M157T546_a<br>M157T546_d<br>M157T617_a<br>M235T336<br>M267T516_c<br>M157T406_c<br>M157T406_e<br>M283T520_a<br>M283T520_b<br>M157T192<br>M237T712_a<br>M237T712_b<br>M241T603_b<br>M323T390<br>M363T601_b<br>M175T294<br>M325T401_a<br>M325T401_b<br>M233T379_b<br>M235T413_a<br>M221T416_b<br>M221T416_c<br>M265T437_a<br>M265T437_b<br>M147T531_b<br>M181T647_b
Cyclic purine nucleotides,2.2104454584143316e-7,M537T797_a,7,1,6,0.14285714285714285,0.7777777777777778,9,1.203464749581136e-6,478,M537T797_a<br>M537T797_b<br>M344T589_a<br>M344T589_b<br>M344T589_c<br>M361T828<br>M328T483<br>M328T519<br>M566T733
Dicarboxylic acids and derivatives,0.0068306276661378295,M132T556_b,4,3,1,0.75,0.5714285714285714,7,0.010459398613773551,721,M132T556_b<br>M132T556_c<br>M179T508<br>M117T123<br>M135T648<br>M117T184<br>M139T648
Diterpenoids,3.141039488913089e-4,M425T363_2,3,3,0,1,0.75,4,7.329092140797208e-4,82.5,M425T363_2<br>M297T70<br>M311T70_a<br>M460T363
Eicosanoids,7.487534357863979e-6,M315T80_1,3,0,3,0,1,3,2.8222244887333456e-5,445,M315T80_1<br>M315T126_b<br>M451T303
Fatty acids and conjugates,5.6569585092263826e-30,M241T75,55,30,25,0.5454545454545454,0.5555555555555556,99,9.239698898403091e-29,625,M241T75<br>M295T79_a<br>M295T79_b<br>M158T335<br>M311T70_b<br>M113T558_a<br>M113T558_g<br>M423T65_2<br>M125T558_a<br>M125T558_b<br>M271T79<br>M287T191<br>M367T617<br>M253T75<br>M187T632<br>M255T790_a<br>M255T790_b<br>M255T790_c<br>M255T790_d<br>M255T790_e<br>M233T767_b<br>M301T617_2<br>M125T598_d<br>M287T160<br>M160T493_a<br>M113T293_a<br>M315T126_c<br>M159T394_c<br>M127T407_d<br>M339T69<br>M157T546_e<br>M235T494_c<br>M235T494_e<br>M235T494_f<br>M283T73<br>M227T459_b<br>M227T459_c<br>M186T410<br>M356T737_a<br>M356T737_b<br>M356T737_c<br>M356T737_d<br>M356T737_e<br>M356T737_f<br>M356T737_g<br>M356T737_h<br>M356T737_i<br>M356T737_j<br>M356T737_k<br>M356T737_l<br>M157T406_a<br>M281T726_a<br>M281T726_b<br>M281T726_c<br>M253T51<br>M171T79<br>M226T543_2<br>M533T75<br>M365T67<br>M146T511_g<br>M286T520<br>M186T692_b<br>M385T850_a<br>M385T850_b<br>M385T850_c<br>M385T850_d<br>M385T850_e<br>M385T850_f<br>M269T128_a<br>M269T128_b<br>M143T80<br>M395T68_a<br>M395T68_b<br>M307T71<br>M293T108_g<br>M367T806<br>M309T191<br>M337T68<br>M287T647<br>M359T780_a<br>M205T415_a<br>M315T128<br>M346T539_a<br>M346T539_b<br>M147T531_a<br>M224T558_a<br>M285T186<br>M181T647_d<br>M295T105_a<br>M295T105_b<br>M295T105_c<br>M295T105_d<br>M250T730_a<br>M250T730_b<br>M327T72<br>M199T79<br>M227T77<br>M312T80_2_a<br>M312T80_2_b
Fatty acyl glycosides,2.6949727672228047e-8,M411T728_a,20,8,12,0.4,0.5263157894736842,38,1.8864809370559634e-7,719.5,M411T728_a<br>M411T728_b<br>M411T728_c<br>M411T728_f<br>M411T728_g<br>M283T688_b<br>M429T638_a<br>M429T638_b<br>M429T638_c<br>M429T638_d<br>M429T638_e<br>M283T596_a<br>M383T732_a<br>M383T732_b<br>M383T732_c<br>M383T732_d<br>M383T732_e<br>M415T718_i<br>M583T846_u<br>M343T717<br>M415T677_q<br>M329T912_c<br>M329T912_d<br>M369T616_a<br>M369T616_b<br>M369T616_c<br>M369T616_d<br>M369T616_e<br>M369T616_m<br>M405T472_e<br>M405T733_a<br>M405T733_b<br>M405T733_c<br>M405T733_d<br>M405T733_e<br>M372T556<br>M337T643_a<br>M337T643_b
Gamma-keto acids and derivatives,3.065341080965567e-7,M194T279,5,0,5,0,0.8333333333333334,6,1.502017129673128e-6,537,M194T279<br>M157T546_b<br>M167T677<br>M157T617_b<br>M157T406_d<br>M305T566_a
Gamma butyrolactones,0.004444740535525932,M113T293_b,3,0,3,0,1,3,0.0072597428746923555,748,M113T293_b<br>M177T559_a<br>M177T559_b
Glycerophosphates,8.223428484842279e-6,M171T719_b,4,1,3,0.25,0.5,8,2.8781999696947976e-5,703.5,M171T719_b<br>M171T719_c<br>M171T719_d<br>M704T343<br>M171T806_a<br>M171T806_b<br>M171T806_c<br>M171T806_d
Glycerophosphoethanolamines,0.09629741924847679,M214T730,2,0,2,0,0.5,4,0.12417298797829902,872,M214T730<br>M452T494<br>M452T334<br>M452T357_2
Hydroxycinnamic acids and derivatives,0.005573651851014549,M423T222_a,4,0,4,0,0.5714285714285714,7,0.008809965829022997,276,M423T222_a<br>M393T285<br>M213T282<br>M361T285<br>M187T201<br>M331T534<br>M283T174
Indanones,6.793967333819237e-6,M211T145_a,6,6,0,1,1,6,2.7742033279761884e-5,234.5,M211T145_a<br>M211T145_b<br>M211T145_d<br>M211T164_a<br>M211T164_b<br>M211T164_e
Lineolic acids and derivatives,1.3139329290051433e-21,M279T73_2,14,6,8,0.42857142857142855,0.3333333333333333,42,1.6095678380313005e-20,954,M279T73_2<br>M311T80_a<br>M311T80_b<br>M311T80_c<br>M311T80_d<br>M311T80_e<br>M311T80_f<br>M371T77_a<br>M371T77_b<br>M371T77_c<br>M371T77_d<br>M371T77_e<br>M371T77_f<br>M277T75_2<br>M339T71<br>M333T79_a<br>M333T79_b<br>M333T79_c<br>M333T79_d<br>M333T79_e<br>M333T79_f<br>M301T72<br>M311T129_a<br>M311T129_b<br>M311T129_c<br>M311T129_d<br>M311T129_e<br>M311T129_f<br>M311T129_g<br>M311T129_h<br>M311T129_i<br>M311T129_j<br>M293T108_a<br>M293T108_b<br>M293T108_c<br>M293T108_d<br>M293T108_e<br>M293T108_f<br>M293T108_h<br>M293T108_i<br>M293T108_j<br>M293T108_k
Medium-chain hydroxy acids and derivatives,0.044527336125891694,M215T137,4,4,0,1,0.3333333333333333,12,0.06060665194913036,1329.5,M215T137<br>M215T163<br>M235T494_a<br>M235T494_b<br>M215T79<br>M237T671_c<br>M217T543_a<br>M217T543_b<br>M217T543_c<br>M217T543_e<br>M217T543_f<br>M217T543_g
Medium-chain keto acids and derivatives,4.515100350945817e-4,M251T296,10,2,8,0.2,0.43478260869565216,23,9.218329883181043e-4,993,M251T296<br>M257T773_a<br>M257T773_b<br>M210T388<br>M159T394_b<br>M159T394_d<br>M127T407_a<br>M292T189<br>M157T546_c<br>M157T406_b<br>M204T498_a<br>M173T814_a<br>M173T814_e<br>M230T294<br>M193T287_a<br>M193T287_b<br>M205T415_b<br>M237T671_d<br>M237T671_e<br>M237T671_f<br>M181T647_c<br>M210T588<br>M144T516_a
Organic phosphonic acids,0.003541616817037685,M200T716_a,2,0,2,0,0.2857142857142857,7,0.006197829429815949,844,M200T716_a<br>M171T719_a<br>M200T568<br>M140T884_a<br>M226T514_b<br>M139T815_a<br>M256T565
Peroxycarboxylic acids and derivatives,4.4513950104740907e-4,M102T515_b,4,1,3,0.25,0.8,5,9.218329883181043e-4,481,M102T515_b<br>M124T558_c<br>M205T558_b<br>M205T542_b<br>M205T490_b
Phosphate esters,1.7262823312559319e-4,M198T764_c,9,1,8,0.1111111111111111,0.5625,16,4.2293917115770335e-4,721.5,M198T764_c<br>M200T716_b<br>M244T547<br>M213T642_a<br>M227T767_b<br>M227T767_c<br>M267T637<br>M153T489_c<br>M197T718<br>M140T884_b<br>M155T859<br>M139T815_b<br>M233T513<br>M265T558_b<br>M325T696<br>M243T551_b
Pterins and derivatives,3.3605622718257955e-4,M639T535,4,0,4,0,0.5,8,7.484888696339271e-4,752.5,M639T535<br>M573T494_1<br>M236T462<br>M216T303<br>M351T304<br>M296T567_a<br>M313T352<br>M336T567
Purine 2'-deoxyribonucleosides,8.403129667135183e-5,M408T742_d,5,0,5,0,0.5555555555555556,9,2.422078551115435e-4,495,M408T742_d<br>M328T436_a<br>M328T436_b<br>M328T436_c<br>M328T436_d<br>M486T639_a<br>M486T639_b<br>M250T404<br>M251T320
Purine nucleotide sugars,0.001160757644648261,M604T878_2,5,4,1,0.8,0.625,8,0.0021875817149140304,523.5,M604T878_2<br>M660T794_a<br>M660T794_b<br>M660T794_c<br>M660T794_d<br>M588T844<br>M558T783_1<br>M558T783_2
Purine ribonucleotides,5.5387322010138495e-9,M730T791_a,17,2,15,0.11764705882352941,0.6296296296296297,27,4.52329796416131e-8,566,M730T791_a<br>M730T791_b<br>M730T791_c<br>M379T723_a<br>M379T723_b<br>M402T520_a<br>M515T543_a<br>M515T543_b<br>M578T847_a<br>M578T847_b<br>M578T847_c<br>M389T792<br>M400T722<br>M402T594<br>M783T793<br>M347T833<br>M402T474<br>M462T932<br>M402T550_b<br>M362T864_b<br>M362T864_e<br>M402T677<br>M346T802<br>M491T565<br>M469T647_a<br>M469T647_b<br>M331T686_b
Pyrimidine nucleotide sugars,6.243570828123879e-7,M673T845,3,0,3,0,1,3,2.781227005255182e-6,498,M673T845<br>M606T802<br>M613T790
Pyrimidine ribonucleotides,1.3754759440327272e-7,M322T813,10,0,10,0,0.8333333333333334,12,8.424790157200454e-7,401,M322T813<br>M558T848_2_a<br>M558T848_2_b<br>M558T848_2_c<br>M323T772_b<br>M487T826<br>M467T833<br>M384T873_a<br>M384T873_b<br>M384T873_c<br>M385T723<br>M345T647
Pyrimidines and pyrimidine derivatives,1.6799679018990774e-4,M558T848_1,6,0,6,0,0.75,8,4.2293917115770335e-4,590.5,M558T848_1<br>M558T848_2_j<br>M111T147_2<br>M187T409<br>M155T410_a<br>M155T410_b<br>M528T733<br>M482T721
Short-chain keto acids and derivatives,2.9085102154246918e-5,M113T558_c,8,1,7,0.125,0.5714285714285714,14,8.907312534738119e-5,605.5,M113T558_c<br>M113T558_d<br>M113T558_e<br>M113T558_h<br>M127T407_b<br>M127T407_c<br>M207T791<br>M196T608<br>M241T603_c<br>M146T511_c<br>M196T557<br>M205T415_c<br>M205T415_d<br>M153T672
Sulfuric acid esters,1.820381979011963e-5,M259T464_q,4,3,1,0.75,0.4444444444444444,9,5.946581131439079e-5,812,M259T464_q<br>M259T464_s<br>M227T459_a<br>M267T711<br>M305T566_c<br>M305T566_d<br>M230T686_a<br>M230T686_b<br>M237T573
Thiohydroximic acids,0.010898050056086461,M288T464_b,2,1,1,0.5,0.6666666666666666,3,0.016181953113582927,389,M288T464_b<br>M269T364<br>M251T442
Tricarboxylic acids and derivatives,0.033366806731488306,M391T460,2,1,1,0.5,0.2857142857142857,7,0.048087456760086085,995,M391T460<br>M285T618<br>M173T814_b<br>M173T814_c<br>M173T814_d<br>M265T558_a<br>M265T687
Ureas,0.04213476779754344,M205T558_a,2,0,2,0,0.6666666666666666,3,0.05898867491656081,597,M205T558_a<br>M205T542_a<br>M205T490_a
