name,pvalues,keycpdname,alteredMetabolites,upcount,downcount,upratio,altratio,csize,adjustedpvalue,xlogp,Compounds
(5'->5')-dinucleotides,0.5102048379126242,M815T397,2,0,2,0,0.14285714285714285,14,0.9003614786693367,745.5,M815T397<br>M662T429<br>M953T476<br>M926T344_a<br>M926T344_b<br>M926T344_c<br>M926T343_a<br>M926T343_b<br>M926T343_c<br>M886T340_2_a<br>M886T340_2_b<br>M886T340_2_c<br>M744T337_1<br>M781T424
Azoles,0.10723170432044431,M215T269_a,3,0,3,0,0.375,8,0.22978222354380923,628.5,M215T269_a<br>M215T269_b<br>M215T269_c<br>M137T280<br>M295T292<br>M186T270_b<br>M386T343_a<br>M386T343_b
Carboxylic acids and derivatives,1.6840250505777536e-25,M319T364,94,47,47,0.5,0.3443223443223443,273,2.5260375758666303e-24,530,M319T364<br>M247T411_b<br>M247T411_d<br>M363T442<br>M304T415<br>M129T364_1_b<br>M233T237<br>M303T366<br>M185T411<br>M346T425<br>M288T393_b<br>M288T393_c<br>M191T473_a<br>M191T473_b<br>M228T398<br>M234T338<br>M182T381_a<br>M182T381_b<br>M132T396_a<br>M132T396_b<br>M157T283_a<br>M354T496_a<br>M354T496_b<br>M259T270_a<br>M259T270_b<br>M187T279_2_a<br>M187T279_2_b<br>M187T279_2_c<br>M249T385<br>M243T230_a<br>M243T230_b<br>M243T230_c<br>M203T414_a<br>M274T409<br>M233T414<br>M196T295<br>M184T463<br>M351T287<br>M273T366<br>M88T355_a<br>M88T355_b<br>M88T355_c<br>M88T355_d<br>M88T355_e<br>M245T373<br>M215T294_b<br>M174T381<br>M336T447_1<br>M173T430<br>M352T377<br>M306T395<br>M207T365_a<br>M207T365_b<br>M207T365_c<br>M218T374<br>M175T412<br>M289T462<br>M303T347<br>M202T264_a<br>M202T264_b<br>M146T391_2<br>M188T437_a<br>M188T437_b<br>M205T296_a<br>M302T399<br>M336T390_a<br>M336T390_c<br>M210T395<br>M182T402_a<br>M182T402_b<br>M182T402_c<br>M182T402_d<br>M182T402_e<br>M182T402_f<br>M221T385<br>M189T428<br>M130T250<br>M146T293<br>M224T325_a<br>M224T325_b<br>M224T325_c<br>M276T386<br>M231T383_a<br>M231T383_b<br>M231T383_c<br>M217T263<br>M187T255_a<br>M187T255_b<br>M187T255_c<br>M288T436<br>M261T221_b<br>M210T436<br>M186T232_1<br>M200T236_b<br>M275T384<br>M158T344_b<br>M158T344_c<br>M320T387_b<br>M131T368<br>M320T415_2_a<br>M320T415_2_b<br>M320T415_2_c<br>M303T265_b<br>M200T353<br>M455T269<br>M201T364<br>M148T274_2<br>M104T367_a<br>M104T367_b<br>M217T359<br>M116T291<br>M144T277_c<br>M144T277_d<br>M248T275_a<br>M248T275_b<br>M277T157_2<br>M299T301<br>M275T452<br>M114T303_a<br>M114T303_b<br>M275T291<br>M336T381<br>M210T337_a<br>M210T337_b<br>M194T149_a<br>M449T429_g<br>M449T429_h<br>M449T429_i<br>M205T331<br>M202T344<br>M251T258<br>M259T368<br>M214T266<br>M454T266<br>M227T321<br>M188T383_a<br>M188T383_b<br>M601T296_1<br>M299T271_c<br>M130T260_a<br>M130T260_b<br>M130T260_c<br>M389T254_a<br>M389T254_c<br>M389T254_d<br>M352T427_a<br>M352T427_b<br>M145T502<br>M274T313_a<br>M312T364_a<br>M312T364_b<br>M356T447<br>M274T327_2<br>M242T355_a<br>M203T281<br>M334T284<br>M360T296<br>M160T373_a<br>M160T373_b<br>M160T373_c<br>M329T364<br>M392T413_a<br>M241T502<br>M185T502<br>M344T257<br>M167T364_2_a<br>M167T364_2_b<br>M167T364_2_c<br>M146T275_b<br>M146T275_c<br>M146T275_d<br>M146T275_e<br>M146T275_g<br>M146T249_a<br>M146T249_c<br>M309T357_a<br>M309T357_b<br>M128T292_2<br>M173T275<br>M156T352<br>M156T388_a<br>M156T388_b<br>M400T369_a<br>M134T306<br>M260T288_a<br>M260T288_b<br>M260T288_c<br>M212T304<br>M201T215_b<br>M201T215_c<br>M288T264_a<br>M288T264_b<br>M288T264_c<br>M288T264_d<br>M288T264_e<br>M288T264_g<br>M288T264_h<br>M383T252<br>M173T493<br>M258T386_2<br>M390T249<br>M214T304_c<br>M102T277_a<br>M250T385<br>M132T297<br>M256T425<br>M219T244<br>M205T347<br>M125T364_a<br>M125T364_b<br>M133T222_a<br>M133T222_b<br>M242T478<br>M243T413_1_a<br>M243T413_1_b<br>M244T230_2<br>M164T249<br>M369T290_a<br>M173T381<br>M173T311_a<br>M173T311_b<br>M395T259<br>M236T408_a<br>M192T196<br>M224T296_b<br>M397T260<br>M368T352_2<br>M286T240<br>M344T275<br>M150T382<br>M144T216<br>M199T293_a<br>M199T293_b<br>M199T293_c<br>M199T293_d<br>M290T356_a<br>M290T356_b<br>M158T360_b<br>M158T360_c<br>M261T352_a<br>M201T277_b<br>M201T277_c<br>M149T364<br>M250T370<br>M307T459<br>M134T272<br>M227T439<br>M378T427<br>M217T248_a<br>M217T248_b<br>M130T213<br>M117T382<br>M208T212_a<br>M208T212_c<br>M386T364<br>M386T348<br>M238T249<br>M187T307<br>M217T411<br>M611T487<br>M258T258<br>M337T276<br>M289T460_b<br>M224T424<br>M180T290_2<br>M555T288_a<br>M555T288_b<br>M555T288_c<br>M555T288_d<br>M180T348_b<br>M180T348_c<br>M335T447<br>M154T370
Diazines,0.02908881784604594,M155T233_a,6,1,5,0.16666666666666666,0.3333333333333333,18,0.07272204461511485,628.5,M155T233_a<br>M155T233_b<br>M564T338<br>M326T289<br>M113T283<br>M644T336<br>M820T343_a<br>M820T343_b<br>M422T279_a<br>M422T279_b<br>M111T84<br>M604T337<br>M201T237_a<br>M201T237_b<br>M221T276<br>M361T361<br>M246T169<br>M221T222
Fatty Acyls,2.7504405074228233e-8,M384T443_c,22,14,8,0.6363636363636364,0.24444444444444444,90,2.750440507422823e-7,514.5,M384T443_c<br>M129T364_1_a<br>M129T364_1_c<br>M241T395_e<br>M241T395_f<br>M241T395_g<br>M203T414_b<br>M215T294_a<br>M353T474_2_a<br>M353T474_2_b<br>M353T474_2_c<br>M353T474_2_d<br>M353T474_2_e<br>M353T474_2_f<br>M337T441_a<br>M337T441_b<br>M202T295<br>M553T473_a<br>M553T473_b<br>M553T473_c<br>M553T473_d<br>M553T473_e<br>M158T344_a<br>M419T365_b<br>M329T442_c<br>M329T442_d<br>M241T325_c<br>M241T325_e<br>M241T325_f<br>M852T472<br>M279T43<br>M213T45<br>M227T45_2<br>M207T377_b<br>M253T377<br>M455T263_a<br>M455T263_b<br>M455T263_d<br>M455T263_e<br>M455T263_f<br>M238T298_a<br>M238T298_b<br>M238T298_c<br>M238T298_d<br>M238T298_e<br>M238T298_f<br>M353T414_a<br>M353T414_b<br>M353T414_c<br>M389T254_b<br>M255T44<br>M173T352<br>M146T275_f<br>M271T65<br>M883T291<br>M204T272<br>M214T304_a<br>M214T304_b<br>M359T350_d<br>M325T59<br>M283T43<br>M356T367<br>M271T46_2<br>M178T305_a<br>M125T298_d<br>M226T292<br>M183T295_d<br>M183T295_e<br>M183T295_f<br>M183T295_g<br>M183T295_h<br>M183T295_i<br>M158T360_a<br>M357T272_a<br>M275T44<br>M103T243_e<br>M161T368<br>M357T361_a<br>M113T297_b<br>M395T294_a<br>M395T294_b<br>M395T294_c<br>M395T294_d<br>M395T294_f<br>M211T285_a<br>M211T285_b<br>M211T285_c<br>M211T285_d<br>M311T40_2_b<br>M180T348_a
Glycerophospholipids,1.6684184520100175e-4,M193T377_a,4,2,2,0.5,0.6666666666666666,6,8.342092260050088e-4,88.5,M193T377_a<br>M193T377_b<br>M171T429_a<br>M171T429_b<br>M256T377_2<br>M214T386
Indoles and derivatives,3.5931534010874143e-4,M236T157_a,3,3,0,1,0.2,15,0.0015399228861803203,338,M236T157_a<br>M236T157_b<br>M235T234<br>M234T101_a<br>M234T101_b<br>M309T216_a<br>M309T216_b<br>M303T265_a<br>M235T212<br>M297T292<br>M219T269<br>M308T353<br>M219T168<br>M208T125<br>M203T249
Keto acids and derivatives,0.2413119346490948,M241T395_a,4,4,0,1,0.08333333333333333,48,0.4524598774670528,796,M241T395_a<br>M129T241_a<br>M129T241_b<br>M129T241_c<br>M158T344_d<br>M178T206<br>M144T277_a<br>M144T277_b<br>M208T392_a<br>M208T392_b<br>M200T110<br>M194T132<br>M194T149_b<br>M193T232<br>M166T368_1_a<br>M166T368_1_b<br>M146T275_a<br>M155T275<br>M145T330_a<br>M145T330_b<br>M145T330_c<br>M129T46<br>M141T218_2_a<br>M141T218_2_b<br>M273T245<br>M115T215<br>M183T295_a<br>M183T295_b<br>M183T295_c<br>M204T266_a<br>M204T266_b<br>M343T250<br>M143T339_a<br>M143T339_b<br>M143T339_c<br>M113T297_a<br>M113T297_c<br>M113T297_d<br>M113T297_e<br>M113T297_f<br>M113T297_g<br>M211T285_e<br>M145T363_a<br>M145T363_b<br>M145T363_c<br>M180T348_d<br>M141T243_a<br>M141T243_b
Organic phosphoric acids and derivatives,3.298958518656842e-7,M241T395_c,5,4,1,0.8,0.2777777777777778,18,2.4742188889926314e-6,390.5,M241T395_c<br>M241T395_d<br>M167T454<br>M282T463_c<br>M242T294<br>M241T325_a<br>M241T325_d<br>M244T479_a<br>M244T479_b<br>M244T479_c<br>M207T377_a<br>M154T458_a<br>M154T458_b<br>M197T377<br>M259T302_h<br>M259T302_i<br>M237T303_h<br>M237T303_i
Organic sulfonic acids and derivatives,0.13402533540230074,M117T308,3,1,2,0.3333333333333333,0.375,8,0.2680506708046015,633.5,M117T308<br>M226T377<br>M166T283<br>M213T306<br>M163T307<br>M124T287_2<br>M259T249_a<br>M259T249_b
Organooxygen compounds,1.806587312834178e-32,M319T434_a,116,72,44,0.6206896551724138,0.3547400611620795,327,5.419761938502534e-31,492,M319T434_a<br>M319T434_b<br>M319T434_c<br>M319T434_d<br>M319T434_e<br>M319T434_f<br>M384T443_a<br>M384T443_b<br>M384T443_d<br>M384T443_e<br>M384T443_f<br>M384T443_g<br>M326T415_2<br>M191T363_a<br>M191T363_b<br>M191T363_c<br>M241T395_b<br>M480T339<br>M259T452_a<br>M259T452_b<br>M259T452_c<br>M259T452_d<br>M259T452_e<br>M259T452_f<br>M258T466<br>M240T219<br>M394T461<br>M562T449<br>M371T399_a<br>M371T399_b<br>M371T399_c<br>M371T399_d<br>M371T399_e<br>M371T399_f<br>M169T428<br>M339T498_a<br>M339T498_b<br>M339T498_c<br>M339T498_d<br>M339T498_e<br>M339T498_f<br>M339T498_g<br>M339T498_h<br>M339T498_i<br>M339T498_j<br>M339T498_k<br>M339T498_l<br>M339T498_m<br>M339T498_n<br>M339T498_o<br>M339T498_p<br>M339T498_q<br>M339T498_r<br>M339T498_s<br>M176T277_a<br>M176T277_b<br>M176T277_c<br>M176T277_d<br>M220T252_a<br>M220T252_b<br>M220T252_c<br>M345T457<br>M275T402<br>M369T497_a<br>M369T497_b<br>M369T497_c<br>M369T497_d<br>M369T497_e<br>M282T463_a<br>M282T463_b<br>M424T377_1_a<br>M424T377_1_b<br>M289T470_a<br>M289T470_b<br>M383T374<br>M345T398<br>M229T438<br>M293T232_2<br>M259T469_a<br>M259T469_b<br>M259T469_c<br>M259T469_d<br>M259T469_e<br>M259T469_f<br>M381T296_a<br>M381T296_b<br>M381T296_c<br>M381T296_d<br>M273T403<br>M223T298<br>M362T457<br>M258T411_a<br>M258T411_b<br>M258T411_c<br>M258T411_d<br>M258T411_e<br>M401T448_a<br>M401T448_b<br>M401T448_c<br>M401T448_d<br>M401T448_e<br>M401T448_f<br>M401T448_g<br>M401T448_h<br>M401T448_i<br>M282T296<br>M273T368_a<br>M273T368_b<br>M273T368_c<br>M403T296<br>M401T216_a<br>M401T216_b<br>M433T366_1_c<br>M433T366_1_d<br>M433T366_1_e<br>M433T366_1_f<br>M175T364_a<br>M175T364_b<br>M329T442_b<br>M376T367<br>M295T274_a<br>M295T274_b<br>M295T274_c<br>M295T274_g<br>M295T274_h<br>M295T274_i<br>M295T274_j<br>M347T441<br>M241T325_b<br>M292T337_a<br>M292T337_b<br>M292T337_c<br>M292T337_d<br>M292T337_e<br>M255T350_a<br>M321T297<br>M320T225<br>M446T293_a<br>M446T293_b<br>M305T165<br>M425T472_a<br>M425T472_c<br>M291T456_a<br>M291T456_b<br>M291T456_c<br>M402T377_2<br>M360T292<br>M238T301_a<br>M238T301_b<br>M238T301_c<br>M195T403_a<br>M195T403_b<br>M376T263_a<br>M455T263_c<br>M455T263_g<br>M455T263_h<br>M308T369<br>M267T303_a<br>M267T303_b<br>M267T303_c<br>M267T303_d<br>M267T303_e<br>M267T303_f<br>M267T303_g<br>M267T303_h<br>M267T303_i<br>M267T303_j<br>M342T262_a<br>M342T262_b<br>M342T262_c<br>M342T262_d<br>M342T262_e<br>M397T299<br>M364T343_a<br>M364T343_b<br>M364T343_c<br>M364T343_d<br>M401T359_a<br>M401T359_b<br>M401T392_a<br>M401T392_b<br>M199T445<br>M259T302_f<br>M259T302_g<br>M259T302_j<br>M281T425_a<br>M281T425_b<br>M196T279<br>M353T414_d<br>M135T320<br>M355T270<br>M444T299_a<br>M444T299_b<br>M225T376_a<br>M225T376_b<br>M402T377_1_a<br>M402T377_1_b<br>M378T132<br>M252T292<br>M417T302_1_a<br>M417T302_1_b<br>M417T302_1_c<br>M417T302_1_d<br>M417T302_1_e<br>M417T302_1_f<br>M160T373_d<br>M160T373_e<br>M160T373_f<br>M391T84<br>M365T128<br>M417T254<br>M347T495_a<br>M347T495_b<br>M347T495_c<br>M321T412_1<br>M218T264<br>M454T440<br>M195T353_a<br>M335T399_a<br>M335T399_b<br>M243T444<br>M395T433_a<br>M395T433_b<br>M360T377<br>M179T297_a<br>M179T297_b<br>M179T297_c<br>M179T297_d<br>M179T297_e<br>M179T297_f<br>M311T348<br>M559T301_a<br>M559T301_b<br>M559T301_c<br>M559T301_d<br>M400T369_b<br>M400T369_c<br>M481T432_a<br>M481T432_b<br>M300T442<br>M201T215_a<br>M121T104_b<br>M121T104_c<br>M121T104_d<br>M281T265<br>M359T350_a<br>M359T350_b<br>M359T350_c<br>M355T149<br>M178T264_a<br>M178T264_b<br>M178T264_c<br>M179T385<br>M186T223<br>M171T296<br>M337T423<br>M328T272<br>M151T243_a<br>M151T243_b<br>M394T386_a<br>M394T386_b<br>M394T386_c<br>M394T386_d<br>M394T386_e<br>M394T386_f<br>M394T386_g<br>M394T386_h<br>M394T386_i<br>M394T386_j<br>M317T273<br>M125T298_g<br>M386T408<br>M415T132<br>M179T260_a<br>M179T260_b<br>M179T260_c<br>M179T260_d<br>M179T260_e<br>M179T260_f<br>M179T260_g<br>M237T303_f<br>M237T303_g<br>M237T303_j<br>M160T266_a<br>M160T266_b<br>M160T266_c<br>M166T264<br>M345T340_a<br>M345T340_d<br>M183T295_j<br>M265T355_a<br>M265T355_b<br>M201T277_a<br>M357T272_b<br>M871T377_2_a<br>M871T377_2_b<br>M103T243_a<br>M237T440<br>M217T248_c<br>M157T276_a<br>M157T276_b<br>M157T276_c<br>M383T254<br>M357T361_b<br>M382T323_a<br>M382T323_b<br>M395T294_e<br>M395T294_g<br>M395T294_h<br>M289T460_a<br>M289T460_c<br>M289T460_d<br>M289T460_e<br>M141T304_a<br>M141T304_b<br>M141T304_c<br>M253T276<br>M207T267_a<br>M207T267_b<br>M228T164_a<br>M266T274<br>M335T363<br>M137T102_c<br>M137T102_d<br>M405T264<br>M239T233_a<br>M239T233_b
Purine nucleosides,0.004945318956541241,M328T277_a,6,3,3,0.5,0.3157894736842105,19,0.014835956869623723,523,M328T277_a<br>M328T277_b<br>M328T277_c<br>M267T218<br>M266T171_a<br>M266T171_b<br>M282T254<br>M281T147_a<br>M281T147_b<br>M283T220<br>M283T252<br>M427T249_a<br>M427T249_b<br>M427T249_c<br>M346T297_a<br>M346T297_b<br>M346T297_c<br>M346T297_d<br>M346T297_e
Purine nucleotides,9.683422414889341e-6,M313T437,11,9,2,0.8181818181818182,0.28205128205128205,39,5.8100534489336046e-5,524,M313T437<br>M408T459_a<br>M408T459_b<br>M408T459_e<br>M580T451<br>M506T481_a<br>M506T481_b<br>M506T481_c<br>M362T377_1<br>M484T401<br>M370T415<br>M604T438<br>M504T489_a<br>M504T489_b<br>M504T489_c<br>M504T489_d<br>M361T249<br>M331T391<br>M328T448<br>M442T482_a<br>M442T482_b<br>M442T482_e<br>M329T478<br>M465T337<br>M580T337_1<br>M522T485_a<br>M522T485_b<br>M522T485_c<br>M522T485_d<br>M610T343_a<br>M610T343_b<br>M385T398<br>M619T489<br>M427T340<br>M408T407_a<br>M408T407_b<br>M353T390<br>M506T452<br>M603T489
Pyridines and derivatives,0.0025477972511008563,M336T390_b,3,1,2,0.3333333333333333,0.16666666666666666,18,0.008492657503669522,582,M336T390_b<br>M324T260<br>M200T236_a<br>M148T214<br>M155T223<br>M446T293_c<br>M308T258<br>M182T42<br>M328T342<br>M388T386_a<br>M388T386_b<br>M126T246<br>M268T304<br>M308T412<br>M306T352<br>M166T110<br>M168T111_2<br>M196T224
Pyrimidine nucleosides,0.008177247471724972,M226T237,4,3,1,0.75,0.5,8,0.022301584013795377,266.5,M226T237<br>M307T232_a<br>M307T232_b<br>M287T241<br>M287T301<br>M243T163<br>M224T296_a<br>M244T169
Pyrimidine nucleotides,0.0015908640424415826,M402T493_a,10,10,0,1,0.3448275862068966,29,0.005965740159155935,655,M402T493_a<br>M402T493_b<br>M402T478_a<br>M402T478_b<br>M322T453<br>M565T439_a<br>M565T439_b<br>M365T372<br>M651T395<br>M327T340<br>M320T387_a<br>M365T413<br>M606T427<br>M825T414_a<br>M825T414_b<br>M825T414_c<br>M825T414_d<br>M825T414_e<br>M825T414_f<br>M825T414_g<br>M386T381<br>M289T299<br>M558T417<br>M892T390<br>M366T370<br>M345T340_b<br>M381T360<br>M478T390_a<br>M478T390_b
Ribonucleoside 3'-phosphates,0.03558370262185826,M408T459_c,2,2,0,1,0.4,5,0.08211623681967291,526,M408T459_c<br>M408T459_d<br>M442T482_c<br>M442T482_d<br>M345T340_c
