compound_name,order,pvalue,foldchange,class
M319T434_a,1,3.2002254442711925e-11,2.1523443135025557,Organooxygen compounds
M319T434_b,2,3.2002254442711925e-11,2.1523443135025557,Organooxygen compounds
M319T434_c,3,3.2002254442711925e-11,2.1523443135025557,Organooxygen compounds
M319T434_d,4,3.2002254442711925e-11,2.1523443135025557,Organooxygen compounds
M319T434_e,5,3.2002254442711925e-11,2.1523443135025557,Organooxygen compounds
M319T434_f,6,3.2002254442711925e-11,2.1523443135025557,Organooxygen compounds
M355T430,7,8.602537488024388e-11,1.8595532886285797,Pyridine nucleotides
M319T364,8,8.244013642023198e-10,3.745605940351166,Carboxylic acids and derivatives
M247T411_a,9,1.969083608395834e-9,0.6506458563521859,Lactams
M247T411_b,10,1.969083608395834e-9,0.6506458563521859,Carboxylic acids and derivatives
M247T411_d,11,1.969083608395834e-9,0.6506458563521859,Carboxylic acids and derivatives
M384T443_a,12,7.194413217198004e-9,18.24531733051457,Organooxygen compounds
M384T443_b,13,7.194413217198004e-9,18.24531733051457,Organooxygen compounds
M384T443_c,14,7.194413217198004e-9,18.24531733051457,Fatty Acyls
M384T443_d,15,7.194413217198004e-9,18.24531733051457,Organooxygen compounds
M384T443_e,16,7.194413217198004e-9,18.24531733051457,Organooxygen compounds
M384T443_f,17,7.194413217198004e-9,18.24531733051457,Organooxygen compounds
M384T443_g,18,7.194413217198004e-9,18.24531733051457,Organooxygen compounds
M363T442,19,1.4092196626198232e-8,15.568585837438018,Carboxylic acids and derivatives
M304T415,20,4.819297137219104e-8,0.7455838706915522,Carboxylic acids and derivatives
M326T415_2,21,6.17354577209925e-8,0.8217478791065633,Organooxygen compounds
M129T364_1_a,22,6.618877396044901e-8,18.240168383072326,Fatty Acyls
M129T364_1_b,23,6.618877396044901e-8,18.240168383072326,Carboxylic acids and derivatives
M129T364_1_c,24,6.618877396044901e-8,18.240168383072326,Fatty Acyls
M313T437,25,1.556400358296446e-6,2.1426669805035674,Purine nucleotides
M233T237,26,2.283757408778186e-6,1.774350738702949,Carboxylic acids and derivatives
M303T366,27,3.872385707049466e-6,0.7338601354040227,Carboxylic acids and derivatives
M185T411,28,7.362215803554757e-6,0.6068990439819859,Carboxylic acids and derivatives
M346T425,29,1.0956164789518726e-5,1.267168915871749,Carboxylic acids and derivatives
M191T363_a,30,1.1617157238952225e-5,3.777902556874098,Organooxygen compounds
M191T363_b,31,1.1617157238952225e-5,3.777902556874098,Organooxygen compounds
M191T363_c,32,1.1617157238952225e-5,3.777902556874098,Organooxygen compounds
M288T393_b,33,2.1430740373359574e-5,0.8292777916356509,Carboxylic acids and derivatives
M288T393_c,34,2.1430740373359574e-5,0.8292777916356509,Carboxylic acids and derivatives
M815T397,35,3.12206162374172e-5,0.8009076634980409,(5'->5')-dinucleotides
M402T493_a,36,3.178978915308668e-5,1.6143771807146854,Pyrimidine nucleotides
M402T493_b,37,3.178978915308668e-5,1.6143771807146854,Pyrimidine nucleotides
M191T473_a,38,4.106835816762212e-5,0.6666318964563281,Carboxylic acids and derivatives
M191T473_b,39,4.106835816762212e-5,0.6666318964563281,Carboxylic acids and derivatives
M228T398,40,4.2118534971952295e-5,0.6509244493951778,Carboxylic acids and derivatives
M234T338,41,4.351990191318607e-5,0.7038077588697205,Carboxylic acids and derivatives
M241T395_a,42,5.0564093108548126e-5,1.792310739983569,Keto acids and derivatives
M241T395_b,43,5.0564093108548126e-5,1.792310739983569,Organooxygen compounds
M241T395_c,44,5.0564093108548126e-5,1.792310739983569,Organic phosphoric acids and derivatives
M241T395_d,45,5.0564093108548126e-5,1.792310739983569,Organic phosphoric acids and derivatives
M241T395_e,46,5.0564093108548126e-5,1.792310739983569,Fatty Acyls
M241T395_f,47,5.0564093108548126e-5,1.792310739983569,Fatty Acyls
M241T395_g,48,5.0564093108548126e-5,1.792310739983569,Fatty Acyls
M402T478_a,49,5.80156561517824e-5,2.0470142059665792,Pyrimidine nucleotides
M402T478_b,50,5.80156561517824e-5,2.0470142059665792,Pyrimidine nucleotides
M376T338,51,6.068536838531579e-5,0.7342862427951731,Pteridines and derivatives
M147T388,52,7.051334358236755e-5,1.352814897697692,Hydroxy acids and derivatives
M322T453,53,8.543859996518424e-5,1.6304003823778954,Pyrimidine nucleotides
M480T339,54,9.621938743241405e-5,0.7212539308778781,Organooxygen compounds
M182T381_a,55,1.091761021353225e-4,0.7270820159346096,Carboxylic acids and derivatives
M182T381_b,56,1.091761021353225e-4,0.7270820159346096,Carboxylic acids and derivatives
M132T396_a,57,1.1318096012766463e-4,0.8897698800765372,Carboxylic acids and derivatives
M132T396_b,58,1.1318096012766463e-4,0.8897698800765372,Carboxylic acids and derivatives
M157T283_a,59,1.2422592352949314e-4,0.5138351463650971,Carboxylic acids and derivatives
M157T283_b,60,1.2422592352949314e-4,0.5138351463650971,Azolidines
M259T452_a,61,1.5166253953199617e-4,0.765263138947895,Organooxygen compounds
M259T452_b,62,1.5166253953199617e-4,0.765263138947895,Organooxygen compounds
M259T452_c,63,1.5166253953199617e-4,0.765263138947895,Organooxygen compounds
M259T452_d,64,1.5166253953199617e-4,0.765263138947895,Organooxygen compounds
M259T452_e,65,1.5166253953199617e-4,0.765263138947895,Organooxygen compounds
M259T452_f,66,1.5166253953199617e-4,0.765263138947895,Organooxygen compounds
M192T296,67,1.577789168365002e-4,2.3376627805820047,Triazines
M354T496_a,68,1.6460019971928643e-4,3.428563042797622,Carboxylic acids and derivatives
M354T496_b,69,1.6460019971928643e-4,3.428563042797622,Carboxylic acids and derivatives
M259T270_a,70,1.673791094523284e-4,0.5871171438887028,Carboxylic acids and derivatives
M259T270_b,71,1.673791094523284e-4,0.5871171438887028,Carboxylic acids and derivatives
M187T279_2_a,72,1.6994825188610215e-4,2.008913568303883,Carboxylic acids and derivatives
M187T279_2_b,73,1.6994825188610215e-4,2.008913568303883,Carboxylic acids and derivatives
M187T279_2_c,74,1.6994825188610215e-4,2.008913568303883,Carboxylic acids and derivatives
M155T233_a,75,1.737398851156764e-4,0.4642269851353234,Diazines
M155T233_b,76,1.737398851156764e-4,0.4642269851353234,Diazines
M226T237,77,1.780524009506657e-4,0.5217061449163507,Pyrimidine nucleosides
M258T466,78,1.8132803999577286e-4,0.5495374435071088,Organooxygen compounds
M240T219,79,2.1093014633612184e-4,0.6766309453947611,Organooxygen compounds
M249T385,80,2.3052654643964215e-4,0.009022403216204853,Carboxylic acids and derivatives
M193T377_a,81,2.3547468887710507e-4,0.8541305272951619,Glycerophospholipids
M193T377_b,82,2.3547468887710507e-4,0.8541305272951619,Glycerophospholipids
M394T461,83,2.4258489238446963e-4,1.8632200759735684,Organooxygen compounds
M328T277_a,84,2.53930375013815e-4,0.22681576885903862,Purine nucleosides
M328T277_b,85,2.53930375013815e-4,0.22681576885903862,Purine nucleosides
M328T277_c,86,2.53930375013815e-4,0.22681576885903862,Purine nucleosides
M267T218,87,2.559916039810184e-4,1.7901572600779025,Purine nucleosides
M171T429_a,88,2.793132207968058e-4,1.316220595904967,Glycerophospholipids
M171T429_b,89,2.793132207968058e-4,1.316220595904967,Glycerophospholipids
M243T230_a,90,2.7982374611996275e-4,0.6632069653020184,Carboxylic acids and derivatives
M243T230_b,91,2.7982374611996275e-4,0.6632069653020184,Carboxylic acids and derivatives
M243T230_c,92,2.7982374611996275e-4,0.6632069653020184,Carboxylic acids and derivatives
M562T449,93,3.2610324507250423e-4,1.1798955477813158,Organooxygen compounds
M371T399_a,94,4.130574995765903e-4,0.7691259714241312,Organooxygen compounds
M371T399_b,95,4.130574995765903e-4,0.7691259714241312,Organooxygen compounds
M371T399_c,96,4.130574995765903e-4,0.7691259714241312,Organooxygen compounds
M371T399_d,97,4.130574995765903e-4,0.7691259714241312,Organooxygen compounds
M371T399_e,98,4.130574995765903e-4,0.7691259714241312,Organooxygen compounds
M371T399_f,99,4.130574995765903e-4,0.7691259714241312,Organooxygen compounds
M169T428,100,4.4871527920051354e-4,3.1202329795220547,Organooxygen compounds
M203T414_a,101,4.829177433389533e-4,0.746442176469477,Carboxylic acids and derivatives
M203T414_b,102,4.829177433389533e-4,0.746442176469477,Fatty Acyls
M274T409,103,5.055304845473078e-4,0.7788077233175068,Carboxylic acids and derivatives
M408T459_a,104,5.774612969234981e-4,1.46635578192976,Purine nucleotides
M408T459_b,105,5.774612969234981e-4,1.46635578192976,Purine nucleotides
M408T459_c,106,5.774612969234981e-4,1.46635578192976,Ribonucleoside 3'-phosphates
M408T459_d,107,5.774612969234981e-4,1.46635578192976,Ribonucleoside 3'-phosphates
M408T459_e,108,5.774612969234981e-4,1.46635578192976,Purine nucleotides
M233T414,109,5.936750319365848e-4,1.291819623921181,Carboxylic acids and derivatives
M323T398,110,8.79289689943664e-4,0.8046727942969176,Imidazole ribonucleosides and ribonucleotides
M196T295,111,0.0013596985047143286,1.3292029478616834,Carboxylic acids and derivatives
M215T269_a,112,0.0014391511402768687,0.675046029964345,Azoles
M215T269_b,113,0.0014391511402768687,0.675046029964345,Azoles
M215T269_c,114,0.0014391511402768687,0.675046029964345,Azoles
M580T451,115,0.0014787061595229402,1.1551160837372174,Purine nucleotides
M564T338,116,0.0015885888898473516,0.7801527936046712,Diazines
M339T498_a,117,0.001598012731007257,1.8394276278768322,Organooxygen compounds
M339T498_b,118,0.001598012731007257,1.8394276278768322,Organooxygen compounds
M339T498_c,119,0.001598012731007257,1.8394276278768322,Organooxygen compounds
M339T498_d,120,0.001598012731007257,1.8394276278768322,Organooxygen compounds
M339T498_e,121,0.001598012731007257,1.8394276278768322,Organooxygen compounds
M339T498_f,122,0.001598012731007257,1.8394276278768322,Organooxygen compounds
M339T498_g,123,0.001598012731007257,1.8394276278768322,Organooxygen compounds
M339T498_h,124,0.001598012731007257,1.8394276278768322,Organooxygen compounds
M339T498_i,125,0.001598012731007257,1.8394276278768322,Organooxygen compounds
M339T498_j,126,0.001598012731007257,1.8394276278768322,Organooxygen compounds
M339T498_k,127,0.001598012731007257,1.8394276278768322,Organooxygen compounds
M339T498_l,128,0.001598012731007257,1.8394276278768322,Organooxygen compounds
M339T498_m,129,0.001598012731007257,1.8394276278768322,Organooxygen compounds
M339T498_n,130,0.001598012731007257,1.8394276278768322,Organooxygen compounds
M339T498_o,131,0.001598012731007257,1.8394276278768322,Organooxygen compounds
M339T498_p,132,0.001598012731007257,1.8394276278768322,Organooxygen compounds
M339T498_q,133,0.001598012731007257,1.8394276278768322,Organooxygen compounds
M339T498_r,134,0.001598012731007257,1.8394276278768322,Organooxygen compounds
M339T498_s,135,0.001598012731007257,1.8394276278768322,Organooxygen compounds
M176T277_a,136,0.0016541095866064812,1.3029314386738233,Organooxygen compounds
M176T277_b,137,0.0016541095866064812,1.3029314386738233,Organooxygen compounds
M176T277_c,138,0.0016541095866064812,1.3029314386738233,Organooxygen compounds
M176T277_d,139,0.0016541095866064812,1.3029314386738233,Organooxygen compounds
M184T463,140,0.001656507446579525,1.2634087012642845,Carboxylic acids and derivatives
M351T287,141,0.0016669497682388294,1.3394094295598535,Carboxylic acids and derivatives
M273T366,142,0.001782863436576543,1.3272218490850167,Carboxylic acids and derivatives
M88T355_a,143,0.0019365459897390306,0.8867007435452621,Carboxylic acids and derivatives
M88T355_b,144,0.0019365459897390306,0.8867007435452621,Carboxylic acids and derivatives
M88T355_c,145,0.0019365459897390306,0.8867007435452621,Carboxylic acids and derivatives
M88T355_d,146,0.0019365459897390306,0.8867007435452621,Carboxylic acids and derivatives
M88T355_e,147,0.0019365459897390306,0.8867007435452621,Carboxylic acids and derivatives
M245T373,148,0.002084292210519757,0.8881270722107046,Carboxylic acids and derivatives
M565T439_a,149,0.002185142176452004,1.2392098832284988,Pyrimidine nucleotides
M565T439_b,150,0.002185142176452004,1.2392098832284988,Pyrimidine nucleotides
M220T252_a,151,0.0023418180612184585,1.3944772491658943,Organooxygen compounds
M220T252_b,152,0.0023418180612184585,1.3944772491658943,Organooxygen compounds
M220T252_c,153,0.0023418180612184585,1.3944772491658943,Organooxygen compounds
M294T439,154,0.002582307188781576,0.5479361608949398,Saccharolipids
M215T294_a,155,0.0026224900256575706,0.8854377423498022,Fatty Acyls
M215T294_b,156,0.0026224900256575706,0.8854377423498022,Carboxylic acids and derivatives
M345T457,157,0.0029142433375053396,1.259923166919296,Organooxygen compounds
M307T232_a,158,0.002944579204578842,1.368383780282963,Pyrimidine nucleosides
M307T232_b,159,0.002944579204578842,1.368383780282963,Pyrimidine nucleosides
M275T402,160,0.003144485063750852,2.6578138793025126,Organooxygen compounds
M369T497_a,161,0.0032526641328327836,1.6733517528230095,Organooxygen compounds
M369T497_b,162,0.0032526641328327836,1.6733517528230095,Organooxygen compounds
M369T497_c,163,0.0032526641328327836,1.6733517528230095,Organooxygen compounds
M369T497_d,164,0.0032526641328327836,1.6733517528230095,Organooxygen compounds
M369T497_e,165,0.0032526641328327836,1.6733517528230095,Organooxygen compounds
M167T454,166,0.003345617371910893,2.3801845058247606,Organic phosphoric acids and derivatives
M282T463_a,167,0.003411649152591219,1.2936031765403435,Organooxygen compounds
M282T463_b,168,0.003411649152591219,1.2936031765403435,Organooxygen compounds
M282T463_c,169,0.003411649152591219,1.2936031765403435,Organic phosphoric acids and derivatives
M506T481_a,170,0.0034629825784043794,1.3120941517852787,Purine nucleotides
M506T481_b,171,0.0034629825784043794,1.3120941517852787,Purine nucleotides
M506T481_c,172,0.0034629825784043794,1.3120941517852787,Purine nucleotides
M365T372,173,0.0035656071822047276,1.358086072947337,Pyrimidine nucleotides
M424T377_1_a,174,0.003605636958431276,0.8989209410917223,Organooxygen compounds
M424T377_1_b,175,0.003605636958431276,0.8989209410917223,Organooxygen compounds
M174T381,176,0.003968202220139647,1.1734710502025,Carboxylic acids and derivatives
M336T447_1,177,0.004261531643313751,1.2316704039310964,Carboxylic acids and derivatives
M287T241,178,0.004520473790244357,1.318028730867978,Pyrimidine nucleosides
M289T470_a,179,0.004877679994914963,0.6991462663964338,Organooxygen compounds
M289T470_b,180,0.004877679994914963,0.6991462663964338,Organooxygen compounds
M296T104,181,0.004947590238750137,1.6399921689791412,5'-deoxyribonucleosides
M362T377_1,182,0.0052965174231480085,0.932396460832294,Purine nucleotides
M173T430,183,0.005456879955921291,0.7706455195373617,Carboxylic acids and derivatives
M383T374,184,0.006418113919838782,1.6080358517645639,Organooxygen compounds
M352T377,185,0.007213748201717784,0.8011954470665108,Carboxylic acids and derivatives
M345T398,186,0.007265116123105215,0.8600680861423451,Organooxygen compounds
M229T438,187,0.0077541450650762764,0.6714936915806624,Organooxygen compounds
M117T308,188,0.00796768958221521,1.0813264154252087,Organic sulfonic acids and derivatives
M306T395,189,0.008002780784611693,1.3634934769588647,Carboxylic acids and derivatives
M207T365_a,190,0.008139849718985253,0.8983005200728289,Carboxylic acids and derivatives
M207T365_b,191,0.008139849718985253,0.8983005200728289,Carboxylic acids and derivatives
M207T365_c,192,0.008139849718985253,0.8983005200728289,Carboxylic acids and derivatives
M218T374,193,0.008516331129416728,1.1123861193435653,Carboxylic acids and derivatives
M484T401,194,0.008691999786535844,1.9236058966128444,Purine nucleotides
M236T157_a,195,0.008700380317775003,1.2740922237427026,Indoles and derivatives
M236T157_b,196,0.008700380317775003,1.2740922237427026,Indoles and derivatives
M293T232_2,197,0.009110839525800222,1.2653136217894447,Organooxygen compounds
M175T412,198,0.009279261181402551,1.3589845842817454,Carboxylic acids and derivatives
M289T462,199,0.009812773486522828,1.2236224156713285,Carboxylic acids and derivatives
M303T347,200,0.009904257676221365,0.7618626621398182,Carboxylic acids and derivatives
M259T469_a,201,0.009928280233017643,0.4610634990529188,Organooxygen compounds
M259T469_b,202,0.009928280233017643,0.4610634990529188,Organooxygen compounds
M259T469_c,203,0.009928280233017643,0.4610634990529188,Organooxygen compounds
M259T469_d,204,0.009928280233017643,0.4610634990529188,Organooxygen compounds
M259T469_e,205,0.009928280233017643,0.4610634990529188,Organooxygen compounds
M259T469_f,206,0.009928280233017643,0.4610634990529188,Organooxygen compounds
M235T234,207,0.009997219825803797,1.2536654383947672,Indoles and derivatives
M651T395,208,0.010568012890862712,1.4445937484717395,Pyrimidine nucleotides
M202T264_a,209,0.010699749404251857,0.4971394014976026,Carboxylic acids and derivatives
M202T264_b,210,0.010699749404251857,0.4971394014976026,Carboxylic acids and derivatives
M146T391_2,211,0.011328652660479253,1.093404109004678,Carboxylic acids and derivatives
M188T437_a,212,0.011417807952789042,0.6714371877600451,Carboxylic acids and derivatives
M188T437_b,213,0.011417807952789042,0.6714371877600451,Carboxylic acids and derivatives
M353T474_2_a,214,0.012087057994248774,1.6540286732255556,Fatty Acyls
M353T474_2_b,215,0.012087057994248774,1.6540286732255556,Fatty Acyls
M353T474_2_c,216,0.012087057994248774,1.6540286732255556,Fatty Acyls
M353T474_2_d,217,0.012087057994248774,1.6540286732255556,Fatty Acyls
M353T474_2_e,218,0.012087057994248774,1.6540286732255556,Fatty Acyls
M353T474_2_f,219,0.012087057994248774,1.6540286732255556,Fatty Acyls
M266T171_a,220,0.012818153809191274,2.3454474999405672,Purine nucleosides
M266T171_b,221,0.012818153809191274,2.3454474999405672,Purine nucleosides
M381T296_a,222,0.01282973611873001,0.8175502725098734,Organooxygen compounds
M381T296_b,223,0.01282973611873001,0.8175502725098734,Organooxygen compounds
M381T296_c,224,0.01282973611873001,0.8175502725098734,Organooxygen compounds
M381T296_d,225,0.01282973611873001,0.8175502725098734,Organooxygen compounds
M205T296_a,226,0.013147453874053193,0.7920004698061769,Carboxylic acids and derivatives
M205T296_b,227,0.013147453874053193,0.7920004698061769,Organic carbonic acids and derivatives
M273T403,228,0.013160112090578433,1.5276162330336285,Organooxygen compounds
M302T399,229,0.013429863568590767,0.8894969361579234,Carboxylic acids and derivatives
M336T390_a,230,0.01381366741429076,1.2346518030388018,Carboxylic acids and derivatives
M336T390_b,231,0.01381366741429076,1.2346518030388018,Pyridines and derivatives
M336T390_c,232,0.01381366741429076,1.2346518030388018,Carboxylic acids and derivatives
M210T395,233,0.014117217932038116,1.3350664186349956,Carboxylic acids and derivatives
M223T298,234,0.014359686886819654,0.8384854341550587,Organooxygen compounds
M326T289,235,0.015505059159199332,0.7578487842794485,Diazines
M182T402_a,236,0.016223598514418524,1.2143740377523562,Carboxylic acids and derivatives
M182T402_b,237,0.016223598514418524,1.2143740377523562,Carboxylic acids and derivatives
M182T402_c,238,0.016223598514418524,1.2143740377523562,Carboxylic acids and derivatives
M182T402_d,239,0.016223598514418524,1.2143740377523562,Carboxylic acids and derivatives
M182T402_e,240,0.016223598514418524,1.2143740377523562,Carboxylic acids and derivatives
M182T402_f,241,0.016223598514418524,1.2143740377523562,Carboxylic acids and derivatives
M226T377,242,0.017076142072121745,0.9221060406374436,Organic sulfonic acids and derivatives
M221T385,243,0.017499161614575286,0.8367345862347904,Carboxylic acids and derivatives
M113T283,244,0.01853510364586997,0.5795929399622197,Diazines
M362T457,245,0.018897004793572515,1.371786374842462,Organooxygen compounds
M189T428,246,0.01906802280136769,1.0963302598408244,Carboxylic acids and derivatives
M644T336,247,0.019866985453476836,1.0943757337157216,Diazines
M258T411_a,248,0.02133048320053043,1.0857717848381403,Organooxygen compounds
M258T411_b,249,0.02133048320053043,1.0857717848381403,Organooxygen compounds
M258T411_c,250,0.02133048320053043,1.0857717848381403,Organooxygen compounds
M258T411_d,251,0.02133048320053043,1.0857717848381403,Organooxygen compounds
M258T411_e,252,0.02133048320053043,1.0857717848381403,Organooxygen compounds
M337T441_a,253,0.0213997763964459,1.176567945023082,Fatty Acyls
M337T441_b,254,0.0213997763964459,1.176567945023082,Fatty Acyls
M401T448_a,255,0.022168451393341084,1.1255720299106438,Organooxygen compounds
M401T448_b,256,0.022168451393341084,1.1255720299106438,Organooxygen compounds
M401T448_c,257,0.022168451393341084,1.1255720299106438,Organooxygen compounds
M401T448_d,258,0.022168451393341084,1.1255720299106438,Organooxygen compounds
M401T448_e,259,0.022168451393341084,1.1255720299106438,Organooxygen compounds
M401T448_f,260,0.022168451393341084,1.1255720299106438,Organooxygen compounds
M401T448_g,261,0.022168451393341084,1.1255720299106438,Organooxygen compounds
M401T448_h,262,0.022168451393341084,1.1255720299106438,Organooxygen compounds
M401T448_i,263,0.022168451393341084,1.1255720299106438,Organooxygen compounds
M130T250,264,0.023293491952712877,1.1294443342191058,Carboxylic acids and derivatives
M662T429,265,0.02390944659580014,0.9258206038989486,(5'->5')-dinucleotides
M129T241_a,266,0.023953408903356194,1.3284654016715398,Keto acids and derivatives
M129T241_b,267,0.023953408903356194,1.3284654016715398,Keto acids and derivatives
M129T241_c,268,0.023953408903356194,1.3284654016715398,Keto acids and derivatives
M261T406,269,0.02398784858219729,1.1794712553358238,Organic sulfuric acids and derivatives
M146T293,270,0.02503952931188633,1.1372396724702805,Carboxylic acids and derivatives
M370T415,271,0.02541920004317875,0.8781765345081266,Purine nucleotides
M282T296,272,0.02723117073369131,0.5259302079026273,Organooxygen compounds
M202T295,273,0.027275634148815984,0.8330123677273534,Fatty Acyls
M273T368_a,274,0.027324828313139336,0.9194957333860967,Organooxygen compounds
M273T368_b,275,0.027324828313139336,0.9194957333860967,Organooxygen compounds
M273T368_c,276,0.027324828313139336,0.9194957333860967,Organooxygen compounds
M224T325_a,277,0.02786854433057131,1.1313310097385683,Carboxylic acids and derivatives
M224T325_b,278,0.02786854433057131,1.1313310097385683,Carboxylic acids and derivatives
M224T325_c,279,0.02786854433057131,1.1313310097385683,Carboxylic acids and derivatives
M327T340,280,0.02865565597163293,1.2028212954503814,Pyrimidine nucleotides
M276T386,281,0.02968149228712474,0.9233745993676793,Carboxylic acids and derivatives
M231T383_a,282,0.02998945377867013,1.337398897331609,Carboxylic acids and derivatives
M231T383_b,283,0.02998945377867013,1.337398897331609,Carboxylic acids and derivatives
M231T383_c,284,0.02998945377867013,1.337398897331609,Carboxylic acids and derivatives
M217T263,285,0.031375735594627426,1.337530146736835,Carboxylic acids and derivatives
M553T473_a,286,0.031681395640858916,0.8709397019437765,Fatty Acyls
M553T473_b,287,0.031681395640858916,0.8709397019437765,Fatty Acyls
M553T473_c,288,0.031681395640858916,0.8709397019437765,Fatty Acyls
M553T473_d,289,0.031681395640858916,0.8709397019437765,Fatty Acyls
M553T473_e,290,0.031681395640858916,0.8709397019437765,Fatty Acyls
M403T296,291,0.03312535492500705,0.6967006984658063,Organooxygen compounds
M401T216_a,292,0.03381196125143202,0.8552800417153367,Organooxygen compounds
M401T216_b,293,0.03381196125143202,0.8552800417153367,Organooxygen compounds
M433T366_1_a,294,0.03552058972452233,0.8783107005329654,Tannins
M433T366_1_b,295,0.03552058972452233,0.8783107005329654,Tannins
M433T366_1_c,296,0.03552058972452233,0.8783107005329654,Organooxygen compounds
M433T366_1_d,297,0.03552058972452233,0.8783107005329654,Organooxygen compounds
M433T366_1_e,298,0.03552058972452233,0.8783107005329654,Organooxygen compounds
M433T366_1_f,299,0.03552058972452233,0.8783107005329654,Organooxygen compounds
M166T283,300,0.03602071102487884,0.8489664017276163,Organic sulfonic acids and derivatives
M187T255_a,301,0.0367421821707948,1.569443578665463,Carboxylic acids and derivatives
M187T255_b,302,0.0367421821707948,1.569443578665463,Carboxylic acids and derivatives
M187T255_c,303,0.0367421821707948,1.569443578665463,Carboxylic acids and derivatives
M288T436,304,0.03693939313456004,0.9188141211585823,Carboxylic acids and derivatives
M261T221_a,305,0.037414942329490095,1.1701734153033818,Benzene and substituted derivatives
M261T221_b,306,0.037414942329490095,1.1701734153033818,Carboxylic acids and derivatives
M210T436,307,0.03986294645852629,1.0857988477154827,Carboxylic acids and derivatives
M186T232_1,308,0.040519654747308884,1.1096152324812991,Carboxylic acids and derivatives
M324T260,309,0.041036014752972874,0.861760526963285,Pyridines and derivatives
M200T236_a,310,0.042674226693453214,0.8593562335171965,Pyridines and derivatives
M200T236_b,311,0.042674226693453214,0.8593562335171965,Carboxylic acids and derivatives
M242T294,312,0.043665429290089104,0.8019282577148306,Organic phosphoric acids and derivatives
M275T384,313,0.05146991230024718,0.8710628902433806,Carboxylic acids and derivatives
M175T364_a,314,0.05246494266302582,0.758859139875854,Organooxygen compounds
M175T364_b,315,0.05246494266302582,0.758859139875854,Organooxygen compounds
M277T62,316,0.05386093929748444,1.0843653975444785,Benzene and substituted derivatives
M158T344_a,317,0.05397249881463453,0.8442185926333109,Fatty Acyls
M158T344_b,318,0.05397249881463453,0.8442185926333109,Carboxylic acids and derivatives
M158T344_c,319,0.05397249881463453,0.8442185926333109,Carboxylic acids and derivatives
M158T344_d,320,0.05397249881463453,0.8442185926333109,Keto acids and derivatives
M419T365_a,321,0.054775127062416495,0.8151300889615611,Saccharolipids
M419T365_b,322,0.054775127062416495,0.8151300889615611,Fatty Acyls
M320T387_a,323,0.05606072838354728,1.2467942228614048,Pyrimidine nucleotides
M320T387_b,324,0.05606072838354728,1.2467942228614048,Carboxylic acids and derivatives
M131T368,325,0.058186055167844246,0.9157910981375863,Carboxylic acids and derivatives
M234T101_a,326,0.060031031664482634,1.608337108100909,Indoles and derivatives
M234T101_b,327,0.060031031664482634,1.608337108100909,Indoles and derivatives
M215T102,328,0.06285459392410613,0.8488503559348701,Benzene and substituted derivatives
M320T415_2_a,329,0.06542624582352755,1.1527844502922382,Carboxylic acids and derivatives
M320T415_2_b,330,0.06542624582352755,1.1527844502922382,Carboxylic acids and derivatives
M320T415_2_c,331,0.06542624582352755,1.1527844502922382,Carboxylic acids and derivatives
M256T377_2,332,0.06671961041574254,0.9471223055147618,Glycerophospholipids
M309T216_a,333,0.06791003607070682,0.529172041632986,Indoles and derivatives
M309T216_b,334,0.06791003607070682,0.529172041632986,Indoles and derivatives
M329T442_b,335,0.06838280455042633,0.6622597672261151,Organooxygen compounds
M329T442_c,336,0.06838280455042633,0.6622597672261151,Fatty Acyls
M329T442_d,337,0.06838280455042633,0.6622597672261151,Fatty Acyls
M303T265_a,338,0.06870852333003297,0.8242863009021574,Indoles and derivatives
M303T265_b,339,0.06870852333003297,0.8242863009021574,Carboxylic acids and derivatives
M376T367,340,0.06969475367334788,0.8702848065542493,Organooxygen compounds
M200T353,341,0.07027092278504034,1.2265844471540495,Carboxylic acids and derivatives
M295T274_a,342,0.07278258611795257,0.812287623069959,Organooxygen compounds
M295T274_b,343,0.07278258611795257,0.812287623069959,Organooxygen compounds
M295T274_c,344,0.07278258611795257,0.812287623069959,Organooxygen compounds
M295T274_d,345,0.07278258611795257,0.812287623069959,Lactones
M295T274_e,346,0.07278258611795257,0.812287623069959,Lactones
M295T274_f,347,0.07278258611795257,0.812287623069959,Lactones
M295T274_g,348,0.07278258611795257,0.812287623069959,Organooxygen compounds
M295T274_h,349,0.07278258611795257,0.812287623069959,Organooxygen compounds
M295T274_i,350,0.07278258611795257,0.812287623069959,Organooxygen compounds
M295T274_j,351,0.07278258611795257,0.812287623069959,Organooxygen compounds
M267T217,352,0.07347225258541489,1.7859349857631288,Phenylpropanoic acids
M347T441,353,0.07444708828182096,1.2966460275412972,Organooxygen compounds
M604T438,354,0.07677248998933155,0.9118025188273011,Purine nucleotides
M287T301,355,0.07691243400952906,0.6221265721647707,Pyrimidine nucleosides
M89T232_2,356,0.07708498773752152,1.1117317252938324,Hydroxy acids and derivatives
M455T269,357,0.07720636708738243,1.8515479843083764,Carboxylic acids and derivatives
M178T206,358,0.07976543118456228,1.1303679240069893,Keto acids and derivatives
M201T364,359,0.08038379234550334,0.7265928047965254,Carboxylic acids and derivatives
M148T274_2,360,0.08079585658559166,1.0702005750332677,Carboxylic acids and derivatives
M241T325_a,361,0.08392252497571068,1.2948648672089769,Organic phosphoric acids and derivatives
M241T325_b,362,0.08392252497571068,1.2948648672089769,Organooxygen compounds
M241T325_c,363,0.08392252497571068,1.2948648672089769,Fatty Acyls
M241T325_d,364,0.08392252497571068,1.2948648672089769,Organic phosphoric acids and derivatives
M241T325_e,365,0.08392252497571068,1.2948648672089769,Fatty Acyls
M241T325_f,366,0.08392252497571068,1.2948648672089769,Fatty Acyls
M403T436,367,0.0846981977444651,1.1203274457871726,Organic oxoanionic compounds
M104T367_a,368,0.08486911171073476,1.0469553203044633,Carboxylic acids and derivatives
M104T367_b,369,0.08486911171073476,1.0469553203044633,Carboxylic acids and derivatives
M292T337_a,370,0.08695085386137738,1.1200997653518174,Organooxygen compounds
M292T337_b,371,0.08695085386137738,1.1200997653518174,Organooxygen compounds
M292T337_c,372,0.08695085386137738,1.1200997653518174,Organooxygen compounds
M292T337_d,373,0.08695085386137738,1.1200997653518174,Organooxygen compounds
M292T337_e,374,0.08695085386137738,1.1200997653518174,Organooxygen compounds
M282T254,375,0.08718042817496299,1.4554997714869715,Purine nucleosides
M217T359,376,0.08839814472357639,1.123550640413233,Carboxylic acids and derivatives
M116T291,377,0.09022465589162594,1.0960384088295512,Carboxylic acids and derivatives
M255T350_a,378,0.09259193987376485,0.8497683820846005,Organooxygen compounds
M255T350_b,379,0.09259193987376485,0.8497683820846005,Benzene and substituted derivatives
M255T350_c,380,0.09259193987376485,0.8497683820846005,Benzene and substituted derivatives
M321T297,381,0.09624080144515122,0.8208662571277026,Organooxygen compounds
M365T413,382,0.09988661585681519,1.076319196084909,Pyrimidine nucleotides
M144T277_a,383,0.10080103755893839,1.1623910526201982,Keto acids and derivatives
M144T277_b,384,0.10080103755893839,1.1623910526201982,Keto acids and derivatives
M144T277_c,385,0.10080103755893839,1.1623910526201982,Carboxylic acids and derivatives
M144T277_d,386,0.10080103755893839,1.1623910526201982,Carboxylic acids and derivatives
M248T275_a,387,0.10081027348310848,1.2740140237856634,Carboxylic acids and derivatives
M248T275_b,388,0.10081027348310848,1.2740140237856634,Carboxylic acids and derivatives
M244T479_a,389,0.10129070355598035,0.9415706995540641,Organic phosphoric acids and derivatives
M244T479_b,390,0.10129070355598035,0.9415706995540641,Organic phosphoric acids and derivatives
M244T479_c,391,0.10129070355598035,0.9415706995540641,Organic phosphoric acids and derivatives
M277T157_2,392,0.10669241150009551,1.2750461406382008,Carboxylic acids and derivatives
M299T301,393,0.10720761325771694,1.3182077037945805,Carboxylic acids and derivatives
M148T214,394,0.10884949527754476,1.7672361527071652,Pyridines and derivatives
M852T472,395,0.10926376343731127,1.2292449477858503,Fatty Acyls
M134T160,396,0.10931518255002877,1.1882325715484836,Imidazopyrimidines
M320T225,397,0.10987150458437628,1.1691974172166137,Organooxygen compounds
M504T489_a,398,0.11002947847479276,1.0464379518449378,Purine nucleotides
M504T489_b,399,0.11002947847479276,1.0464379518449378,Purine nucleotides
M504T489_c,400,0.11002947847479276,1.0464379518449378,Purine nucleotides
M504T489_d,401,0.11002947847479276,1.0464379518449378,Purine nucleotides
M275T452,402,0.11018796486224032,1.1164150301000617,Carboxylic acids and derivatives
M208T392_a,403,0.11064364699942274,1.3934306645027292,Keto acids and derivatives
M208T392_b,404,0.11064364699942274,1.3934306645027292,Keto acids and derivatives
M155T223,405,0.11208757676268823,1.6848358974031814,Pyridines and derivatives
M446T293_a,406,0.11368591218112489,1.3835186819236693,Organooxygen compounds
M446T293_b,407,0.11368591218112489,1.3835186819236693,Organooxygen compounds
M446T293_c,408,0.11368591218112489,1.3835186819236693,Pyridines and derivatives
M305T165,409,0.1160408223367702,0.9263118802200028,Organooxygen compounds
M425T472_a,410,0.11656909501631768,0.8713523339912167,Organooxygen compounds
M425T472_b,411,0.11656909501631768,0.8713523339912167,Imidazole ribonucleosides and ribonucleotides
M425T472_c,412,0.11656909501631768,0.8713523339912167,Organooxygen compounds
M235T212,413,0.11666787792798054,1.5623636427273446,Indoles and derivatives
M291T456_a,414,0.1171633661433449,1.1630871205268047,Organooxygen compounds
M291T456_b,415,0.1171633661433449,1.1630871205268047,Organooxygen compounds
M291T456_c,416,0.1171633661433449,1.1630871205268047,Organooxygen compounds
M114T303_a,417,0.11988270013091304,0.9578449672212344,Carboxylic acids and derivatives
M114T303_b,418,0.11988270013091304,0.9578449672212344,Carboxylic acids and derivatives
M275T291,419,0.11999725954972827,0.9319828743877592,Carboxylic acids and derivatives
M361T249,420,0.12049887447803463,1.201881819714359,Purine nucleotides
M402T377_2,421,0.12128281607688325,0.921063831852186,Organooxygen compounds
M279T43,422,0.12207234844038217,0.9085049648041367,Fatty Acyls
M177T81_a,423,0.12410362490708436,0.8750351447359047,Lactones
M177T81_b,424,0.12410362490708436,0.8750351447359047,Lactones
M200T110,425,0.12433709415043166,1.3552803297259644,Keto acids and derivatives
M360T292,426,0.1269313926533518,0.8517372650640037,Organooxygen compounds
M336T381,427,0.12719784196276637,1.2283203442928374,Carboxylic acids and derivatives
M238T301_a,428,0.12901807561753476,0.8690500630099103,Organooxygen compounds
M238T301_b,429,0.12901807561753476,0.8690500630099103,Organooxygen compounds
M238T301_c,430,0.12901807561753476,0.8690500630099103,Organooxygen compounds
M953T476,431,0.13105118458722856,0.9016427875811277,(5'->5')-dinucleotides
M213T105,432,0.13588440342613942,1.5038439146629554,Cinnamic acids and derivatives
M213T45,433,0.14447284380855044,1.1462615598217276,Fatty Acyls
M194T132,434,0.14448898433461202,1.1085375926477894,Keto acids and derivatives
M210T337_a,435,0.14488276725994131,1.0959152613215546,Carboxylic acids and derivatives
M210T337_b,436,0.14488276725994131,1.0959152613215546,Carboxylic acids and derivatives
M213T306,437,0.14558794931461544,1.0721552175863738,Organic sulfonic acids and derivatives
M214T386,438,0.14860583800290786,0.9543505689280971,Glycerophospholipids
M194T149_a,439,0.1491410622927714,1.0887486438789553,Carboxylic acids and derivatives
M194T149_b,440,0.1491410622927714,1.0887486438789553,Keto acids and derivatives
M155T405,441,0.1496987095541548,1.1768551487585193,Hydroxy acids and derivatives
M227T45_2,442,0.15126083715574495,1.1137858708228374,Fatty Acyls
M320T382,443,0.15158541536544573,1.3873627646840223,Peptidomimetics
M195T403_a,444,0.1527618688281976,1.1869092205146778,Organooxygen compounds
M195T403_b,445,0.1527618688281976,1.1869092205146778,Organooxygen compounds
M449T429_a,446,0.15312114241081407,0.59961240968572,Saccharolipids
M449T429_b,447,0.15312114241081407,0.59961240968572,Saccharolipids
M449T429_c,448,0.15312114241081407,0.59961240968572,Saccharolipids
M449T429_d,449,0.15312114241081407,0.59961240968572,Saccharolipids
M449T429_e,450,0.15312114241081407,0.59961240968572,Saccharolipids
M449T429_f,451,0.15312114241081407,0.59961240968572,Saccharolipids
M449T429_g,452,0.15312114241081407,0.59961240968572,Carboxylic acids and derivatives
M449T429_h,453,0.15312114241081407,0.59961240968572,Carboxylic acids and derivatives
M449T429_i,454,0.15312114241081407,0.59961240968572,Carboxylic acids and derivatives
M225T411,455,0.1579221246617128,0.943109722526298,Peptidomimetics
M207T377_a,456,0.15819246267687154,0.944110551562996,Organic phosphoric acids and derivatives
M207T377_b,457,0.15819246267687154,0.944110551562996,Fatty Acyls
M205T331,458,0.15870801725600056,2.772394959521452,Carboxylic acids and derivatives
M202T344,459,0.16389522203872117,1.1540363584157538,Carboxylic acids and derivatives
M253T377,460,0.16631211403515342,0.9379562559604403,Fatty Acyls
M331T391,461,0.1663266452781835,1.104620467807507,Purine nucleotides
M154T458_a,462,0.16743765413951928,0.8929135094934901,Organic phosphoric acids and derivatives
M154T458_b,463,0.16743765413951928,0.8929135094934901,Organic phosphoric acids and derivatives
M251T258,464,0.16745141527616444,0.5564841545059477,Carboxylic acids and derivatives
M197T377,465,0.17179833279952234,0.9615390223285335,Organic phosphoric acids and derivatives
M281T147_a,466,0.17442445351682875,1.0712461799209112,Purine nucleosides
M281T147_b,467,0.17442445351682875,1.0712461799209112,Purine nucleosides
M376T263_a,468,0.1747578548802228,1.174962040420844,Organooxygen compounds
M376T263_b,469,0.1747578548802228,1.174962040420844,5'-deoxyribonucleosides
M289T23,470,0.1754288235814429,27.85655139948171,Steroids and steroid derivatives
M328T448,471,0.1785634478689752,0.8218221822983393,Purine nucleotides
M165T264,472,0.17959760985497375,0.7898581394382554,Prenol lipids
M487T372,473,0.18182122055952105,0.7213837654306537,Pteridines and derivatives
M259T368,474,0.18239089191951602,0.8995226731096464,Carboxylic acids and derivatives
M214T266,475,0.18396008200118896,0.8175965446057748,Carboxylic acids and derivatives
M455T263_a,476,0.1897660481097968,1.1404558739498922,Fatty Acyls
M455T263_b,477,0.1897660481097968,1.1404558739498922,Fatty Acyls
M455T263_c,478,0.1897660481097968,1.1404558739498922,Organooxygen compounds
M455T263_d,479,0.1897660481097968,1.1404558739498922,Fatty Acyls
M455T263_e,480,0.1897660481097968,1.1404558739498922,Fatty Acyls
M455T263_f,481,0.1897660481097968,1.1404558739498922,Fatty Acyls
M455T263_g,482,0.1897660481097968,1.1404558739498922,Organooxygen compounds
M455T263_h,483,0.1897660481097968,1.1404558739498922,Organooxygen compounds
M308T369,484,0.19288648640160933,0.9309491233902543,Organooxygen compounds
M315T144,485,0.19379162762608973,0.7379900517207952,Morphinans
M267T303_a,486,0.19525633287240507,1.5630135531500684,Organooxygen compounds
M267T303_b,487,0.19525633287240507,1.5630135531500684,Organooxygen compounds
M267T303_c,488,0.19525633287240507,1.5630135531500684,Organooxygen compounds
M267T303_d,489,0.19525633287240507,1.5630135531500684,Organooxygen compounds
M267T303_e,490,0.19525633287240507,1.5630135531500684,Organooxygen compounds
M267T303_f,491,0.19525633287240507,1.5630135531500684,Organooxygen compounds
M267T303_g,492,0.19525633287240507,1.5630135531500684,Organooxygen compounds
M267T303_h,493,0.19525633287240507,1.5630135531500684,Organooxygen compounds
M267T303_i,494,0.19525633287240507,1.5630135531500684,Organooxygen compounds
M267T303_j,495,0.19525633287240507,1.5630135531500684,Organooxygen compounds
M342T262_a,496,0.19560336651793217,1.246894566118064,Organooxygen compounds
M342T262_b,497,0.19560336651793217,1.246894566118064,Organooxygen compounds
M342T262_c,498,0.19560336651793217,1.246894566118064,Organooxygen compounds
M342T262_d,499,0.19560336651793217,1.246894566118064,Organooxygen compounds
M342T262_e,500,0.19560336651793217,1.246894566118064,Organooxygen compounds
M308T258,501,0.19718932438380876,0.873192104890707,Pyridines and derivatives
M134T225_2,502,0.19951036220293336,1.192577098758642,"Allyl-type 1,3-dipolar organic compounds"
M454T266,503,0.2032951060612488,1.1501244951918774,Carboxylic acids and derivatives
M397T299,504,0.20676947423904352,1.3140928078515823,Organooxygen compounds
M207T90,505,0.20777389076062122,0.7236923356547503,Benzene and substituted derivatives
M364T343_a,506,0.2082555725833043,1.107739066767833,Organooxygen compounds
M364T343_b,507,0.2082555725833043,1.107739066767833,Organooxygen compounds
M364T343_c,508,0.2082555725833043,1.107739066767833,Organooxygen compounds
M364T343_d,509,0.2082555725833043,1.107739066767833,Organooxygen compounds
M238T298_a,510,0.20876107208900563,1.1827246616441858,Fatty Acyls
M238T298_b,511,0.20876107208900563,1.1827246616441858,Fatty Acyls
M238T298_c,512,0.20876107208900563,1.1827246616441858,Fatty Acyls
M238T298_d,513,0.20876107208900563,1.1827246616441858,Fatty Acyls
M238T298_e,514,0.20876107208900563,1.1827246616441858,Fatty Acyls
M238T298_f,515,0.20876107208900563,1.1827246616441858,Fatty Acyls
M297T292,516,0.20942956615744138,1.2712914156354727,Indoles and derivatives
M227T321,517,0.21165747155921671,1.2200737321455688,Carboxylic acids and derivatives
M401T359_a,518,0.21635571499172493,0.7197865539975786,Organooxygen compounds
M401T359_b,519,0.21635571499172493,0.7197865539975786,Organooxygen compounds
M225T261,520,0.21829241162489676,0.9085283279862412,Prenol lipids
M219T269,521,0.21915728791937644,1.224306547673715,Indoles and derivatives
M193T232,522,0.2208585304489727,1.0791146654900092,Keto acids and derivatives
M283T220,523,0.2215356954896782,0.9286443294270169,Purine nucleosides
M442T482_a,524,0.22243030399236519,1.1443325657098915,Purine nucleotides
M442T482_b,525,0.22243030399236519,1.1443325657098915,Purine nucleotides
M442T482_c,526,0.22243030399236519,1.1443325657098915,Ribonucleoside 3'-phosphates
M442T482_d,527,0.22243030399236519,1.1443325657098915,Ribonucleoside 3'-phosphates
M442T482_e,528,0.22243030399236519,1.1443325657098915,Purine nucleotides
M188T383_a,529,0.22443418729730824,1.0956155524544813,Carboxylic acids and derivatives
M188T383_b,530,0.22443418729730824,1.0956155524544813,Carboxylic acids and derivatives
M401T392_a,531,0.22502256270535553,0.8971672529205447,Organooxygen compounds
M401T392_b,532,0.22502256270535553,0.8971672529205447,Organooxygen compounds
M182T42,533,0.22822188346689282,1.1673807652908967,Pyridines and derivatives
M601T296_1,534,0.2304376263878598,0.9073222313021592,Carboxylic acids and derivatives
M199T445,535,0.2322295924337048,0.8526593873238926,Organooxygen compounds
M299T271_a,536,0.23436476824397806,1.1328092433196104,Peptidomimetics
M299T271_b,537,0.23436476824397806,1.1328092433196104,Peptidomimetics
M299T271_c,538,0.23436476824397806,1.1328092433196104,Carboxylic acids and derivatives
M820T343_a,539,0.23529564397964642,1.1586009983874883,Diazines
M820T343_b,540,0.23529564397964642,1.1586009983874883,Diazines
M328T342,541,0.23552864106596083,0.9317039727972521,Pyridines and derivatives
M137T280,542,0.24286072197476852,1.1123213696442902,Azoles
M259T302_a,543,0.2450184560828694,1.2536632709630897,Organic sulfuric acids and derivatives
M259T302_b,544,0.2450184560828694,1.2536632709630897,Organic sulfuric acids and derivatives
M259T302_c,545,0.2450184560828694,1.2536632709630897,Organic sulfuric acids and derivatives
M259T302_d,546,0.2450184560828694,1.2536632709630897,Organic sulfuric acids and derivatives
M259T302_e,547,0.2450184560828694,1.2536632709630897,Organic sulfuric acids and derivatives
M259T302_f,548,0.2450184560828694,1.2536632709630897,Organooxygen compounds
M259T302_g,549,0.2450184560828694,1.2536632709630897,Organooxygen compounds
M259T302_h,550,0.2450184560828694,1.2536632709630897,Organic phosphoric acids and derivatives
M259T302_i,551,0.2450184560828694,1.2536632709630897,Organic phosphoric acids and derivatives
M259T302_j,552,0.2450184560828694,1.2536632709630897,Organooxygen compounds
M281T425_a,553,0.24833342208392414,1.0545291132812427,Organooxygen compounds
M281T425_b,554,0.24833342208392414,1.0545291132812427,Organooxygen compounds
M196T279,555,0.2492091677236534,1.1325936060615966,Organooxygen compounds
M130T260_a,556,0.24938846616967938,1.0951537245011274,Carboxylic acids and derivatives
M130T260_b,557,0.24938846616967938,1.0951537245011274,Carboxylic acids and derivatives
M130T260_c,558,0.24938846616967938,1.0951537245011274,Carboxylic acids and derivatives
M353T414_a,559,0.24964597839415373,1.0812867954843144,Fatty Acyls
M353T414_b,560,0.24964597839415373,1.0812867954843144,Fatty Acyls
M353T414_c,561,0.24964597839415373,1.0812867954843144,Fatty Acyls
M353T414_d,562,0.24964597839415373,1.0812867954843144,Organooxygen compounds
M135T320,563,0.2500101425733666,1.1247723526425997,Organooxygen compounds
M606T427,564,0.25064494942879184,1.0524159206251469,Pyrimidine nucleotides
M151T212,565,0.25072192974355545,0.8101400843762608,Imidazopyrimidines
M204T248_a,566,0.25188909984450103,0.6791030577652031,Phenols
M204T248_b,567,0.25188909984450103,0.6791030577652031,Phenols
M204T248_c,568,0.25188909984450103,0.6791030577652031,Phenols
M389T254_a,569,0.25191428187325526,0.8368508028956458,Carboxylic acids and derivatives
M389T254_b,570,0.25191428187325526,0.8368508028956458,Fatty Acyls
M389T254_c,571,0.25191428187325526,0.8368508028956458,Carboxylic acids and derivatives
M389T254_d,572,0.25191428187325526,0.8368508028956458,Carboxylic acids and derivatives
M355T270,573,0.2535144479011345,0.708937082202361,Organooxygen compounds
M229T403,574,0.2543927337726845,1.1930243577166046,Hydroxy acids and derivatives
M255T44,575,0.25567435110793546,1.1694567573625374,Fatty Acyls
M444T299_a,576,0.25590826097270275,0.288162502243448,Organooxygen compounds
M444T299_b,577,0.25590826097270275,0.288162502243448,Organooxygen compounds
M352T427_a,578,0.25722609360074994,1.1619567904549426,Carboxylic acids and derivatives
M352T427_b,579,0.25722609360074994,1.1619567904549426,Carboxylic acids and derivatives
M145T502,580,0.26606263939654695,1.0740721395498518,Carboxylic acids and derivatives
M329T478,581,0.26652573142146496,0.661513838514841,Purine nucleotides
M274T313_a,582,0.2674366180744523,0.48223726986291127,Carboxylic acids and derivatives
M274T313_b,583,0.2674366180744523,0.48223726986291127,Imidazole ribonucleosides and ribonucleotides
M225T376_a,584,0.2733596549706553,0.7286535891463618,Organooxygen compounds
M225T376_b,585,0.2733596549706553,0.7286535891463618,Organooxygen compounds
M225T376_c,586,0.2733596549706553,0.7286535891463618,Prenol lipids
M402T377_1_a,587,0.2739098166232061,0.9448639712426672,Organooxygen compounds
M402T377_1_b,588,0.2739098166232061,0.9448639712426672,Organooxygen compounds
M312T364_a,589,0.2750868565370407,1.1026119365044549,Carboxylic acids and derivatives
M312T364_b,590,0.2750868565370407,1.1026119365044549,Carboxylic acids and derivatives
M356T447,591,0.27509275002999667,1.1342328364884544,Carboxylic acids and derivatives
M378T132,592,0.2784069210982046,1.2521332142652004,Organooxygen compounds
M274T327_2,593,0.2790051934038485,1.0796563382795967,Carboxylic acids and derivatives
M252T292,594,0.2844950696699101,0.6853438472949948,Organooxygen compounds
M283T252,595,0.28936478939104865,1.1268545434750916,Purine nucleosides
M383T449,596,0.2897050224183905,0.779331748846301,Peptidomimetics
M137T40,597,0.2912741467568571,1.2425563288057195,Benzene and substituted derivatives
M465T337,598,0.2914522298754763,1.1553791332669339,Purine nucleotides
M242T355_a,599,0.292018759507322,0.9251405056834626,Carboxylic acids and derivatives
M242T355_b,600,0.292018759507322,0.9251405056834626,Organic sulfuric acids and derivatives
M243T241,601,0.2936054657187882,1.0648747637509188,Nucleoside and nucleotide analogues
M203T281,602,0.29381157358649346,0.8982507327564688,Carboxylic acids and derivatives
M334T284,603,0.29832699176989147,1.307496213081824,Carboxylic acids and derivatives
M360T296,604,0.30369859707923097,1.1026921692982334,Carboxylic acids and derivatives
M417T302_1_a,605,0.3044613058729764,1.262447271864252,Organooxygen compounds
M417T302_1_b,606,0.3044613058729764,1.262447271864252,Organooxygen compounds
M417T302_1_c,607,0.3044613058729764,1.262447271864252,Organooxygen compounds
M417T302_1_d,608,0.3044613058729764,1.262447271864252,Organooxygen compounds
M417T302_1_e,609,0.3044613058729764,1.262447271864252,Organooxygen compounds
M417T302_1_f,610,0.3044613058729764,1.262447271864252,Organooxygen compounds
M160T373_a,611,0.3052807102919968,1.2015211773074412,Carboxylic acids and derivatives
M160T373_b,612,0.3052807102919968,1.2015211773074412,Carboxylic acids and derivatives
M160T373_c,613,0.3052807102919968,1.2015211773074412,Carboxylic acids and derivatives
M160T373_d,614,0.3052807102919968,1.2015211773074412,Organooxygen compounds
M160T373_e,615,0.3052807102919968,1.2015211773074412,Organooxygen compounds
M160T373_f,616,0.3052807102919968,1.2015211773074412,Organooxygen compounds
M329T364,617,0.30920928254069946,1.0552142253558359,Carboxylic acids and derivatives
M392T413_a,618,0.3123335704546089,0.9087993937023466,Carboxylic acids and derivatives
M392T413_b,619,0.3123335704546089,0.9087993937023466,Saccharolipids
M392T413_c,620,0.3123335704546089,0.9087993937023466,Saccharolipids
M392T413_d,621,0.3123335704546089,0.9087993937023466,Saccharolipids
M580T337_1,622,0.3129262725330595,1.1000385612263162,Purine nucleotides
M388T386_a,623,0.31353181339965447,0.8937735093123208,Pyridines and derivatives
M388T386_b,624,0.31353181339965447,0.8937735093123208,Pyridines and derivatives
M241T502,625,0.31754402680529986,1.0864218303663673,Carboxylic acids and derivatives
M391T84,626,0.31977700475635534,1.115082642348134,Organooxygen compounds
M126T246,627,0.32320438076284586,0.8876738775094338,Pyridines and derivatives
M422T279_a,628,0.3289977023585321,1.4258847425107877,Diazines
M422T279_b,629,0.3289977023585321,1.4258847425107877,Diazines
M464T144,630,0.3344217964649211,0.8918441882099039,Steroids and steroid derivatives
M287T229,631,0.3346222271463615,1.2273128706136724,Azobenzenes
M511T340,632,0.33499782668940536,1.06454077871802,Pteridines and derivatives
M111T84,633,0.34849711580911746,1.2951264171657906,Diazines
M365T128,634,0.35198381149701896,0.926825718177233,Organooxygen compounds
M87T109,635,0.35242057242401587,1.5220627871199373,Unsaturated hydrocarbons
M243T163,636,0.3550698627935883,1.1229253538260113,Pyrimidine nucleosides
M522T485_a,637,0.358863814436432,1.0563088022835496,Purine nucleotides
M522T485_b,638,0.358863814436432,1.0563088022835496,Purine nucleotides
M522T485_c,639,0.358863814436432,1.0563088022835496,Purine nucleotides
M522T485_d,640,0.358863814436432,1.0563088022835496,Purine nucleotides
M205T260,641,0.3592278555813949,0.8821278830540935,Phenylpropanoic acids
M427T249_a,642,0.36305234535828157,1.1251970933113955,Purine nucleosides
M427T249_b,643,0.36305234535828157,1.1251970933113955,Purine nucleosides
M427T249_c,644,0.36305234535828157,1.1251970933113955,Purine nucleosides
M268T304,645,0.3702950492997603,1.2974451675353427,Pyridines and derivatives
M417T254,646,0.3714078846617973,1.118948175945093,Organooxygen compounds
M347T495_a,647,0.3735115819547963,0.9095767769570908,Organooxygen compounds
M347T495_b,648,0.3735115819547963,0.9095767769570908,Organooxygen compounds
M347T495_c,649,0.3735115819547963,0.9095767769570908,Organooxygen compounds
M173T352,650,0.37690922775535773,1.1600742336406684,Fatty Acyls
M321T412_1,651,0.3807115808616456,1.0499853849137655,Organooxygen compounds
M166T368_1_a,652,0.386266668930459,2.011168281432929,Keto acids and derivatives
M166T368_1_b,653,0.386266668930459,2.011168281432929,Keto acids and derivatives
M825T414_a,654,0.38791530694095844,0.8651756275037132,Pyrimidine nucleotides
M825T414_b,655,0.38791530694095844,0.8651756275037132,Pyrimidine nucleotides
M825T414_c,656,0.38791530694095844,0.8651756275037132,Pyrimidine nucleotides
M825T414_d,657,0.38791530694095844,0.8651756275037132,Pyrimidine nucleotides
M825T414_e,658,0.38791530694095844,0.8651756275037132,Pyrimidine nucleotides
M825T414_f,659,0.38791530694095844,0.8651756275037132,Pyrimidine nucleotides
M825T414_g,660,0.38791530694095844,0.8651756275037132,Pyrimidine nucleotides
M386T381,661,0.39082959321623345,1.086363493433769,Pyrimidine nucleotides
M185T502,662,0.39391204084288667,1.1004927700140166,Carboxylic acids and derivatives
M344T257,663,0.3957709243375477,0.8383106815756136,Carboxylic acids and derivatives
M218T264,664,0.3994941204273694,0.9597881766089693,Organooxygen compounds
M454T440,665,0.4050890394541873,0.9127956421640208,Organooxygen compounds
M195T353_a,666,0.40810901501115004,0.9715865921337371,Organooxygen compounds
M195T353_b,667,0.40810901501115004,0.9715865921337371,Hydroxy acids and derivatives
M195T353_c,668,0.40810901501115004,0.9715865921337371,Hydroxy acids and derivatives
M195T353_d,669,0.40810901501115004,0.9715865921337371,Hydroxy acids and derivatives
M195T353_e,670,0.40810901501115004,0.9715865921337371,Hydroxy acids and derivatives
M195T353_f,671,0.40810901501115004,0.9715865921337371,Hydroxy acids and derivatives
M167T364_2_a,672,0.4113868744145319,0.9642840586309251,Carboxylic acids and derivatives
M167T364_2_b,673,0.4113868744145319,0.9642840586309251,Carboxylic acids and derivatives
M167T364_2_c,674,0.4113868744145319,0.9642840586309251,Carboxylic acids and derivatives
M167T364_2_d,675,0.4113868744145319,0.9642840586309251,Organic carbonic acids and derivatives
M604T337,676,0.4128288061233736,1.0565415064437003,Diazines
M146T275_a,677,0.41487806665590987,1.314694558085466,Keto acids and derivatives
M146T275_b,678,0.41487806665590987,1.314694558085466,Carboxylic acids and derivatives
M146T275_c,679,0.41487806665590987,1.314694558085466,Carboxylic acids and derivatives
M146T275_d,680,0.41487806665590987,1.314694558085466,Carboxylic acids and derivatives
M146T275_e,681,0.41487806665590987,1.314694558085466,Carboxylic acids and derivatives
M146T275_f,682,0.41487806665590987,1.314694558085466,Fatty Acyls
M146T275_g,683,0.41487806665590987,1.314694558085466,Carboxylic acids and derivatives
M308T412,684,0.4172506215401719,1.0707274188742177,Pyridines and derivatives
M155T275,685,0.4257117022624992,0.9807076645408488,Keto acids and derivatives
M306T352,686,0.4260207958043195,2.818880453857214,Pyridines and derivatives
M271T65,687,0.42713031930524237,0.9189943091190595,Fatty Acyls
M146T249_a,688,0.43480809375999974,1.121802687793961,Carboxylic acids and derivatives
M146T249_b,689,0.43480809375999974,1.121802687793961,Organonitrogen compounds
M146T249_c,690,0.43480809375999974,1.121802687793961,Carboxylic acids and derivatives
M289T299,691,0.4394430369863933,1.4033412796648657,Pyrimidine nucleotides
M610T343_a,692,0.4399813535473194,1.0776167658856268,Purine nucleotides
M610T343_b,693,0.4399813535473194,1.0776167658856268,Purine nucleotides
M335T399_a,694,0.44165923874009305,1.0946002239447539,Organooxygen compounds
M335T399_b,695,0.44165923874009305,1.0946002239447539,Organooxygen compounds
M243T444,696,0.4433372945123385,0.9408776393689675,Organooxygen compounds
M395T433_a,697,0.44945068275173605,1.0933474266397558,Organooxygen compounds
M395T433_b,698,0.44945068275173605,1.0933474266397558,Organooxygen compounds
M309T357_a,699,0.4503542600097238,1.0550033300257624,Carboxylic acids and derivatives
M309T357_b,700,0.4503542600097238,1.0550033300257624,Carboxylic acids and derivatives
M128T292_2,701,0.4515159735869406,1.0563908982519146,Carboxylic acids and derivatives
M360T377,702,0.45233935332030695,0.9508790429456654,Organooxygen compounds
M179T297_a,703,0.4545259039826247,0.9515079535856847,Organooxygen compounds
M179T297_b,704,0.4545259039826247,0.9515079535856847,Organooxygen compounds
M179T297_c,705,0.4545259039826247,0.9515079535856847,Organooxygen compounds
M179T297_d,706,0.4545259039826247,0.9515079535856847,Organooxygen compounds
M179T297_e,707,0.4545259039826247,0.9515079535856847,Organooxygen compounds
M179T297_f,708,0.4545259039826247,0.9515079535856847,Organooxygen compounds
M582T164_a,709,0.4560948464812853,0.9455438802767984,Prenol lipids
M582T164_b,710,0.4560948464812853,0.9455438802767984,Prenol lipids
M173T275,711,0.4614913985665434,0.8301367535106104,Carboxylic acids and derivatives
M926T344_a,712,0.46156543390970994,1.065781523421831,(5'->5')-dinucleotides
M926T344_b,713,0.46156543390970994,1.065781523421831,(5'->5')-dinucleotides
M926T344_c,714,0.46156543390970994,1.065781523421831,(5'->5')-dinucleotides
M295T292,715,0.4624830815915345,1.07442182320254,Azoles
M311T348,716,0.4630556377586532,1.089904533867057,Organooxygen compounds
M156T352,717,0.46548617913945467,0.935552411557793,Carboxylic acids and derivatives
M883T291,718,0.4688793164539319,0.7588847706610224,Fatty Acyls
M145T330_a,719,0.47482998150201006,0.4897421163522665,Keto acids and derivatives
M145T330_b,720,0.47482998150201006,0.4897421163522665,Keto acids and derivatives
M145T330_c,721,0.47482998150201006,0.4897421163522665,Keto acids and derivatives
M182T478,722,0.47515006630837997,0.9772533844301587,Organonitrogen compounds
M297T40,723,0.4771349444761964,1.0361832433794667,Prenol lipids
M156T388_a,724,0.48248612741585784,1.1621891252177923,Carboxylic acids and derivatives
M156T388_b,725,0.48248612741585784,1.1621891252177923,Carboxylic acids and derivatives
M185T93,726,0.48802741940819816,0.8520108319931274,Benzene and substituted derivatives
M257T304_a,727,0.4901603601139345,1.21242320802168,Benzene and substituted derivatives
M257T304_b,728,0.4901603601139345,1.21242320802168,Benzene and substituted derivatives
M559T301_a,729,0.49190474680735274,1.1408550208492305,Organooxygen compounds
M559T301_b,730,0.49190474680735274,1.1408550208492305,Organooxygen compounds
M559T301_c,731,0.49190474680735274,1.1408550208492305,Organooxygen compounds
M559T301_d,732,0.49190474680735274,1.1408550208492305,Organooxygen compounds
M400T369_a,733,0.49338808353662134,0.9665811889492942,Carboxylic acids and derivatives
M400T369_b,734,0.49338808353662134,0.9665811889492942,Organooxygen compounds
M400T369_c,735,0.49338808353662134,0.9665811889492942,Organooxygen compounds
M129T46,736,0.49742823147158277,0.9438912214114742,Keto acids and derivatives
M191T109,737,0.5026990953029971,1.0503198532984375,Benzene and substituted derivatives
M134T306,738,0.5035005229601928,0.9538617836657729,Carboxylic acids and derivatives
M481T432_a,739,0.5069773471413619,0.814085254163619,Organooxygen compounds
M481T432_b,740,0.5069773471413619,0.814085254163619,Organooxygen compounds
M260T288_a,741,0.5101975166877002,1.0852494543487103,Carboxylic acids and derivatives
M260T288_b,742,0.5101975166877002,1.0852494543487103,Carboxylic acids and derivatives
M260T288_c,743,0.5101975166877002,1.0852494543487103,Carboxylic acids and derivatives
M300T442,744,0.5171635614487381,1.1302217497455802,Organooxygen compounds
M926T343_a,745,0.5174314797540833,1.0717656967601605,(5'->5')-dinucleotides
M926T343_b,746,0.5174314797540833,1.0717656967601605,(5'->5')-dinucleotides
M926T343_c,747,0.5174314797540833,1.0717656967601605,(5'->5')-dinucleotides
M160T119,748,0.5176443142725231,1.222801661908831,Benzene and substituted derivatives
M339T189,749,0.5181542985637239,0.8418668610919109,Cinnamic acids and derivatives
M212T304,750,0.519292902350205,1.151429831183522,Carboxylic acids and derivatives
M201T215_a,751,0.5233008043083798,0.905519825207172,Organooxygen compounds
M201T215_b,752,0.5233008043083798,0.905519825207172,Carboxylic acids and derivatives
M201T215_c,753,0.5233008043083798,0.905519825207172,Carboxylic acids and derivatives
M288T264_a,754,0.5244120407705022,1.093902620459929,Carboxylic acids and derivatives
M288T264_b,755,0.5244120407705022,1.093902620459929,Carboxylic acids and derivatives
M288T264_c,756,0.5244120407705022,1.093902620459929,Carboxylic acids and derivatives
M288T264_d,757,0.5244120407705022,1.093902620459929,Carboxylic acids and derivatives
M288T264_e,758,0.5244120407705022,1.093902620459929,Carboxylic acids and derivatives
M288T264_f,759,0.5244120407705022,1.093902620459929,Organic sulfuric acids and derivatives
M288T264_g,760,0.5244120407705022,1.093902620459929,Carboxylic acids and derivatives
M288T264_h,761,0.5244120407705022,1.093902620459929,Carboxylic acids and derivatives
M383T252,762,0.5253840206786755,1.069821743062341,Carboxylic acids and derivatives
M201T237_a,763,0.5275451408112256,0.852422250804133,Diazines
M201T237_b,764,0.5275451408112256,0.852422250804133,Diazines
M121T104_a,765,0.5292971874559882,0.9331151718678266,Benzene and substituted derivatives
M121T104_b,766,0.5292971874559882,0.9331151718678266,Organooxygen compounds
M121T104_c,767,0.5292971874559882,0.9331151718678266,Organooxygen compounds
M121T104_d,768,0.5292971874559882,0.9331151718678266,Organooxygen compounds
M121T104_e,769,0.5292971874559882,0.9331151718678266,Thioethers
M173T493,770,0.5299708802425948,1.0345110732491491,Carboxylic acids and derivatives
M258T386_2,771,0.536617943587576,0.9113365698913594,Carboxylic acids and derivatives
M390T249,772,0.5369651718774454,1.0560268025250223,Carboxylic acids and derivatives
M204T272,773,0.5369979772797011,1.0464506038810564,Fatty Acyls
M214T304_a,774,0.5389050154045769,1.124687988852608,Fatty Acyls
M214T304_b,775,0.5389050154045769,1.124687988852608,Fatty Acyls
M214T304_c,776,0.5389050154045769,1.124687988852608,Carboxylic acids and derivatives
M141T218_2_a,777,0.5419501380486037,1.2555571574307232,Keto acids and derivatives
M141T218_2_b,778,0.5419501380486037,1.2555571574307232,Keto acids and derivatives
M281T265,779,0.5433012925916068,0.9682645464542243,Organooxygen compounds
M308T353,780,0.5509799411759462,1.1162168280170242,Indoles and derivatives
M359T350_a,781,0.5511203183640633,1.21406121979228,Organooxygen compounds
M359T350_b,782,0.5511203183640633,1.21406121979228,Organooxygen compounds
M359T350_c,783,0.5511203183640633,1.21406121979228,Organooxygen compounds
M359T350_d,784,0.5511203183640633,1.21406121979228,Fatty Acyls
M166T110,785,0.5528196558483185,1.0713040793283362,Pyridines and derivatives
M102T277_a,786,0.5550257786718027,1.1907531050339255,Carboxylic acids and derivatives
M102T277_b,787,0.5550257786718027,1.1907531050339255,Organonitrogen compounds
M355T149,788,0.5588299557142424,1.0364835903263039,Organooxygen compounds
M178T264_a,789,0.5638678305333109,0.9478898561634627,Organooxygen compounds
M178T264_b,790,0.5638678305333109,0.9478898561634627,Organooxygen compounds
M178T264_c,791,0.5638678305333109,0.9478898561634627,Organooxygen compounds
M179T385,792,0.5649482706692113,0.9768392737811036,Organooxygen compounds
M325T59,793,0.5656302302187517,0.9657714733211795,Fatty Acyls
M186T223,794,0.5666212695955997,0.6693551430958722,Organooxygen compounds
M171T296,795,0.5684895634232148,0.8463737287853632,Organooxygen compounds
M250T385,796,0.5713281967347514,1.4811464463843353,Carboxylic acids and derivatives
M168T111_2,797,0.5714507017848652,1.0417331791461775,Pyridines and derivatives
M337T423,798,0.5752102596587225,1.112472605655416,Organooxygen compounds
M261T249_1,799,0.5758424500816351,1.2699129605318749,Phenols
M221T276,800,0.585253118299041,0.871323281695781,Diazines
M132T297,801,0.5853104534212947,1.1762033491858177,Carboxylic acids and derivatives
M256T425,802,0.5860435147622626,1.031487736710652,Carboxylic acids and derivatives
M123T479,803,0.5862068501842126,1.027220745631026,Organic phosphonic acids and derivatives
M219T244,804,0.5914733201544103,0.8082824613948894,Carboxylic acids and derivatives
M328T272,805,0.5916977796493506,1.096816228089852,Organooxygen compounds
M151T243_a,806,0.59804187730502,1.063919997340817,Organooxygen compounds
M151T243_b,807,0.59804187730502,1.063919997340817,Organooxygen compounds
M385T398,808,0.5991787618271802,0.9633820166034578,Purine nucleotides
M283T43,809,0.6045842061577675,1.0530629138819838,Fatty Acyls
M186T270_a,810,0.6053946148022652,1.0705213122127037,Organonitrogen compounds
M186T270_b,811,0.6053946148022652,1.0705213122127037,Azoles
M558T417,812,0.6072081437265826,0.9152444299957683,Pyrimidine nucleotides
M196T224,813,0.6089858942941924,0.8084266628439952,Pyridines and derivatives
M273T245,814,0.6108103821312187,1.1277580177939897,Keto acids and derivatives
M205T347,815,0.613407009228604,0.9692814784014759,Carboxylic acids and derivatives
M133T403,816,0.6144062127849761,0.9585090859610031,Hydroxy acids and derivatives
M394T386_a,817,0.6147421584034846,0.9779881434309148,Organooxygen compounds
M394T386_b,818,0.6147421584034846,0.9779881434309148,Organooxygen compounds
M394T386_c,819,0.6147421584034846,0.9779881434309148,Organooxygen compounds
M394T386_d,820,0.6147421584034846,0.9779881434309148,Organooxygen compounds
M394T386_e,821,0.6147421584034846,0.9779881434309148,Organooxygen compounds
M394T386_f,822,0.6147421584034846,0.9779881434309148,Organooxygen compounds
M394T386_g,823,0.6147421584034846,0.9779881434309148,Organooxygen compounds
M394T386_h,824,0.6147421584034846,0.9779881434309148,Organooxygen compounds
M394T386_i,825,0.6147421584034846,0.9779881434309148,Organooxygen compounds
M394T386_j,826,0.6147421584034846,0.9779881434309148,Organooxygen compounds
M892T390,827,0.6164903756036881,1.0604914721197316,Pyrimidine nucleotides
M366T370,828,0.6172809909353618,0.9684789084678427,Pyrimidine nucleotides
M115T215,829,0.6188588308812744,0.9578337382626805,Keto acids and derivatives
M163T307,830,0.6223046888287561,1.0228942257928173,Organic sulfonic acids and derivatives
M331T357,831,0.6234746505242718,1.0388849053419658,Cinnamic acids and derivatives
M317T273,832,0.6278771953125704,0.7667170545912952,Organooxygen compounds
M125T364_a,833,0.6357359265525022,1.02455777753317,Carboxylic acids and derivatives
M125T364_b,834,0.6357359265525022,1.02455777753317,Carboxylic acids and derivatives
M356T367,835,0.637203884772527,1.0315214914909203,Fatty Acyls
M271T46_2,836,0.6383317472489185,0.9519158644872386,Fatty Acyls
M178T305_a,837,0.6416120060433081,1.0819318702293166,Fatty Acyls
M178T305_b,838,0.6416120060433081,1.0819318702293166,Lactones
M133T222_a,839,0.6416417381731692,0.928929761580931,Carboxylic acids and derivatives
M133T222_b,840,0.6416417381731692,0.928929761580931,Carboxylic acids and derivatives
M125T298_a,841,0.6434990098570281,1.0727623470676415,Hydroxy acids and derivatives
M125T298_b,842,0.6434990098570281,1.0727623470676415,Hydroxy acids and derivatives
M125T298_c,843,0.6434990098570281,1.0727623470676415,Hydroxy acids and derivatives
M125T298_d,844,0.6434990098570281,1.0727623470676415,Fatty Acyls
M125T298_e,845,0.6434990098570281,1.0727623470676415,Hydroxy acids and derivatives
M125T298_f,846,0.6434990098570281,1.0727623470676415,Hydroxy acids and derivatives
M125T298_g,847,0.6434990098570281,1.0727623470676415,Organooxygen compounds
M177T215_a,848,0.6481761644073407,0.9719606852942723,Lactones
M177T215_b,849,0.6481761644073407,0.9719606852942723,Lactones
M263T263,850,0.6485848163033042,1.349979287303445,Lactams
M373T284_a,851,0.6489804838074509,1.073025343272258,Prenol lipids
M373T284_b,852,0.6489804838074509,1.073025343272258,Prenol lipids
M373T284_c,853,0.6489804838074509,1.073025343272258,Prenol lipids
M373T284_d,854,0.6489804838074509,1.073025343272258,Prenol lipids
M386T408,855,0.64922761956484,0.9615435246298242,Organooxygen compounds
M372T399,856,0.6496657977465852,1.0374547352318912,Pteridines and derivatives
M285T303,857,0.6499770497312303,1.1260203724294897,Organic sulfuric acids and derivatives
M415T132,858,0.6512929246207653,1.0367853249955403,Organooxygen compounds
M242T478,859,0.6515038425052879,0.9831105442145559,Carboxylic acids and derivatives
M179T260_a,860,0.6534646251205884,0.9552285808273075,Organooxygen compounds
M179T260_b,861,0.6534646251205884,0.9552285808273075,Organooxygen compounds
M179T260_c,862,0.6534646251205884,0.9552285808273075,Organooxygen compounds
M179T260_d,863,0.6534646251205884,0.9552285808273075,Organooxygen compounds
M179T260_e,864,0.6534646251205884,0.9552285808273075,Organooxygen compounds
M179T260_f,865,0.6534646251205884,0.9552285808273075,Organooxygen compounds
M179T260_g,866,0.6534646251205884,0.9552285808273075,Organooxygen compounds
M243T413_1_a,867,0.6562499918885523,1.1261996437691628,Carboxylic acids and derivatives
M243T413_1_b,868,0.6562499918885523,1.1261996437691628,Carboxylic acids and derivatives
M244T230_2,869,0.6567453516697452,0.9409398818596664,Carboxylic acids and derivatives
M218T295_a,870,0.6596428723820297,1.2346355930100819,Organic sulfuric acids and derivatives
M218T295_b,871,0.6596428723820297,1.2346355930100819,Organic sulfuric acids and derivatives
M226T292,872,0.6607130177341356,0.9781194422135335,Fatty Acyls
M164T249,873,0.6669273451496374,1.0338608180850057,Carboxylic acids and derivatives
M61T325,874,0.6679343858014222,1.082769709581261,Organic carbonic acids and derivatives
M151T36,875,0.6701348661794838,1.0403359209960152,Phenols
M369T290_a,876,0.6711714740632442,1.0325760819077567,Carboxylic acids and derivatives
M369T290_b,877,0.6711714740632442,1.0325760819077567,Saccharolipids
M369T290_c,878,0.6711714740632442,1.0325760819077567,Saccharolipids
M369T290_d,879,0.6711714740632442,1.0325760819077567,Saccharolipids
M619T489,880,0.6747056403619474,1.0375831736901542,Purine nucleotides
M173T381,881,0.6749796112812094,1.120568341113282,Carboxylic acids and derivatives
M237T303_a,882,0.6772324777557949,1.1219264245486829,Organic sulfuric acids and derivatives
M237T303_b,883,0.6772324777557949,1.1219264245486829,Organic sulfuric acids and derivatives
M237T303_c,884,0.6772324777557949,1.1219264245486829,Organic sulfuric acids and derivatives
M237T303_d,885,0.6772324777557949,1.1219264245486829,Organic sulfuric acids and derivatives
M237T303_e,886,0.6772324777557949,1.1219264245486829,Organic sulfuric acids and derivatives
M237T303_f,887,0.6772324777557949,1.1219264245486829,Organooxygen compounds
M237T303_g,888,0.6772324777557949,1.1219264245486829,Organooxygen compounds
M237T303_h,889,0.6772324777557949,1.1219264245486829,Organic phosphoric acids and derivatives
M237T303_i,890,0.6772324777557949,1.1219264245486829,Organic phosphoric acids and derivatives
M237T303_j,891,0.6772324777557949,1.1219264245486829,Organooxygen compounds
M124T287_2,892,0.6829427225448419,0.9863578925960095,Organic sulfonic acids and derivatives
M160T266_a,893,0.6846584283274474,0.9752077557415085,Organooxygen compounds
M160T266_b,894,0.6846584283274474,0.9752077557415085,Organooxygen compounds
M160T266_c,895,0.6846584283274474,0.9752077557415085,Organooxygen compounds
M213T81,896,0.6874153069835778,1.0232871406017536,Benzene and substituted derivatives
M190T238_a,897,0.6968705563734099,1.1038618260513666,Phenols
M190T238_b,898,0.6968705563734099,1.1038618260513666,Phenols
M427T340,899,0.6988986055218109,1.0210333746174003,Purine nucleotides
M886T340_2_a,900,0.7021148653230869,1.0290517140246915,(5'->5')-dinucleotides
M886T340_2_b,901,0.7021148653230869,1.0290517140246915,(5'->5')-dinucleotides
M886T340_2_c,902,0.7021148653230869,1.0290517140246915,(5'->5')-dinucleotides
M346T297_a,903,0.7024516725459851,0.9136756732822869,Purine nucleosides
M346T297_b,904,0.7024516725459851,0.9136756732822869,Purine nucleosides
M346T297_c,905,0.7024516725459851,0.9136756732822869,Purine nucleosides
M346T297_d,906,0.7024516725459851,0.9136756732822869,Purine nucleosides
M346T297_e,907,0.7024516725459851,0.9136756732822869,Purine nucleosides
M173T311_a,908,0.7072080633165745,1.1339731537449977,Carboxylic acids and derivatives
M173T311_b,909,0.7072080633165745,1.1339731537449977,Carboxylic acids and derivatives
M179T86_a,910,0.7150587450853366,0.9361998788176801,Benzene and substituted derivatives
M179T86_b,911,0.7150587450853366,0.9361998788176801,Benzene and substituted derivatives
M395T259,912,0.7188239386305327,1.0419064887700038,Carboxylic acids and derivatives
M236T408_a,913,0.7196814230608953,0.9502064796435207,Carboxylic acids and derivatives
M236T408_b,914,0.7196814230608953,0.9502064796435207,Hydroxy acids and derivatives
M192T196,915,0.7205628417622694,1.0963487419459383,Carboxylic acids and derivatives
M224T296_a,916,0.7243169476777731,1.0382557250923965,Pyrimidine nucleosides
M224T296_b,917,0.7243169476777731,1.0382557250923965,Carboxylic acids and derivatives
M166T264,918,0.7247890806389297,0.9576678979556033,Organooxygen compounds
M397T260,919,0.727282645615037,0.9538979468816303,Carboxylic acids and derivatives
M368T352_2,920,0.7275477195255746,1.0647355392117894,Carboxylic acids and derivatives
M219T168,921,0.7345210222276484,1.1110856703422745,Indoles and derivatives
M345T340_a,922,0.7354785009984028,1.0170920120306346,Organooxygen compounds
M345T340_b,923,0.7354785009984028,1.0170920120306346,Pyrimidine nucleotides
M345T340_c,924,0.7354785009984028,1.0170920120306346,Ribonucleoside 3'-phosphates
M345T340_d,925,0.7354785009984028,1.0170920120306346,Organooxygen compounds
M286T240,926,0.7361785101541396,1.0278907771728658,Carboxylic acids and derivatives
M344T275,927,0.740238983239347,1.0328182673654902,Carboxylic acids and derivatives
M381T360,928,0.7430368535908161,1.0636168589809762,Pyrimidine nucleotides
M183T295_a,929,0.7445690265092778,1.0786630960458419,Keto acids and derivatives
M183T295_b,930,0.7445690265092778,1.0786630960458419,Keto acids and derivatives
M183T295_c,931,0.7445690265092778,1.0786630960458419,Keto acids and derivatives
M183T295_d,932,0.7445690265092778,1.0786630960458419,Fatty Acyls
M183T295_e,933,0.7445690265092778,1.0786630960458419,Fatty Acyls
M183T295_f,934,0.7445690265092778,1.0786630960458419,Fatty Acyls
M183T295_g,935,0.7445690265092778,1.0786630960458419,Fatty Acyls
M183T295_h,936,0.7445690265092778,1.0786630960458419,Fatty Acyls
M183T295_i,937,0.7445690265092778,1.0786630960458419,Fatty Acyls
M183T295_j,938,0.7445690265092778,1.0786630960458419,Organooxygen compounds
M150T382,939,0.7450341496204743,1.0664312952548456,Carboxylic acids and derivatives
M265T355_a,940,0.7523506547587117,0.9771788396345595,Organooxygen compounds
M265T355_b,941,0.7523506547587117,0.9771788396345595,Organooxygen compounds
M144T216,942,0.7649281286668941,1.098070231890553,Carboxylic acids and derivatives
M199T293_a,943,0.7692300900751582,0.9730193596221688,Carboxylic acids and derivatives
M199T293_b,944,0.7692300900751582,0.9730193596221688,Carboxylic acids and derivatives
M199T293_c,945,0.7692300900751582,0.9730193596221688,Carboxylic acids and derivatives
M199T293_d,946,0.7692300900751582,0.9730193596221688,Carboxylic acids and derivatives
M290T356_a,947,0.7694039943959139,0.9633969775266135,Carboxylic acids and derivatives
M290T356_b,948,0.7694039943959139,0.9633969775266135,Carboxylic acids and derivatives
M158T360_a,949,0.7734194327719051,1.0616910711086733,Fatty Acyls
M158T360_b,950,0.7734194327719051,1.0616910711086733,Carboxylic acids and derivatives
M158T360_c,951,0.7734194327719051,1.0616910711086733,Carboxylic acids and derivatives
M204T266_a,952,0.779561995497568,1.02716493802362,Keto acids and derivatives
M204T266_b,953,0.779561995497568,1.02716493802362,Keto acids and derivatives
M261T352_a,954,0.7799544599803717,1.0367035045445527,Carboxylic acids and derivatives
M261T352_b,955,0.7799544599803717,1.0367035045445527,Benzene and substituted derivatives
M201T277_a,956,0.7817842349149471,1.0522053610072377,Organooxygen compounds
M201T277_b,957,0.7817842349149471,1.0522053610072377,Carboxylic acids and derivatives
M201T277_c,958,0.7817842349149471,1.0522053610072377,Carboxylic acids and derivatives
M169T249,959,0.7833269339011737,1.088122514212907,Benzene and substituted derivatives
M259T249_a,960,0.7863131350705693,0.9836561755745638,Organic sulfonic acids and derivatives
M259T249_b,961,0.7863131350705693,0.9836561755745638,Organic sulfonic acids and derivatives
M149T364,962,0.7865576106529034,1.034602802367806,Carboxylic acids and derivatives
M250T370,963,0.7895111865436506,0.9511939402507957,Carboxylic acids and derivatives
M242T315,964,0.7899002852088958,0.9381117549024616,Organic sulfuric acids and derivatives
M408T407_a,965,0.7986891699189769,0.9768991220237155,Purine nucleotides
M408T407_b,966,0.7986891699189769,0.9768991220237155,Purine nucleotides
M307T459,967,0.7989319689850647,1.0390703300874786,Carboxylic acids and derivatives
M357T272_a,968,0.8073464283651121,1.0195539709530508,Fatty Acyls
M357T272_b,969,0.8073464283651121,1.0195539709530508,Organooxygen compounds
M134T272,970,0.8089099015341332,0.9741117810387417,Carboxylic acids and derivatives
M227T439,971,0.8101021019610247,1.0121123162440888,Carboxylic acids and derivatives
M871T377_2_a,972,0.810595365364039,1.0213618695157143,Organooxygen compounds
M871T377_2_b,973,0.810595365364039,1.0213618695157143,Organooxygen compounds
M275T44,974,0.8111693465739035,0.9427096861639249,Fatty Acyls
M103T243_a,975,0.817403562188206,1.044631572887608,Organooxygen compounds
M103T243_b,976,0.817403562188206,1.044631572887608,Epoxides
M103T243_c,977,0.817403562188206,1.044631572887608,Hydroxy acids and derivatives
M103T243_d,978,0.817403562188206,1.044631572887608,Hydroxy acids and derivatives
M103T243_e,979,0.817403562188206,1.044631572887608,Fatty Acyls
M103T243_f,980,0.817403562188206,1.044631572887608,Hydroxy acids and derivatives
M103T243_g,981,0.817403562188206,1.044631572887608,Hydroxy acids and derivatives
M103T243_h,982,0.817403562188206,1.044631572887608,Hydroxy acids and derivatives
M237T440,983,0.8198580896284593,1.0104530175265136,Organooxygen compounds
M378T427,984,0.8238636135312644,1.0314222475893549,Carboxylic acids and derivatives
M217T248_a,985,0.8242142559456851,0.9605917267356117,Carboxylic acids and derivatives
M217T248_b,986,0.8242142559456851,0.9605917267356117,Carboxylic acids and derivatives
M217T248_c,987,0.8242142559456851,0.9605917267356117,Organooxygen compounds
M353T390,988,0.8276914136591632,0.9729864748632568,Purine nucleotides
M130T213,989,0.8302131526391519,1.0762864967142578,Carboxylic acids and derivatives
M417T302_2_a,990,0.8322040884512834,0.9697133909242336,Benzene and substituted derivatives
M417T302_2_b,991,0.8322040884512834,0.9697133909242336,Benzene and substituted derivatives
M361T361,992,0.8324328720199129,0.9592346024588835,Diazines
M117T382,993,0.8336868429950258,1.0062058416281505,Carboxylic acids and derivatives
M208T212_a,994,0.8356315118167624,1.0521391462599925,Carboxylic acids and derivatives
M208T212_b,995,0.8356315118167624,1.0521391462599925,Benzene and substituted derivatives
M208T212_c,996,0.8356315118167624,1.0521391462599925,Carboxylic acids and derivatives
M343T250,997,0.8401206953086419,1.0204316632984558,Keto acids and derivatives
M386T364,998,0.8437965632179489,1.0635540990809456,Carboxylic acids and derivatives
M161T368,999,0.8444489395695559,0.9809509268445769,Fatty Acyls
M157T276_a,1000,0.8470251604449371,1.0680272645591482,Organooxygen compounds
M157T276_b,1001,0.8470251604449371,1.0680272645591482,Organooxygen compounds
M157T276_c,1002,0.8470251604449371,1.0680272645591482,Organooxygen compounds
M383T254,1003,0.8479434412534262,1.0173807792753706,Organooxygen compounds
M287T93_a,1004,0.8544156239926367,0.9577062853941676,Benzene and substituted derivatives
M287T93_b,1005,0.8544156239926367,0.9577062853941676,Benzene and substituted derivatives
M246T169,1006,0.8620867706210924,0.968830827541956,Diazines
M386T348,1007,0.8652694544432877,1.0587734531842679,Carboxylic acids and derivatives
M143T339_a,1008,0.8657728300681101,0.9926782537929417,Keto acids and derivatives
M143T339_b,1009,0.8657728300681101,0.9926782537929417,Keto acids and derivatives
M143T339_c,1010,0.8657728300681101,0.9926782537929417,Keto acids and derivatives
M238T249,1011,0.8693060820800598,1.0049586388045142,Carboxylic acids and derivatives
M494T340,1012,0.873330402631824,0.9928099149997198,Pteridines and derivatives
M221T222,1013,0.8750385383331496,0.987994842008967,Diazines
M357T361_a,1014,0.8781663779942428,0.942308121806115,Fatty Acyls
M357T361_b,1015,0.8781663779942428,0.942308121806115,Organooxygen compounds
M187T307,1016,0.8791565597972747,1.0387663591001706,Carboxylic acids and derivatives
M744T337_1,1017,0.8793267018452258,1.0212716033783817,(5'->5')-dinucleotides
M217T411,1018,0.8894634029738471,1.0150465173535772,Carboxylic acids and derivatives
M113T297_a,1019,0.8918006106154139,0.9892102654437288,Keto acids and derivatives
M113T297_b,1020,0.8918006106154139,0.9892102654437288,Fatty Acyls
M113T297_c,1021,0.8918006106154139,0.9892102654437288,Keto acids and derivatives
M113T297_d,1022,0.8918006106154139,0.9892102654437288,Keto acids and derivatives
M113T297_e,1023,0.8918006106154139,0.9892102654437288,Keto acids and derivatives
M113T297_f,1024,0.8918006106154139,0.9892102654437288,Keto acids and derivatives
M113T297_g,1025,0.8918006106154139,0.9892102654437288,Keto acids and derivatives
M611T487,1026,0.8947463499547961,1.0078846460646695,Carboxylic acids and derivatives
M382T323_a,1027,0.9014518415200918,0.9588516297868903,Organooxygen compounds
M382T323_b,1028,0.9014518415200918,0.9588516297868903,Organooxygen compounds
M258T258,1029,0.9025918247532259,0.9673330720391413,Carboxylic acids and derivatives
M395T294_a,1030,0.9065513259146321,0.9928768860682176,Fatty Acyls
M395T294_b,1031,0.9065513259146321,0.9928768860682176,Fatty Acyls
M395T294_c,1032,0.9065513259146321,0.9928768860682176,Fatty Acyls
M395T294_d,1033,0.9065513259146321,0.9928768860682176,Fatty Acyls
M395T294_e,1034,0.9065513259146321,0.9928768860682176,Organooxygen compounds
M395T294_f,1035,0.9065513259146321,0.9928768860682176,Fatty Acyls
M395T294_g,1036,0.9065513259146321,0.9928768860682176,Organooxygen compounds
M395T294_h,1037,0.9065513259146321,0.9928768860682176,Organooxygen compounds
M337T276,1038,0.9068227029369976,1.0065588358426172,Carboxylic acids and derivatives
M263T43,1039,0.9112006534453969,0.9758585710977842,Phenols
M206T132,1040,0.9140259462802398,1.0246323402995958,Hydroxy acids and derivatives
M244T169,1041,0.9144066003675957,0.9807031632525733,Pyrimidine nucleosides
M289T460_a,1042,0.915982700098321,0.9951229416695491,Organooxygen compounds
M289T460_b,1043,0.915982700098321,0.9951229416695491,Carboxylic acids and derivatives
M289T460_c,1044,0.915982700098321,0.9951229416695491,Organooxygen compounds
M289T460_d,1045,0.915982700098321,0.9951229416695491,Organooxygen compounds
M289T460_e,1046,0.915982700098321,0.9951229416695491,Organooxygen compounds
M224T424,1047,0.9162661333738269,1.0069689779109163,Carboxylic acids and derivatives
M478T390_a,1048,0.9163897921973558,1.016327411069807,Pyrimidine nucleotides
M478T390_b,1049,0.9163897921973558,1.016327411069807,Pyrimidine nucleotides
M141T304_a,1050,0.921396202535398,1.0242952373474012,Organooxygen compounds
M141T304_b,1051,0.921396202535398,1.0242952373474012,Organooxygen compounds
M141T304_c,1052,0.921396202535398,1.0242952373474012,Organooxygen compounds
M253T276,1053,0.9246876577017511,1.0315208929214528,Organooxygen compounds
M207T267_a,1054,0.9247372315577442,1.029019311904568,Organooxygen compounds
M207T267_b,1055,0.9247372315577442,1.029019311904568,Organooxygen compounds
M228T164_a,1056,0.9281004096420464,1.011905454687375,Organooxygen compounds
M228T164_b,1057,0.9281004096420464,1.011905454687375,Benzene and substituted derivatives
M266T274,1058,0.9347345650224188,0.9718214184165942,Organooxygen compounds
M506T452,1059,0.9354991274110571,1.0202094940324289,Purine nucleotides
M211T285_a,1060,0.9374735423041254,0.9958420905202315,Fatty Acyls
M211T285_b,1061,0.9374735423041254,0.9958420905202315,Fatty Acyls
M211T285_c,1062,0.9374735423041254,0.9958420905202315,Fatty Acyls
M211T285_d,1063,0.9374735423041254,0.9958420905202315,Fatty Acyls
M211T285_e,1064,0.9374735423041254,0.9958420905202315,Keto acids and derivatives
M145T363_a,1065,0.9392970775707608,1.0191316724472264,Keto acids and derivatives
M145T363_b,1066,0.9392970775707608,1.0191316724472264,Keto acids and derivatives
M145T363_c,1067,0.9392970775707608,1.0191316724472264,Keto acids and derivatives
M180T290_2,1068,0.9395796603075259,1.0040943940284188,Carboxylic acids and derivatives
M603T489,1069,0.9419952440112176,0.9965476754238292,Purine nucleotides
M555T288_a,1070,0.9450581554398201,0.9887420559789124,Carboxylic acids and derivatives
M555T288_b,1071,0.9450581554398201,0.9887420559789124,Carboxylic acids and derivatives
M555T288_c,1072,0.9450581554398201,0.9887420559789124,Carboxylic acids and derivatives
M555T288_d,1073,0.9450581554398201,0.9887420559789124,Carboxylic acids and derivatives
M208T125,1074,0.9487789714998295,1.007947185718668,Indoles and derivatives
M781T424,1075,0.9514577883422266,0.996863431660611,(5'->5')-dinucleotides
M386T343_a,1076,0.9521029924499393,1.004065620626483,Azoles
M386T343_b,1077,0.9521029924499393,1.004065620626483,Azoles
M335T363,1078,0.9521157516918604,1.002845396817503,Organooxygen compounds
M311T40_2_a,1079,0.9601779922693976,0.9965300728429044,Prenol lipids
M311T40_2_b,1080,0.9601779922693976,0.9965300728429044,Fatty Acyls
M180T348_a,1081,0.9618932713832243,0.9961858942737203,Fatty Acyls
M180T348_b,1082,0.9618932713832243,0.9961858942737203,Carboxylic acids and derivatives
M180T348_c,1083,0.9618932713832243,0.9961858942737203,Carboxylic acids and derivatives
M180T348_d,1084,0.9618932713832243,0.9961858942737203,Keto acids and derivatives
M137T102_a,1085,0.9629486958266691,0.9891271840687357,Benzene and substituted derivatives
M137T102_b,1086,0.9629486958266691,0.9891271840687357,Benzene and substituted derivatives
M137T102_c,1087,0.9629486958266691,0.9891271840687357,Organooxygen compounds
M137T102_d,1088,0.9629486958266691,0.9891271840687357,Organooxygen compounds
M405T264,1089,0.9702814839819119,1.003564233484074,Organooxygen compounds
M203T249,1090,0.9818450627989322,1.0018105969736286,Indoles and derivatives
M165T270_a,1091,0.9830881261082988,0.997322006519077,Benzene and substituted derivatives
M165T270_b,1092,0.9830881261082988,0.997322006519077,Benzene and substituted derivatives
M141T243_a,1093,0.9849172263985049,1.0029849560561857,Keto acids and derivatives
M141T243_b,1094,0.9849172263985049,1.0029849560561857,Keto acids and derivatives
M335T447,1095,0.9898579251423336,1.0019948994246155,Carboxylic acids and derivatives
M154T370,1096,0.9914279230523919,0.9995066540028307,Carboxylic acids and derivatives
M239T233_a,1097,0.9961281755639937,1.0005862629045499,Organooxygen compounds
M239T233_b,1098,0.9961281755639937,1.0005862629045499,Organooxygen compounds
