compound_name,order,pvalue,foldchange,class
M319T434_a,1,3.2002254442711925e-11,2.1523443135025557,Carbohydrates and carbohydrate conjugates
M319T434_b,2,3.2002254442711925e-11,2.1523443135025557,Carbohydrates and carbohydrate conjugates
M319T434_c,3,3.2002254442711925e-11,2.1523443135025557,Carbohydrates and carbohydrate conjugates
M319T434_d,4,3.2002254442711925e-11,2.1523443135025557,Alcohols and polyols
M319T434_e,5,3.2002254442711925e-11,2.1523443135025557,Carbohydrates and carbohydrate conjugates
M319T434_f,6,3.2002254442711925e-11,2.1523443135025557,Carbohydrates and carbohydrate conjugates
M355T430,7,8.602537488024388e-11,1.8595532886285797,Nicotinamide nucleotides
M319T364,8,8.244013642023198e-10,3.745605940351166,"Amino acids, peptides, and analogues"
M247T411_a,9,1.969083608395834e-9,0.6506458563521859,Beta lactams
M247T411_b,10,1.969083608395834e-9,0.6506458563521859,"Amino acids, peptides, and analogues"
M247T411_d,11,1.969083608395834e-9,0.6506458563521859,"Amino acids, peptides, and analogues"
M384T443_a,12,7.194413217198004e-9,18.24531733051457,Carbohydrates and carbohydrate conjugates
M384T443_b,13,7.194413217198004e-9,18.24531733051457,Carbohydrates and carbohydrate conjugates
M384T443_c,14,7.194413217198004e-9,18.24531733051457,Fatty acyl glycosides
M384T443_d,15,7.194413217198004e-9,18.24531733051457,Carbohydrates and carbohydrate conjugates
M384T443_e,16,7.194413217198004e-9,18.24531733051457,Carbohydrates and carbohydrate conjugates
M384T443_f,17,7.194413217198004e-9,18.24531733051457,Carbohydrates and carbohydrate conjugates
M384T443_g,18,7.194413217198004e-9,18.24531733051457,Carbohydrates and carbohydrate conjugates
M363T442,19,1.4092196626198232e-8,15.568585837438018,"Amino acids, peptides, and analogues"
M304T415,20,4.819297137219104e-8,0.7455838706915522,"Amino acids, peptides, and analogues"
M326T415_2,21,6.17354577209925e-8,0.8217478791065633,Carbohydrates and carbohydrate conjugates
M129T364_1_a,22,6.618877396044901e-8,18.240168383072326,Fatty acids and conjugates
M129T364_1_b,23,6.618877396044901e-8,18.240168383072326,Dicarboxylic acids and derivatives
M129T364_1_c,24,6.618877396044901e-8,18.240168383072326,Fatty acids and conjugates
M313T437,25,1.556400358296446e-6,2.1426669805035674,Purine ribonucleotides
M233T237,26,2.283757408778186e-6,1.774350738702949,"Amino acids, peptides, and analogues"
M303T366,27,3.872385707049466e-6,0.7338601354040227,"Amino acids, peptides, and analogues"
M185T411,28,7.362215803554757e-6,0.6068990439819859,"Amino acids, peptides, and analogues"
M346T425,29,1.0956164789518726e-5,1.267168915871749,"Amino acids, peptides, and analogues"
M191T363_a,30,1.1617157238952225e-5,3.777902556874098,Carbohydrates and carbohydrate conjugates
M191T363_b,31,1.1617157238952225e-5,3.777902556874098,Carbohydrates and carbohydrate conjugates
M191T363_c,32,1.1617157238952225e-5,3.777902556874098,Carbohydrates and carbohydrate conjugates
M288T393_b,33,2.1430740373359574e-5,0.8292777916356509,"Amino acids, peptides, and analogues"
M288T393_c,34,2.1430740373359574e-5,0.8292777916356509,"Amino acids, peptides, and analogues"
M402T493_a,35,3.178978915308668e-5,1.6143771807146854,Pyrimidine ribonucleotides
M402T493_b,36,3.178978915308668e-5,1.6143771807146854,Pyrimidine ribonucleotides
M191T473_a,37,4.106835816762212e-5,0.6666318964563281,Tricarboxylic acids and derivatives
M191T473_b,38,4.106835816762212e-5,0.6666318964563281,Tricarboxylic acids and derivatives
M228T398,39,4.2118534971952295e-5,0.6509244493951778,"Amino acids, peptides, and analogues"
M234T338,40,4.351990191318607e-5,0.7038077588697205,"Amino acids, peptides, and analogues"
M241T395_a,41,5.0564093108548126e-5,1.792310739983569,Short-chain keto acids and derivatives
M241T395_b,42,5.0564093108548126e-5,1.792310739983569,Carbonyl compounds
M241T395_d,43,5.0564093108548126e-5,1.792310739983569,Phosphate esters
M241T395_e,44,5.0564093108548126e-5,1.792310739983569,Fatty acids and conjugates
M241T395_f,45,5.0564093108548126e-5,1.792310739983569,Fatty acids and conjugates
M241T395_g,46,5.0564093108548126e-5,1.792310739983569,Fatty acids and conjugates
M402T478_a,47,5.80156561517824e-5,2.0470142059665792,Pyrimidine ribonucleotides
M402T478_b,48,5.80156561517824e-5,2.0470142059665792,Pyrimidine ribonucleotides
M376T338,49,6.068536838531579e-5,0.7342862427951731,Pterins and derivatives
M147T388,50,7.051334358236755e-5,1.352814897697692,Short-chain hydroxy acids and derivatives
M322T453,51,8.543859996518424e-5,1.6304003823778954,Pyrimidine ribonucleotides
M480T339,52,9.621938743241405e-5,0.7212539308778781,Carbohydrates and carbohydrate conjugates
M182T381_a,53,1.091761021353225e-4,0.7270820159346096,"Amino acids, peptides, and analogues"
M182T381_b,54,1.091761021353225e-4,0.7270820159346096,"Amino acids, peptides, and analogues"
M132T396_a,55,1.1318096012766463e-4,0.8897698800765372,"Amino acids, peptides, and analogues"
M132T396_b,56,1.1318096012766463e-4,0.8897698800765372,"Amino acids, peptides, and analogues"
M157T283_a,57,1.2422592352949314e-4,0.5138351463650971,"Amino acids, peptides, and analogues"
M157T283_b,58,1.2422592352949314e-4,0.5138351463650971,Imidazolidines
M259T452_a,59,1.5166253953199617e-4,0.765263138947895,Carbohydrates and carbohydrate conjugates
M259T452_b,60,1.5166253953199617e-4,0.765263138947895,Carbohydrates and carbohydrate conjugates
M259T452_c,61,1.5166253953199617e-4,0.765263138947895,Carbohydrates and carbohydrate conjugates
M259T452_d,62,1.5166253953199617e-4,0.765263138947895,Carbohydrates and carbohydrate conjugates
M259T452_e,63,1.5166253953199617e-4,0.765263138947895,Carbohydrates and carbohydrate conjugates
M259T452_f,64,1.5166253953199617e-4,0.765263138947895,Carbohydrates and carbohydrate conjugates
M192T296,65,1.577789168365002e-4,2.3376627805820047,"1,3,5-triazines"
M354T496_a,66,1.6460019971928643e-4,3.428563042797622,"Amino acids, peptides, and analogues"
M354T496_b,67,1.6460019971928643e-4,3.428563042797622,"Amino acids, peptides, and analogues"
M259T270_a,68,1.673791094523284e-4,0.5871171438887028,"Amino acids, peptides, and analogues"
M259T270_b,69,1.673791094523284e-4,0.5871171438887028,"Amino acids, peptides, and analogues"
M187T279_2_a,70,1.6994825188610215e-4,2.008913568303883,"Amino acids, peptides, and analogues"
M187T279_2_b,71,1.6994825188610215e-4,2.008913568303883,"Amino acids, peptides, and analogues"
M187T279_2_c,72,1.6994825188610215e-4,2.008913568303883,"Amino acids, peptides, and analogues"
M155T233_a,73,1.737398851156764e-4,0.4642269851353234,Pyrimidines and pyrimidine derivatives
M155T233_b,74,1.737398851156764e-4,0.4642269851353234,Pyrimidines and pyrimidine derivatives
M226T237,75,1.780524009506657e-4,0.5217061449163507,Pyrimidine 2'-deoxyribonucleosides
M258T466,76,1.8132803999577286e-4,0.5495374435071088,Carbohydrates and carbohydrate conjugates
M240T219,77,2.1093014633612184e-4,0.6766309453947611,Carbonyl compounds
M249T385,78,2.3052654643964215e-4,0.009022403216204853,"Amino acids, peptides, and analogues"
M193T377_a,79,2.3547468887710507e-4,0.8541305272951619,Glycerophosphates
M193T377_b,80,2.3547468887710507e-4,0.8541305272951619,Glycerophosphates
M394T461,81,2.4258489238446963e-4,1.8632200759735684,Carbohydrates and carbohydrate conjugates
M171T429_a,82,2.793132207968058e-4,1.316220595904967,Glycerophosphates
M171T429_b,83,2.793132207968058e-4,1.316220595904967,Glycerophosphates
M243T230_a,84,2.7982374611996275e-4,0.6632069653020184,"Amino acids, peptides, and analogues"
M243T230_b,85,2.7982374611996275e-4,0.6632069653020184,Dicarboxylic acids and derivatives
M243T230_c,86,2.7982374611996275e-4,0.6632069653020184,"Amino acids, peptides, and analogues"
M562T449,87,3.2610324507250423e-4,1.1798955477813158,Carbohydrates and carbohydrate conjugates
M371T399_a,88,4.130574995765903e-4,0.7691259714241312,Carbohydrates and carbohydrate conjugates
M371T399_b,89,4.130574995765903e-4,0.7691259714241312,Carbohydrates and carbohydrate conjugates
M371T399_c,90,4.130574995765903e-4,0.7691259714241312,Carbohydrates and carbohydrate conjugates
M371T399_d,91,4.130574995765903e-4,0.7691259714241312,Carbohydrates and carbohydrate conjugates
M371T399_e,92,4.130574995765903e-4,0.7691259714241312,Carbohydrates and carbohydrate conjugates
M371T399_f,93,4.130574995765903e-4,0.7691259714241312,Carbohydrates and carbohydrate conjugates
M169T428,94,4.4871527920051354e-4,3.1202329795220547,Carbohydrates and carbohydrate conjugates
M203T414_a,95,4.829177433389533e-4,0.746442176469477,"Amino acids, peptides, and analogues"
M203T414_b,96,4.829177433389533e-4,0.746442176469477,Fatty acids and conjugates
M274T409,97,5.055304845473078e-4,0.7788077233175068,"Amino acids, peptides, and analogues"
M408T459_a,98,5.774612969234981e-4,1.46635578192976,Purine ribonucleotides
M408T459_b,99,5.774612969234981e-4,1.46635578192976,Purine ribonucleotides
M408T459_e,100,5.774612969234981e-4,1.46635578192976,Purine ribonucleotides
M233T414,101,5.936750319365848e-4,1.291819623921181,"Amino acids, peptides, and analogues"
M196T295,102,0.0013596985047143286,1.3292029478616834,"Amino acids, peptides, and analogues"
M215T269_a,103,0.0014391511402768687,0.675046029964345,Imidazoles
M215T269_b,104,0.0014391511402768687,0.675046029964345,Imidazoles
M215T269_c,105,0.0014391511402768687,0.675046029964345,Imidazoles
M580T451,106,0.0014787061595229402,1.1551160837372174,Purine nucleotide sugars
M564T338,107,0.0015885888898473516,0.7801527936046712,Pyrimidines and pyrimidine derivatives
M339T498_a,108,0.001598012731007257,1.8394276278768322,Carbohydrates and carbohydrate conjugates
M339T498_b,109,0.001598012731007257,1.8394276278768322,Carbohydrates and carbohydrate conjugates
M339T498_c,110,0.001598012731007257,1.8394276278768322,Carbohydrates and carbohydrate conjugates
M339T498_d,111,0.001598012731007257,1.8394276278768322,Carbohydrates and carbohydrate conjugates
M339T498_e,112,0.001598012731007257,1.8394276278768322,Carbohydrates and carbohydrate conjugates
M339T498_f,113,0.001598012731007257,1.8394276278768322,Carbohydrates and carbohydrate conjugates
M339T498_g,114,0.001598012731007257,1.8394276278768322,Carbohydrates and carbohydrate conjugates
M339T498_h,115,0.001598012731007257,1.8394276278768322,Carbohydrates and carbohydrate conjugates
M339T498_i,116,0.001598012731007257,1.8394276278768322,Carbohydrates and carbohydrate conjugates
M339T498_j,117,0.001598012731007257,1.8394276278768322,Carbohydrates and carbohydrate conjugates
M339T498_k,118,0.001598012731007257,1.8394276278768322,Carbohydrates and carbohydrate conjugates
M339T498_l,119,0.001598012731007257,1.8394276278768322,Carbohydrates and carbohydrate conjugates
M339T498_m,120,0.001598012731007257,1.8394276278768322,Carbohydrates and carbohydrate conjugates
M339T498_n,121,0.001598012731007257,1.8394276278768322,Carbohydrates and carbohydrate conjugates
M339T498_o,122,0.001598012731007257,1.8394276278768322,Carbohydrates and carbohydrate conjugates
M339T498_p,123,0.001598012731007257,1.8394276278768322,Carbohydrates and carbohydrate conjugates
M339T498_q,124,0.001598012731007257,1.8394276278768322,Carbohydrates and carbohydrate conjugates
M339T498_r,125,0.001598012731007257,1.8394276278768322,Carbohydrates and carbohydrate conjugates
M339T498_s,126,0.001598012731007257,1.8394276278768322,Carbohydrates and carbohydrate conjugates
M176T277_a,127,0.0016541095866064812,1.3029314386738233,Carbonyl compounds
M176T277_b,128,0.0016541095866064812,1.3029314386738233,Carbonyl compounds
M176T277_c,129,0.0016541095866064812,1.3029314386738233,Alcohols and polyols
M176T277_d,130,0.0016541095866064812,1.3029314386738233,Carbonyl compounds
M184T463,131,0.001656507446579525,1.2634087012642845,"Amino acids, peptides, and analogues"
M351T287,132,0.0016669497682388294,1.3394094295598535,"Amino acids, peptides, and analogues"
M273T366,133,0.001782863436576543,1.3272218490850167,"Amino acids, peptides, and analogues"
M88T355_a,134,0.0019365459897390306,0.8867007435452621,"Amino acids, peptides, and analogues"
M88T355_b,135,0.0019365459897390306,0.8867007435452621,"Amino acids, peptides, and analogues"
M88T355_c,136,0.0019365459897390306,0.8867007435452621,"Amino acids, peptides, and analogues"
M88T355_d,137,0.0019365459897390306,0.8867007435452621,"Amino acids, peptides, and analogues"
M88T355_e,138,0.0019365459897390306,0.8867007435452621,"Amino acids, peptides, and analogues"
M245T373,139,0.002084292210519757,0.8881270722107046,"Amino acids, peptides, and analogues"
M565T439_a,140,0.002185142176452004,1.2392098832284988,Pyrimidine nucleotide sugars
M565T439_b,141,0.002185142176452004,1.2392098832284988,Pyrimidine nucleotide sugars
M220T252_a,142,0.0023418180612184585,1.3944772491658943,Carbohydrates and carbohydrate conjugates
M220T252_b,143,0.0023418180612184585,1.3944772491658943,Carbohydrates and carbohydrate conjugates
M220T252_c,144,0.0023418180612184585,1.3944772491658943,Carbohydrates and carbohydrate conjugates
M215T294_a,145,0.0026224900256575706,0.8854377423498022,Fatty acids and conjugates
M215T294_b,146,0.0026224900256575706,0.8854377423498022,"Amino acids, peptides, and analogues"
M345T457,147,0.0029142433375053396,1.259923166919296,Carbohydrates and carbohydrate conjugates
M307T232_a,148,0.002944579204578842,1.368383780282963,Pyrimidine 2'-deoxyribonucleosides
M307T232_b,149,0.002944579204578842,1.368383780282963,Pyrimidine 2'-deoxyribonucleosides
M275T402,150,0.003144485063750852,2.6578138793025126,Carbohydrates and carbohydrate conjugates
M369T497_a,151,0.0032526641328327836,1.6733517528230095,Carbohydrates and carbohydrate conjugates
M369T497_b,152,0.0032526641328327836,1.6733517528230095,Carbohydrates and carbohydrate conjugates
M369T497_c,153,0.0032526641328327836,1.6733517528230095,Carbohydrates and carbohydrate conjugates
M369T497_d,154,0.0032526641328327836,1.6733517528230095,Carbohydrates and carbohydrate conjugates
M369T497_e,155,0.0032526641328327836,1.6733517528230095,Carbohydrates and carbohydrate conjugates
M167T454,156,0.003345617371910893,2.3801845058247606,Phosphate esters
M282T463_a,157,0.003411649152591219,1.2936031765403435,Carbohydrates and carbohydrate conjugates
M282T463_b,158,0.003411649152591219,1.2936031765403435,Carbohydrates and carbohydrate conjugates
M282T463_c,159,0.003411649152591219,1.2936031765403435,Phosphate esters
M506T481_a,160,0.0034629825784043794,1.3120941517852787,Purine ribonucleotides
M506T481_b,161,0.0034629825784043794,1.3120941517852787,Purine ribonucleotides
M506T481_c,162,0.0034629825784043794,1.3120941517852787,Purine ribonucleotides
M365T372,163,0.0035656071822047276,1.358086072947337,Cyclic pyrimidine nucleotides
M424T377_1_a,164,0.003605636958431276,0.8989209410917223,Carbohydrates and carbohydrate conjugates
M424T377_1_b,165,0.003605636958431276,0.8989209410917223,Carbohydrates and carbohydrate conjugates
M174T381,166,0.003968202220139647,1.1734710502025,"Amino acids, peptides, and analogues"
M336T447_1,167,0.004261531643313751,1.2316704039310964,"Amino acids, peptides, and analogues"
M289T470_a,168,0.004877679994914963,0.6991462663964338,Carbohydrates and carbohydrate conjugates
M289T470_b,169,0.004877679994914963,0.6991462663964338,Carbohydrates and carbohydrate conjugates
M296T104,170,0.004947590238750137,1.6399921689791412,5'-deoxy-5'-thionucleosides
M362T377_1,171,0.0052965174231480085,0.932396460832294,Purine ribonucleotides
M173T430,172,0.005456879955921291,0.7706455195373617,Tricarboxylic acids and derivatives
M383T374,173,0.006418113919838782,1.6080358517645639,Carbohydrates and carbohydrate conjugates
M352T377,174,0.007213748201717784,0.8011954470665108,"Amino acids, peptides, and analogues"
M345T398,175,0.007265116123105215,0.8600680861423451,Carbohydrates and carbohydrate conjugates
M229T438,176,0.0077541450650762764,0.6714936915806624,Carbohydrates and carbohydrate conjugates
M117T308,177,0.00796768958221521,1.0813264154252087,Organosulfonic acids and derivatives
M306T395,178,0.008002780784611693,1.3634934769588647,"Amino acids, peptides, and analogues"
M207T365_a,179,0.008139849718985253,0.8983005200728289,"Amino acids, peptides, and analogues"
M207T365_b,180,0.008139849718985253,0.8983005200728289,"Amino acids, peptides, and analogues"
M207T365_c,181,0.008139849718985253,0.8983005200728289,"Amino acids, peptides, and analogues"
M218T374,182,0.008516331129416728,1.1123861193435653,"Amino acids, peptides, and analogues"
M484T401,183,0.008691999786535844,1.9236058966128444,Purine ribonucleotides
M236T157_a,184,0.008700380317775003,1.2740922237427026,Hydroxyindoles
M236T157_b,185,0.008700380317775003,1.2740922237427026,Indoles
M293T232_2,186,0.009110839525800222,1.2653136217894447,Carbohydrates and carbohydrate conjugates
M175T412,187,0.009279261181402551,1.3589845842817454,"Amino acids, peptides, and analogues"
M289T462,188,0.009812773486522828,1.2236224156713285,"Amino acids, peptides, and analogues"
M303T347,189,0.009904257676221365,0.7618626621398182,"Amino acids, peptides, and analogues"
M259T469_a,190,0.009928280233017643,0.4610634990529188,Carbohydrates and carbohydrate conjugates
M259T469_b,191,0.009928280233017643,0.4610634990529188,Carbohydrates and carbohydrate conjugates
M259T469_c,192,0.009928280233017643,0.4610634990529188,Carbohydrates and carbohydrate conjugates
M259T469_d,193,0.009928280233017643,0.4610634990529188,Carbohydrates and carbohydrate conjugates
M259T469_e,194,0.009928280233017643,0.4610634990529188,Carbohydrates and carbohydrate conjugates
M259T469_f,195,0.009928280233017643,0.4610634990529188,Carbohydrates and carbohydrate conjugates
M235T234,196,0.009997219825803797,1.2536654383947672,Tryptamines and derivatives
M651T395,197,0.010568012890862712,1.4445937484717395,Pyrimidine nucleotide sugars
M202T264_a,198,0.010699749404251857,0.4971394014976026,"Amino acids, peptides, and analogues"
M202T264_b,199,0.010699749404251857,0.4971394014976026,"Amino acids, peptides, and analogues"
M146T391_2,200,0.011328652660479253,1.093404109004678,"Amino acids, peptides, and analogues"
M188T437_a,201,0.011417807952789042,0.6714371877600451,"Amino acids, peptides, and analogues"
M188T437_b,202,0.011417807952789042,0.6714371877600451,"Amino acids, peptides, and analogues"
M353T474_2_a,203,0.012087057994248774,1.6540286732255556,Fatty acids and conjugates
M353T474_2_b,204,0.012087057994248774,1.6540286732255556,Fatty acids and conjugates
M353T474_2_c,205,0.012087057994248774,1.6540286732255556,Fatty acids and conjugates
M353T474_2_d,206,0.012087057994248774,1.6540286732255556,Fatty acids and conjugates
M353T474_2_e,207,0.012087057994248774,1.6540286732255556,Fatty acids and conjugates
M353T474_2_f,208,0.012087057994248774,1.6540286732255556,Fatty acids and conjugates
M266T171_a,209,0.012818153809191274,2.3454474999405672,Purine 2'-deoxyribonucleosides
M381T296_a,210,0.01282973611873001,0.8175502725098734,Carbohydrates and carbohydrate conjugates
M381T296_b,211,0.01282973611873001,0.8175502725098734,Carbohydrates and carbohydrate conjugates
M381T296_c,212,0.01282973611873001,0.8175502725098734,Carbohydrates and carbohydrate conjugates
M381T296_d,213,0.01282973611873001,0.8175502725098734,Carbohydrates and carbohydrate conjugates
M205T296_a,214,0.013147453874053193,0.7920004698061769,Peroxycarboxylic acids and derivatives
M205T296_b,215,0.013147453874053193,0.7920004698061769,Ureas
M273T403,216,0.013160112090578433,1.5276162330336285,Carbohydrates and carbohydrate conjugates
M302T399,217,0.013429863568590767,0.8894969361579234,"Amino acids, peptides, and analogues"
M336T390_a,218,0.01381366741429076,1.2346518030388018,"Amino acids, peptides, and analogues"
M336T390_b,219,0.01381366741429076,1.2346518030388018,Hydroxypyridines
M336T390_c,220,0.01381366741429076,1.2346518030388018,"Amino acids, peptides, and analogues"
M210T395,221,0.014117217932038116,1.3350664186349956,"Amino acids, peptides, and analogues"
M223T298,222,0.014359686886819654,0.8384854341550587,Carbohydrates and carbohydrate conjugates
M326T289,223,0.015505059159199332,0.7578487842794485,Pyrimidines and pyrimidine derivatives
M182T402_a,224,0.016223598514418524,1.2143740377523562,"Amino acids, peptides, and analogues"
M182T402_b,225,0.016223598514418524,1.2143740377523562,"Amino acids, peptides, and analogues"
M182T402_c,226,0.016223598514418524,1.2143740377523562,"Amino acids, peptides, and analogues"
M182T402_d,227,0.016223598514418524,1.2143740377523562,"Amino acids, peptides, and analogues"
M182T402_e,228,0.016223598514418524,1.2143740377523562,"Amino acids, peptides, and analogues"
M182T402_f,229,0.016223598514418524,1.2143740377523562,"Amino acids, peptides, and analogues"
M226T377,230,0.017076142072121745,0.9221060406374436,Organosulfonic acids and derivatives
M221T385,231,0.017499161614575286,0.8367345862347904,"Amino acids, peptides, and analogues"
M113T283,232,0.01853510364586997,0.5795929399622197,Pyrimidines and pyrimidine derivatives
M362T457,233,0.018897004793572515,1.371786374842462,Carbohydrates and carbohydrate conjugates
M189T428,234,0.01906802280136769,1.0963302598408244,"Amino acids, peptides, and analogues"
M644T336,235,0.019866985453476836,1.0943757337157216,Pyrimidines and pyrimidine derivatives
M258T411_a,236,0.02133048320053043,1.0857717848381403,Alcohols and polyols
M258T411_b,237,0.02133048320053043,1.0857717848381403,Carbohydrates and carbohydrate conjugates
M258T411_c,238,0.02133048320053043,1.0857717848381403,Carbohydrates and carbohydrate conjugates
M258T411_d,239,0.02133048320053043,1.0857717848381403,Carbohydrates and carbohydrate conjugates
M258T411_e,240,0.02133048320053043,1.0857717848381403,Carbohydrates and carbohydrate conjugates
M337T441_a,241,0.0213997763964459,1.176567945023082,Fatty acyl glycosides
M337T441_b,242,0.0213997763964459,1.176567945023082,Fatty acyl glycosides
M401T448_a,243,0.022168451393341084,1.1255720299106438,Carbohydrates and carbohydrate conjugates
M401T448_b,244,0.022168451393341084,1.1255720299106438,Carbohydrates and carbohydrate conjugates
M401T448_c,245,0.022168451393341084,1.1255720299106438,Carbohydrates and carbohydrate conjugates
M401T448_d,246,0.022168451393341084,1.1255720299106438,Carbohydrates and carbohydrate conjugates
M401T448_e,247,0.022168451393341084,1.1255720299106438,Carbohydrates and carbohydrate conjugates
M401T448_f,248,0.022168451393341084,1.1255720299106438,Carbohydrates and carbohydrate conjugates
M401T448_g,249,0.022168451393341084,1.1255720299106438,Carbohydrates and carbohydrate conjugates
M401T448_h,250,0.022168451393341084,1.1255720299106438,Carbohydrates and carbohydrate conjugates
M401T448_i,251,0.022168451393341084,1.1255720299106438,Carbohydrates and carbohydrate conjugates
M130T250,252,0.023293491952712877,1.1294443342191058,"Amino acids, peptides, and analogues"
M129T241_a,253,0.023953408903356194,1.3284654016715398,Gamma-keto acids and derivatives
M129T241_b,254,0.023953408903356194,1.3284654016715398,Short-chain keto acids and derivatives
M129T241_c,255,0.023953408903356194,1.3284654016715398,Gamma-keto acids and derivatives
M261T406,256,0.02398784858219729,1.1794712553358238,Sulfuric acid esters
M146T293,257,0.02503952931188633,1.1372396724702805,"Amino acids, peptides, and analogues"
M370T415,258,0.02541920004317875,0.8781765345081266,Purine ribonucleotides
M282T296,259,0.02723117073369131,0.5259302079026273,Carbohydrates and carbohydrate conjugates
M202T295,260,0.027275634148815984,0.8330123677273534,Fatty acid esters
M273T368_a,261,0.027324828313139336,0.9194957333860967,Carbohydrates and carbohydrate conjugates
M273T368_b,262,0.027324828313139336,0.9194957333860967,Carbohydrates and carbohydrate conjugates
M273T368_c,263,0.027324828313139336,0.9194957333860967,Carbohydrates and carbohydrate conjugates
M224T325_a,264,0.02786854433057131,1.1313310097385683,"Amino acids, peptides, and analogues"
M224T325_b,265,0.02786854433057131,1.1313310097385683,"Amino acids, peptides, and analogues"
M224T325_c,266,0.02786854433057131,1.1313310097385683,"Amino acids, peptides, and analogues"
M327T340,267,0.02865565597163293,1.2028212954503814,Cyclic pyrimidine nucleotides
M276T386,268,0.02968149228712474,0.9233745993676793,"Amino acids, peptides, and analogues"
M231T383_a,269,0.02998945377867013,1.337398897331609,"Amino acids, peptides, and analogues"
M231T383_b,270,0.02998945377867013,1.337398897331609,"Amino acids, peptides, and analogues"
M231T383_c,271,0.02998945377867013,1.337398897331609,"Amino acids, peptides, and analogues"
M217T263,272,0.031375735594627426,1.337530146736835,"Amino acids, peptides, and analogues"
M553T473_a,273,0.031681395640858916,0.8709397019437765,Fatty acyl glycosides
M553T473_b,274,0.031681395640858916,0.8709397019437765,Fatty acyl glycosides
M553T473_c,275,0.031681395640858916,0.8709397019437765,Fatty acyl glycosides
M553T473_d,276,0.031681395640858916,0.8709397019437765,Fatty acyl glycosides
M553T473_e,277,0.031681395640858916,0.8709397019437765,Fatty acyl glycosides
M403T296,278,0.03312535492500705,0.6967006984658063,Carbohydrates and carbohydrate conjugates
M401T216_a,279,0.03381196125143202,0.8552800417153367,Carbohydrates and carbohydrate conjugates
M401T216_b,280,0.03381196125143202,0.8552800417153367,Carbohydrates and carbohydrate conjugates
M433T366_1_a,281,0.03552058972452233,0.8783107005329654,Hydrolyzable tannins
M433T366_1_b,282,0.03552058972452233,0.8783107005329654,Hydrolyzable tannins
M433T366_1_c,283,0.03552058972452233,0.8783107005329654,Carbohydrates and carbohydrate conjugates
M433T366_1_d,284,0.03552058972452233,0.8783107005329654,Carbohydrates and carbohydrate conjugates
M433T366_1_e,285,0.03552058972452233,0.8783107005329654,Carbohydrates and carbohydrate conjugates
M433T366_1_f,286,0.03552058972452233,0.8783107005329654,Carbohydrates and carbohydrate conjugates
M166T283,287,0.03602071102487884,0.8489664017276163,Organosulfonic acids and derivatives
M187T255_a,288,0.0367421821707948,1.569443578665463,"Amino acids, peptides, and analogues"
M187T255_b,289,0.0367421821707948,1.569443578665463,"Amino acids, peptides, and analogues"
M187T255_c,290,0.0367421821707948,1.569443578665463,"Amino acids, peptides, and analogues"
M288T436,291,0.03693939313456004,0.9188141211585823,"Amino acids, peptides, and analogues"
M261T221_a,292,0.037414942329490095,1.1701734153033818,Benzoic acids and derivatives
M261T221_b,293,0.037414942329490095,1.1701734153033818,"Amino acids, peptides, and analogues"
M210T436,294,0.03986294645852629,1.0857988477154827,"Amino acids, peptides, and analogues"
M186T232_1,295,0.040519654747308884,1.1096152324812991,"Amino acids, peptides, and analogues"
M324T260,296,0.041036014752972874,0.861760526963285,Pyridinecarboxylic acids and derivatives
M200T236_a,297,0.042674226693453214,0.8593562335171965,Hydropyridines
M200T236_b,298,0.042674226693453214,0.8593562335171965,"Amino acids, peptides, and analogues"
M242T294,299,0.043665429290089104,0.8019282577148306,Phosphate esters
M275T384,300,0.05146991230024718,0.8710628902433806,"Amino acids, peptides, and analogues"
M175T364_a,301,0.05246494266302582,0.758859139875854,Carbonyl compounds
M175T364_b,302,0.05246494266302582,0.758859139875854,Carbonyl compounds
M277T62,303,0.05386093929748444,1.0843653975444785,Benzoic acids and derivatives
M158T344_a,304,0.05397249881463453,0.8442185926333109,Fatty acids and conjugates
M158T344_b,305,0.05397249881463453,0.8442185926333109,"Amino acids, peptides, and analogues"
M158T344_c,306,0.05397249881463453,0.8442185926333109,"Amino acids, peptides, and analogues"
M158T344_d,307,0.05397249881463453,0.8442185926333109,Short-chain keto acids and derivatives
M419T365_b,308,0.054775127062416495,0.8151300889615611,Fatty acyl glycosides
M320T387_a,309,0.05606072838354728,1.2467942228614048,Pyrimidine deoxyribonucleotides
M320T387_b,310,0.05606072838354728,1.2467942228614048,"Amino acids, peptides, and analogues"
M131T368,311,0.058186055167844246,0.9157910981375863,"Amino acids, peptides, and analogues"
M234T101_a,312,0.060031031664482634,1.608337108100909,Hydroxyindoles
M234T101_b,313,0.060031031664482634,1.608337108100909,Indoles
M320T415_2_a,314,0.06542624582352755,1.1527844502922382,"Amino acids, peptides, and analogues"
M320T415_2_b,315,0.06542624582352755,1.1527844502922382,"Amino acids, peptides, and analogues"
M320T415_2_c,316,0.06542624582352755,1.1527844502922382,"Amino acids, peptides, and analogues"
M256T377_2,317,0.06671961041574254,0.9471223055147618,Glycerophosphocholines
M309T216_a,318,0.06791003607070682,0.529172041632986,Indolyl carboxylic acids and derivatives
M309T216_b,319,0.06791003607070682,0.529172041632986,Indolyl carboxylic acids and derivatives
M329T442_b,320,0.06838280455042633,0.6622597672261151,Carbohydrates and carbohydrate conjugates
M329T442_c,321,0.06838280455042633,0.6622597672261151,Fatty acyl glycosides
M329T442_d,322,0.06838280455042633,0.6622597672261151,Fatty acyl glycosides
M303T265_a,323,0.06870852333003297,0.8242863009021574,Indoles
M303T265_b,324,0.06870852333003297,0.8242863009021574,"Amino acids, peptides, and analogues"
M376T367,325,0.06969475367334788,0.8702848065542493,Carbohydrates and carbohydrate conjugates
M200T353,326,0.07027092278504034,1.2265844471540495,"Amino acids, peptides, and analogues"
M295T274_a,327,0.07278258611795257,0.812287623069959,Carbohydrates and carbohydrate conjugates
M295T274_b,328,0.07278258611795257,0.812287623069959,Carbohydrates and carbohydrate conjugates
M295T274_c,329,0.07278258611795257,0.812287623069959,Carbohydrates and carbohydrate conjugates
M295T274_d,330,0.07278258611795257,0.812287623069959,Gamma butyrolactones
M295T274_e,331,0.07278258611795257,0.812287623069959,Gamma butyrolactones
M295T274_f,332,0.07278258611795257,0.812287623069959,Gamma butyrolactones
M295T274_g,333,0.07278258611795257,0.812287623069959,Carbohydrates and carbohydrate conjugates
M295T274_h,334,0.07278258611795257,0.812287623069959,Carbohydrates and carbohydrate conjugates
M295T274_i,335,0.07278258611795257,0.812287623069959,Carbohydrates and carbohydrate conjugates
M295T274_j,336,0.07278258611795257,0.812287623069959,Carbohydrates and carbohydrate conjugates
M347T441,337,0.07444708828182096,1.2966460275412972,Carbohydrates and carbohydrate conjugates
M604T438,338,0.07677248998933155,0.9118025188273011,Purine nucleotide sugars
M89T232_2,339,0.07708498773752152,1.1117317252938324,Alpha hydroxy acids and derivatives
M455T269,340,0.07720636708738243,1.8515479843083764,"Amino acids, peptides, and analogues"
M178T206,341,0.07976543118456228,1.1303679240069893,Gamma-keto acids and derivatives
M201T364,342,0.08038379234550334,0.7265928047965254,"Amino acids, peptides, and analogues"
M148T274_2,343,0.08079585658559166,1.0702005750332677,"Amino acids, peptides, and analogues"
M241T325_b,344,0.08392252497571068,1.2948648672089769,Carbonyl compounds
M241T325_c,345,0.08392252497571068,1.2948648672089769,Fatty acids and conjugates
M241T325_d,346,0.08392252497571068,1.2948648672089769,Phosphate esters
M241T325_e,347,0.08392252497571068,1.2948648672089769,Fatty acids and conjugates
M241T325_f,348,0.08392252497571068,1.2948648672089769,Fatty acids and conjugates
M403T436,349,0.0846981977444651,1.1203274457871726,Organic pyrophosphates
M104T367_a,350,0.08486911171073476,1.0469553203044633,"Amino acids, peptides, and analogues"
M104T367_b,351,0.08486911171073476,1.0469553203044633,"Amino acids, peptides, and analogues"
M292T337_a,352,0.08695085386137738,1.1200997653518174,Carbohydrates and carbohydrate conjugates
M292T337_b,353,0.08695085386137738,1.1200997653518174,Carbohydrates and carbohydrate conjugates
M292T337_c,354,0.08695085386137738,1.1200997653518174,Carbohydrates and carbohydrate conjugates
M292T337_d,355,0.08695085386137738,1.1200997653518174,Carbohydrates and carbohydrate conjugates
M292T337_e,356,0.08695085386137738,1.1200997653518174,Carbohydrates and carbohydrate conjugates
M217T359,357,0.08839814472357639,1.123550640413233,"Amino acids, peptides, and analogues"
M116T291,358,0.09022465589162594,1.0960384088295512,"Amino acids, peptides, and analogues"
M255T350_a,359,0.09259193987376485,0.8497683820846005,Carbohydrates and carbohydrate conjugates
M255T350_b,360,0.09259193987376485,0.8497683820846005,Benzenesulfonic acids and derivatives
M255T350_c,361,0.09259193987376485,0.8497683820846005,Benzenesulfonic acids and derivatives
M321T297,362,0.09624080144515122,0.8208662571277026,Carbohydrates and carbohydrate conjugates
M365T413,363,0.09988661585681519,1.076319196084909,Cyclic pyrimidine nucleotides
M144T277_a,364,0.10080103755893839,1.1623910526201982,Medium-chain keto acids and derivatives
M144T277_b,365,0.10080103755893839,1.1623910526201982,Medium-chain keto acids and derivatives
M144T277_c,366,0.10080103755893839,1.1623910526201982,"Amino acids, peptides, and analogues"
M144T277_d,367,0.10080103755893839,1.1623910526201982,"Amino acids, peptides, and analogues"
M248T275_a,368,0.10081027348310848,1.2740140237856634,"Amino acids, peptides, and analogues"
M248T275_b,369,0.10081027348310848,1.2740140237856634,"Amino acids, peptides, and analogues"
M244T479_a,370,0.10129070355598035,0.9415706995540641,Phosphate esters
M244T479_b,371,0.10129070355598035,0.9415706995540641,Phosphate esters
M244T479_c,372,0.10129070355598035,0.9415706995540641,Phosphate esters
M277T157_2,373,0.10669241150009551,1.2750461406382008,"Amino acids, peptides, and analogues"
M299T301,374,0.10720761325771694,1.3182077037945805,Tricarboxylic acids and derivatives
M148T214,375,0.10884949527754476,1.7672361527071652,Pyridinecarboxylic acids and derivatives
M852T472,376,0.10926376343731127,1.2292449477858503,Fatty acyl thioesters
M134T160,377,0.10931518255002877,1.1882325715484836,Purines and purine derivatives
M320T225,378,0.10987150458437628,1.1691974172166137,Carbohydrates and carbohydrate conjugates
M504T489_a,379,0.11002947847479276,1.0464379518449378,Purine ribonucleotides
M504T489_b,380,0.11002947847479276,1.0464379518449378,Purine ribonucleotides
M504T489_c,381,0.11002947847479276,1.0464379518449378,Purine ribonucleotides
M504T489_d,382,0.11002947847479276,1.0464379518449378,Purine ribonucleotides
M275T452,383,0.11018796486224032,1.1164150301000617,"Amino acids, peptides, and analogues"
M208T392_a,384,0.11064364699942274,1.3934306645027292,Medium-chain keto acids and derivatives
M208T392_b,385,0.11064364699942274,1.3934306645027292,Medium-chain keto acids and derivatives
M155T223,386,0.11208757676268823,1.6848358974031814,Pyridinecarboxylic acids and derivatives
M446T293_a,387,0.11368591218112489,1.3835186819236693,Carbohydrates and carbohydrate conjugates
M446T293_b,388,0.11368591218112489,1.3835186819236693,Carbohydrates and carbohydrate conjugates
M446T293_c,389,0.11368591218112489,1.3835186819236693,Pyridoxines
M305T165,390,0.1160408223367702,0.9263118802200028,Carbohydrates and carbohydrate conjugates
M425T472_a,391,0.11656909501631768,0.8713523339912167,Carbohydrates and carbohydrate conjugates
M425T472_b,392,0.11656909501631768,0.8713523339912167,1-ribosyl-imidazolecarboxamides
M425T472_c,393,0.11656909501631768,0.8713523339912167,Carbohydrates and carbohydrate conjugates
M235T212,394,0.11666787792798054,1.5623636427273446,Tryptamines and derivatives
M291T456_a,395,0.1171633661433449,1.1630871205268047,Carbohydrates and carbohydrate conjugates
M291T456_b,396,0.1171633661433449,1.1630871205268047,Carbohydrates and carbohydrate conjugates
M291T456_c,397,0.1171633661433449,1.1630871205268047,Carbohydrates and carbohydrate conjugates
M114T303_a,398,0.11988270013091304,0.9578449672212344,"Amino acids, peptides, and analogues"
M114T303_b,399,0.11988270013091304,0.9578449672212344,"Amino acids, peptides, and analogues"
M275T291,400,0.11999725954972827,0.9319828743877592,"Amino acids, peptides, and analogues"
M361T249,401,0.12049887447803463,1.201881819714359,Cyclic purine nucleotides
M402T377_2,402,0.12128281607688325,0.921063831852186,Carbohydrates and carbohydrate conjugates
M279T43,403,0.12207234844038217,0.9085049648041367,Lineolic acids and derivatives
M177T81_a,404,0.12410362490708436,0.8750351447359047,Gamma butyrolactones
M177T81_b,405,0.12410362490708436,0.8750351447359047,Gamma butyrolactones
M200T110,406,0.12433709415043166,1.3552803297259644,Medium-chain keto acids and derivatives
M360T292,407,0.1269313926533518,0.8517372650640037,Carbohydrates and carbohydrate conjugates
M336T381,408,0.12719784196276637,1.2283203442928374,"Amino acids, peptides, and analogues"
M238T301_a,409,0.12901807561753476,0.8690500630099103,Carbohydrates and carbohydrate conjugates
M238T301_b,410,0.12901807561753476,0.8690500630099103,Alcohols and polyols
M238T301_c,411,0.12901807561753476,0.8690500630099103,Carbohydrates and carbohydrate conjugates
M213T105,412,0.13588440342613942,1.5038439146629554,Hydroxycinnamic acids and derivatives
M213T45,413,0.14447284380855044,1.1462615598217276,Fatty acids and conjugates
M194T132,414,0.14448898433461202,1.1085375926477894,Gamma-keto acids and derivatives
M210T337_a,415,0.14488276725994131,1.0959152613215546,"Amino acids, peptides, and analogues"
M210T337_b,416,0.14488276725994131,1.0959152613215546,"Amino acids, peptides, and analogues"
M213T306,417,0.14558794931461544,1.0721552175863738,Organosulfonic acids and derivatives
M214T386,418,0.14860583800290786,0.9543505689280971,Glycerophosphoethanolamines
M194T149_a,419,0.1491410622927714,1.0887486438789553,"Amino acids, peptides, and analogues"
M194T149_b,420,0.1491410622927714,1.0887486438789553,Gamma-keto acids and derivatives
M155T405,421,0.1496987095541548,1.1768551487585193,Beta hydroxy acids and derivatives
M227T45_2,422,0.15126083715574495,1.1137858708228374,Fatty acids and conjugates
M320T382,423,0.15158541536544573,1.3873627646840223,Hybrid peptides
M195T403_a,424,0.1527618688281976,1.1869092205146778,Carbohydrates and carbohydrate conjugates
M195T403_b,425,0.1527618688281976,1.1869092205146778,Carbohydrates and carbohydrate conjugates
M449T429_g,426,0.15312114241081407,0.59961240968572,"Amino acids, peptides, and analogues"
M449T429_h,427,0.15312114241081407,0.59961240968572,"Amino acids, peptides, and analogues"
M449T429_i,428,0.15312114241081407,0.59961240968572,"Amino acids, peptides, and analogues"
M225T411,429,0.1579221246617128,0.943109722526298,Hybrid peptides
M207T377_a,430,0.15819246267687154,0.944110551562996,Phosphate esters
M207T377_b,431,0.15819246267687154,0.944110551562996,Fatty acids and conjugates
M205T331,432,0.15870801725600056,2.772394959521452,Tricarboxylic acids and derivatives
M202T344,433,0.16389522203872117,1.1540363584157538,"Amino acids, peptides, and analogues"
M253T377,434,0.16631211403515342,0.9379562559604403,Fatty acids and conjugates
M331T391,435,0.1663266452781835,1.104620467807507,Purine ribonucleotides
M154T458_a,436,0.16743765413951928,0.8929135094934901,Phosphate esters
M154T458_b,437,0.16743765413951928,0.8929135094934901,Phosphate esters
M251T258,438,0.16745141527616444,0.5564841545059477,"Amino acids, peptides, and analogues"
M197T377,439,0.17179833279952234,0.9615390223285335,Phosphate esters
M376T263_a,440,0.1747578548802228,1.174962040420844,Carbohydrates and carbohydrate conjugates
M376T263_b,441,0.1747578548802228,1.174962040420844,5'-deoxy-5'-thionucleosides
M289T23,442,0.1754288235814429,27.85655139948171,Androstane steroids
M328T448,443,0.1785634478689752,0.8218221822983393,Purine ribonucleotides
M165T264,444,0.17959760985497375,0.7898581394382554,Isoprenoid phosphates
M487T372,445,0.18182122055952105,0.7213837654306537,Pterins and derivatives
M259T368,446,0.18239089191951602,0.8995226731096464,"Amino acids, peptides, and analogues"
M214T266,447,0.18396008200118896,0.8175965446057748,"Amino acids, peptides, and analogues"
M455T263_a,448,0.1897660481097968,1.1404558739498922,Fatty acyl glycosides
M455T263_b,449,0.1897660481097968,1.1404558739498922,Fatty acyl glycosides
M455T263_c,450,0.1897660481097968,1.1404558739498922,Carbohydrates and carbohydrate conjugates
M455T263_d,451,0.1897660481097968,1.1404558739498922,Fatty acyl glycosides
M455T263_e,452,0.1897660481097968,1.1404558739498922,Fatty acyl glycosides
M455T263_f,453,0.1897660481097968,1.1404558739498922,Fatty acyl glycosides
M455T263_g,454,0.1897660481097968,1.1404558739498922,Carbohydrates and carbohydrate conjugates
M455T263_h,455,0.1897660481097968,1.1404558739498922,Carbohydrates and carbohydrate conjugates
M308T369,456,0.19288648640160933,0.9309491233902543,Carbohydrates and carbohydrate conjugates
M267T303_a,457,0.19525633287240507,1.5630135531500684,Carbohydrates and carbohydrate conjugates
M267T303_b,458,0.19525633287240507,1.5630135531500684,Carbohydrates and carbohydrate conjugates
M267T303_c,459,0.19525633287240507,1.5630135531500684,Carbohydrates and carbohydrate conjugates
M267T303_d,460,0.19525633287240507,1.5630135531500684,Carbohydrates and carbohydrate conjugates
M267T303_e,461,0.19525633287240507,1.5630135531500684,Carbohydrates and carbohydrate conjugates
M267T303_f,462,0.19525633287240507,1.5630135531500684,Carbohydrates and carbohydrate conjugates
M267T303_g,463,0.19525633287240507,1.5630135531500684,Carbohydrates and carbohydrate conjugates
M267T303_h,464,0.19525633287240507,1.5630135531500684,Carbohydrates and carbohydrate conjugates
M267T303_i,465,0.19525633287240507,1.5630135531500684,Carbohydrates and carbohydrate conjugates
M267T303_j,466,0.19525633287240507,1.5630135531500684,Carbohydrates and carbohydrate conjugates
M342T262_a,467,0.19560336651793217,1.246894566118064,Carbohydrates and carbohydrate conjugates
M342T262_b,468,0.19560336651793217,1.246894566118064,Carbohydrates and carbohydrate conjugates
M342T262_c,469,0.19560336651793217,1.246894566118064,Carbohydrates and carbohydrate conjugates
M342T262_d,470,0.19560336651793217,1.246894566118064,Carbohydrates and carbohydrate conjugates
M342T262_e,471,0.19560336651793217,1.246894566118064,Carbohydrates and carbohydrate conjugates
M308T258,472,0.19718932438380876,0.873192104890707,Pyridoxines
M134T225_2,473,0.19951036220293336,1.192577098758642,Organic nitro compounds
M454T266,474,0.2032951060612488,1.1501244951918774,"Amino acids, peptides, and analogues"
M397T299,475,0.20676947423904352,1.3140928078515823,Carbohydrates and carbohydrate conjugates
M207T90,476,0.20777389076062122,0.7236923356547503,Biphenyls and derivatives
M364T343_a,477,0.2082555725833043,1.107739066767833,Carbohydrates and carbohydrate conjugates
M364T343_b,478,0.2082555725833043,1.107739066767833,Carbohydrates and carbohydrate conjugates
M364T343_c,479,0.2082555725833043,1.107739066767833,Carbohydrates and carbohydrate conjugates
M364T343_d,480,0.2082555725833043,1.107739066767833,Carbohydrates and carbohydrate conjugates
M238T298_a,481,0.20876107208900563,1.1827246616441858,Fatty acids and conjugates
M238T298_b,482,0.20876107208900563,1.1827246616441858,Fatty acids and conjugates
M238T298_c,483,0.20876107208900563,1.1827246616441858,Fatty acids and conjugates
M238T298_d,484,0.20876107208900563,1.1827246616441858,Fatty acids and conjugates
M238T298_e,485,0.20876107208900563,1.1827246616441858,Fatty acids and conjugates
M238T298_f,486,0.20876107208900563,1.1827246616441858,Fatty acids and conjugates
M297T292,487,0.20942956615744138,1.2712914156354727,Indolyl carboxylic acids and derivatives
M227T321,488,0.21165747155921671,1.2200737321455688,"Amino acids, peptides, and analogues"
M401T359_a,489,0.21635571499172493,0.7197865539975786,Carbohydrates and carbohydrate conjugates
M401T359_b,490,0.21635571499172493,0.7197865539975786,Carbohydrates and carbohydrate conjugates
M225T261,491,0.21829241162489676,0.9085283279862412,Isoprenoid phosphates
M219T269,492,0.21915728791937644,1.224306547673715,Tryptamines and derivatives
M193T232,493,0.2208585304489727,1.0791146654900092,Medium-chain keto acids and derivatives
M442T482_a,494,0.22243030399236519,1.1443325657098915,Purine ribonucleotides
M442T482_b,495,0.22243030399236519,1.1443325657098915,Purine ribonucleotides
M442T482_e,496,0.22243030399236519,1.1443325657098915,Purine ribonucleotides
M188T383_a,497,0.22443418729730824,1.0956155524544813,"Amino acids, peptides, and analogues"
M188T383_b,498,0.22443418729730824,1.0956155524544813,"Amino acids, peptides, and analogues"
M401T392_a,499,0.22502256270535553,0.8971672529205447,Carbohydrates and carbohydrate conjugates
M401T392_b,500,0.22502256270535553,0.8971672529205447,Carbohydrates and carbohydrate conjugates
M182T42,501,0.22822188346689282,1.1673807652908967,Pyridinecarboxylic acids and derivatives
M601T296_1,502,0.2304376263878598,0.9073222313021592,"Amino acids, peptides, and analogues"
M199T445,503,0.2322295924337048,0.8526593873238926,Carbohydrates and carbohydrate conjugates
M299T271_a,504,0.23436476824397806,1.1328092433196104,Hybrid peptides
M299T271_b,505,0.23436476824397806,1.1328092433196104,Hybrid peptides
M299T271_c,506,0.23436476824397806,1.1328092433196104,"Amino acids, peptides, and analogues"
M820T343_a,507,0.23529564397964642,1.1586009983874883,Pyrimidines and pyrimidine derivatives
M820T343_b,508,0.23529564397964642,1.1586009983874883,Pyrimidines and pyrimidine derivatives
M328T342,509,0.23552864106596083,0.9317039727972521,Pyridoxines
M137T280,510,0.24286072197476852,1.1123213696442902,Imidazoles
M259T302_a,511,0.2450184560828694,1.2536632709630897,Sulfuric acid esters
M259T302_b,512,0.2450184560828694,1.2536632709630897,Sulfuric acid esters
M259T302_c,513,0.2450184560828694,1.2536632709630897,Sulfuric acid esters
M259T302_d,514,0.2450184560828694,1.2536632709630897,Sulfuric acid esters
M259T302_e,515,0.2450184560828694,1.2536632709630897,Sulfuric acid esters
M259T302_f,516,0.2450184560828694,1.2536632709630897,Carbohydrates and carbohydrate conjugates
M259T302_g,517,0.2450184560828694,1.2536632709630897,Carbonyl compounds
M259T302_h,518,0.2450184560828694,1.2536632709630897,Phosphate esters
M259T302_i,519,0.2450184560828694,1.2536632709630897,Phosphate esters
M259T302_j,520,0.2450184560828694,1.2536632709630897,Carbonyl compounds
M281T425_a,521,0.24833342208392414,1.0545291132812427,Carbohydrates and carbohydrate conjugates
M281T425_b,522,0.24833342208392414,1.0545291132812427,Carbohydrates and carbohydrate conjugates
M196T279,523,0.2492091677236534,1.1325936060615966,Carbohydrates and carbohydrate conjugates
M130T260_a,524,0.24938846616967938,1.0951537245011274,"Amino acids, peptides, and analogues"
M130T260_b,525,0.24938846616967938,1.0951537245011274,"Amino acids, peptides, and analogues"
M130T260_c,526,0.24938846616967938,1.0951537245011274,"Amino acids, peptides, and analogues"
M353T414_a,527,0.24964597839415373,1.0812867954843144,Fatty acyl glycosides
M353T414_b,528,0.24964597839415373,1.0812867954843144,Fatty acyl glycosides
M353T414_c,529,0.24964597839415373,1.0812867954843144,Fatty acyl glycosides
M353T414_d,530,0.24964597839415373,1.0812867954843144,Carbohydrates and carbohydrate conjugates
M135T320,531,0.2500101425733666,1.1247723526425997,Carbohydrates and carbohydrate conjugates
M606T427,532,0.25064494942879184,1.0524159206251469,Pyrimidine nucleotide sugars
M151T212,533,0.25072192974355545,0.8101400843762608,Purines and purine derivatives
M204T248_a,534,0.25188909984450103,0.6791030577652031,Methoxyphenols
M204T248_b,535,0.25188909984450103,0.6791030577652031,Methoxyphenols
M204T248_c,536,0.25188909984450103,0.6791030577652031,Benzenediols
M389T254_a,537,0.25191428187325526,0.8368508028956458,"Amino acids, peptides, and analogues"
M389T254_b,538,0.25191428187325526,0.8368508028956458,Fatty acyl glycosides
M389T254_c,539,0.25191428187325526,0.8368508028956458,"Amino acids, peptides, and analogues"
M389T254_d,540,0.25191428187325526,0.8368508028956458,"Amino acids, peptides, and analogues"
M355T270,541,0.2535144479011345,0.708937082202361,Carbohydrates and carbohydrate conjugates
M229T403,542,0.2543927337726845,1.1930243577166046,Alpha hydroxy acids and derivatives
M255T44,543,0.25567435110793546,1.1694567573625374,Fatty acids and conjugates
M444T299_a,544,0.25590826097270275,0.288162502243448,Carbohydrates and carbohydrate conjugates
M444T299_b,545,0.25590826097270275,0.288162502243448,Carbohydrates and carbohydrate conjugates
M352T427_a,546,0.25722609360074994,1.1619567904549426,"Amino acids, peptides, and analogues"
M352T427_b,547,0.25722609360074994,1.1619567904549426,"Amino acids, peptides, and analogues"
M145T502,548,0.26606263939654695,1.0740721395498518,"Amino acids, peptides, and analogues"
M329T478,549,0.26652573142146496,0.661513838514841,Purine ribonucleotides
M274T313_a,550,0.2674366180744523,0.48223726986291127,"Amino acids, peptides, and analogues"
M225T376_a,551,0.2733596549706553,0.7286535891463618,Carbohydrates and carbohydrate conjugates
M225T376_b,552,0.2733596549706553,0.7286535891463618,Carbohydrates and carbohydrate conjugates
M225T376_c,553,0.2733596549706553,0.7286535891463618,Isoprenoid phosphates
M402T377_1_a,554,0.2739098166232061,0.9448639712426672,Carbohydrates and carbohydrate conjugates
M402T377_1_b,555,0.2739098166232061,0.9448639712426672,Carbohydrates and carbohydrate conjugates
M312T364_a,556,0.2750868565370407,1.1026119365044549,"Amino acids, peptides, and analogues"
M312T364_b,557,0.2750868565370407,1.1026119365044549,"Amino acids, peptides, and analogues"
M356T447,558,0.27509275002999667,1.1342328364884544,"Amino acids, peptides, and analogues"
M378T132,559,0.2784069210982046,1.2521332142652004,Carbohydrates and carbohydrate conjugates
M274T327_2,560,0.2790051934038485,1.0796563382795967,"Amino acids, peptides, and analogues"
M252T292,561,0.2844950696699101,0.6853438472949948,Alcohols and polyols
M383T449,562,0.2897050224183905,0.779331748846301,Hybrid peptides
M137T40,563,0.2912741467568571,1.2425563288057195,Benzoic acids and derivatives
M465T337,564,0.2914522298754763,1.1553791332669339,Purine ribonucleotides
M242T355_a,565,0.292018759507322,0.9251405056834626,"Amino acids, peptides, and analogues"
M242T355_b,566,0.292018759507322,0.9251405056834626,Sulfuric acid esters
M203T281,567,0.29381157358649346,0.8982507327564688,Tricarboxylic acids and derivatives
M334T284,568,0.29832699176989147,1.307496213081824,"Amino acids, peptides, and analogues"
M360T296,569,0.30369859707923097,1.1026921692982334,"Amino acids, peptides, and analogues"
M417T302_1_a,570,0.3044613058729764,1.262447271864252,Carbohydrates and carbohydrate conjugates
M417T302_1_b,571,0.3044613058729764,1.262447271864252,Carbohydrates and carbohydrate conjugates
M417T302_1_c,572,0.3044613058729764,1.262447271864252,Carbohydrates and carbohydrate conjugates
M417T302_1_d,573,0.3044613058729764,1.262447271864252,Carbohydrates and carbohydrate conjugates
M417T302_1_e,574,0.3044613058729764,1.262447271864252,Carbohydrates and carbohydrate conjugates
M417T302_1_f,575,0.3044613058729764,1.262447271864252,Carbohydrates and carbohydrate conjugates
M160T373_a,576,0.3052807102919968,1.2015211773074412,"Amino acids, peptides, and analogues"
M160T373_b,577,0.3052807102919968,1.2015211773074412,"Amino acids, peptides, and analogues"
M160T373_c,578,0.3052807102919968,1.2015211773074412,"Amino acids, peptides, and analogues"
M160T373_d,579,0.3052807102919968,1.2015211773074412,Alcohols and polyols
M160T373_e,580,0.3052807102919968,1.2015211773074412,Carbohydrates and carbohydrate conjugates
M160T373_f,581,0.3052807102919968,1.2015211773074412,Carbohydrates and carbohydrate conjugates
M329T364,582,0.30920928254069946,1.0552142253558359,"Amino acids, peptides, and analogues"
M392T413_a,583,0.3123335704546089,0.9087993937023466,"Amino acids, peptides, and analogues"
M580T337_1,584,0.3129262725330595,1.1000385612263162,Purine nucleotide sugars
M388T386_a,585,0.31353181339965447,0.8937735093123208,Pyridoxines
M388T386_b,586,0.31353181339965447,0.8937735093123208,Pyridoxines
M241T502,587,0.31754402680529986,1.0864218303663673,"Amino acids, peptides, and analogues"
M391T84,588,0.31977700475635534,1.115082642348134,Carbohydrates and carbohydrate conjugates
M126T246,589,0.32320438076284586,0.8876738775094338,Hydropyridines
M422T279_a,590,0.3289977023585321,1.4258847425107877,Pyrimidines and pyrimidine derivatives
M422T279_b,591,0.3289977023585321,1.4258847425107877,Pyrimidines and pyrimidine derivatives
M464T144,592,0.3344217964649211,0.8918441882099039,"Bile acids, alcohols and derivatives"
M511T340,593,0.33499782668940536,1.06454077871802,Pterins and derivatives
M111T84,594,0.34849711580911746,1.2951264171657906,Pyrimidines and pyrimidine derivatives
M365T128,595,0.35198381149701896,0.926825718177233,Carbohydrates and carbohydrate conjugates
M87T109,596,0.35242057242401587,1.5220627871199373,Unsaturated aliphatic hydrocarbons
M522T485_a,597,0.358863814436432,1.0563088022835496,Purine ribonucleotides
M522T485_b,598,0.358863814436432,1.0563088022835496,Purine ribonucleotides
M522T485_c,599,0.358863814436432,1.0563088022835496,Purine ribonucleotides
M522T485_d,600,0.358863814436432,1.0563088022835496,Purine ribonucleotides
M268T304,601,0.3702950492997603,1.2974451675353427,Pyridine carboxaldehydes
M417T254,602,0.3714078846617973,1.118948175945093,Carbohydrates and carbohydrate conjugates
M347T495_a,603,0.3735115819547963,0.9095767769570908,Carbohydrates and carbohydrate conjugates
M347T495_b,604,0.3735115819547963,0.9095767769570908,Carbohydrates and carbohydrate conjugates
M347T495_c,605,0.3735115819547963,0.9095767769570908,Carbohydrates and carbohydrate conjugates
M173T352,606,0.37690922775535773,1.1600742336406684,Fatty acids and conjugates
M321T412_1,607,0.3807115808616456,1.0499853849137655,Carbohydrates and carbohydrate conjugates
M166T368_1_a,608,0.386266668930459,2.011168281432929,Short-chain keto acids and derivatives
M166T368_1_b,609,0.386266668930459,2.011168281432929,Gamma-keto acids and derivatives
M825T414_a,610,0.38791530694095844,0.8651756275037132,Pyrimidine ribonucleotides
M825T414_b,611,0.38791530694095844,0.8651756275037132,Pyrimidine ribonucleotides
M825T414_c,612,0.38791530694095844,0.8651756275037132,Pyrimidine ribonucleotides
M825T414_d,613,0.38791530694095844,0.8651756275037132,Pyrimidine ribonucleotides
M825T414_e,614,0.38791530694095844,0.8651756275037132,Pyrimidine ribonucleotides
M825T414_f,615,0.38791530694095844,0.8651756275037132,Pyrimidine ribonucleotides
M825T414_g,616,0.38791530694095844,0.8651756275037132,Pyrimidine ribonucleotides
M386T381,617,0.39082959321623345,1.086363493433769,Pyrimidine deoxyribonucleotides
M185T502,618,0.39391204084288667,1.1004927700140166,"Amino acids, peptides, and analogues"
M344T257,619,0.3957709243375477,0.8383106815756136,"Amino acids, peptides, and analogues"
M218T264,620,0.3994941204273694,0.9597881766089693,Alcohols and polyols
M454T440,621,0.4050890394541873,0.9127956421640208,Carbohydrates and carbohydrate conjugates
M195T353_a,622,0.40810901501115004,0.9715865921337371,Carbohydrates and carbohydrate conjugates
M195T353_b,623,0.40810901501115004,0.9715865921337371,Medium-chain hydroxy acids and derivatives
M195T353_c,624,0.40810901501115004,0.9715865921337371,Medium-chain hydroxy acids and derivatives
M195T353_d,625,0.40810901501115004,0.9715865921337371,Medium-chain hydroxy acids and derivatives
M195T353_e,626,0.40810901501115004,0.9715865921337371,Medium-chain hydroxy acids and derivatives
M195T353_f,627,0.40810901501115004,0.9715865921337371,Medium-chain hydroxy acids and derivatives
M167T364_2_a,628,0.4113868744145319,0.9642840586309251,"Amino acids, peptides, and analogues"
M167T364_2_b,629,0.4113868744145319,0.9642840586309251,"Amino acids, peptides, and analogues"
M167T364_2_c,630,0.4113868744145319,0.9642840586309251,"Amino acids, peptides, and analogues"
M167T364_2_d,631,0.4113868744145319,0.9642840586309251,Ureas
M604T337,632,0.4128288061233736,1.0565415064437003,Pyrimidines and pyrimidine derivatives
M146T275_a,633,0.41487806665590987,1.314694558085466,Short-chain keto acids and derivatives
M146T275_b,634,0.41487806665590987,1.314694558085466,"Amino acids, peptides, and analogues"
M146T275_c,635,0.41487806665590987,1.314694558085466,"Amino acids, peptides, and analogues"
M146T275_d,636,0.41487806665590987,1.314694558085466,"Amino acids, peptides, and analogues"
M146T275_e,637,0.41487806665590987,1.314694558085466,"Amino acids, peptides, and analogues"
M146T275_f,638,0.41487806665590987,1.314694558085466,Fatty acids and conjugates
M146T275_g,639,0.41487806665590987,1.314694558085466,"Amino acids, peptides, and analogues"
M308T412,640,0.4172506215401719,1.0707274188742177,Pyridoxines
M155T275,641,0.4257117022624992,0.9807076645408488,Short-chain keto acids and derivatives
M306T352,642,0.4260207958043195,2.818880453857214,Pyridine carboxaldehydes
M271T65,643,0.42713031930524237,0.9189943091190595,Fatty acids and conjugates
M146T249_a,644,0.43480809375999974,1.121802687793961,Acrylic acids and derivatives
M146T249_b,645,0.43480809375999974,1.121802687793961,Imines
M146T249_c,646,0.43480809375999974,1.121802687793961,"Amino acids, peptides, and analogues"
M289T299,647,0.4394430369863933,1.4033412796648657,Pyrimidine deoxyribonucleotides
M610T343_a,648,0.4399813535473194,1.0776167658856268,Purine nucleotide sugars
M610T343_b,649,0.4399813535473194,1.0776167658856268,Purine nucleotide sugars
M335T399_a,650,0.44165923874009305,1.0946002239447539,Carbohydrates and carbohydrate conjugates
M335T399_b,651,0.44165923874009305,1.0946002239447539,Carbohydrates and carbohydrate conjugates
M243T444,652,0.4433372945123385,0.9408776393689675,Carbohydrates and carbohydrate conjugates
M395T433_a,653,0.44945068275173605,1.0933474266397558,Carbohydrates and carbohydrate conjugates
M395T433_b,654,0.44945068275173605,1.0933474266397558,Carbohydrates and carbohydrate conjugates
M309T357_a,655,0.4503542600097238,1.0550033300257624,"Amino acids, peptides, and analogues"
M309T357_b,656,0.4503542600097238,1.0550033300257624,"Amino acids, peptides, and analogues"
M128T292_2,657,0.4515159735869406,1.0563908982519146,"Amino acids, peptides, and analogues"
M360T377,658,0.45233935332030695,0.9508790429456654,Carbohydrates and carbohydrate conjugates
M179T297_a,659,0.4545259039826247,0.9515079535856847,Carbohydrates and carbohydrate conjugates
M179T297_b,660,0.4545259039826247,0.9515079535856847,Carbohydrates and carbohydrate conjugates
M179T297_c,661,0.4545259039826247,0.9515079535856847,Carbohydrates and carbohydrate conjugates
M179T297_d,662,0.4545259039826247,0.9515079535856847,Carbohydrates and carbohydrate conjugates
M179T297_e,663,0.4545259039826247,0.9515079535856847,Carbohydrates and carbohydrate conjugates
M179T297_f,664,0.4545259039826247,0.9515079535856847,Carbohydrates and carbohydrate conjugates
M582T164_a,665,0.4560948464812853,0.9455438802767984,Terpene glycosides
M582T164_b,666,0.4560948464812853,0.9455438802767984,Terpene glycosides
M173T275,667,0.4614913985665434,0.8301367535106104,Dicarboxylic acids and derivatives
M295T292,668,0.4624830815915345,1.07442182320254,Imidazoles
M311T348,669,0.4630556377586532,1.089904533867057,Carbonyl compounds
M156T352,670,0.46548617913945467,0.935552411557793,"Amino acids, peptides, and analogues"
M883T291,671,0.4688793164539319,0.7588847706610224,Fatty acyl thioesters
M145T330_a,672,0.47482998150201006,0.4897421163522665,Short-chain keto acids and derivatives
M145T330_b,673,0.47482998150201006,0.4897421163522665,Gamma-keto acids and derivatives
M145T330_c,674,0.47482998150201006,0.4897421163522665,Gamma-keto acids and derivatives
M182T478,675,0.47515006630837997,0.9772533844301587,Quaternary ammonium salts
M297T40,676,0.4771349444761964,1.0361832433794667,Diterpenoids
M156T388_a,677,0.48248612741585784,1.1621891252177923,"Amino acids, peptides, and analogues"
M156T388_b,678,0.48248612741585784,1.1621891252177923,"Amino acids, peptides, and analogues"
M185T93,679,0.48802741940819816,0.8520108319931274,Phenoxyacetic acid derivatives
M257T304_a,680,0.4901603601139345,1.21242320802168,Benzoic acids and derivatives
M257T304_b,681,0.4901603601139345,1.21242320802168,Benzoic acids and derivatives
M559T301_a,682,0.49190474680735274,1.1408550208492305,Carbohydrates and carbohydrate conjugates
M559T301_b,683,0.49190474680735274,1.1408550208492305,Carbohydrates and carbohydrate conjugates
M559T301_c,684,0.49190474680735274,1.1408550208492305,Carbohydrates and carbohydrate conjugates
M559T301_d,685,0.49190474680735274,1.1408550208492305,Carbohydrates and carbohydrate conjugates
M400T369_a,686,0.49338808353662134,0.9665811889492942,"Amino acids, peptides, and analogues"
M400T369_b,687,0.49338808353662134,0.9665811889492942,Carbohydrates and carbohydrate conjugates
M400T369_c,688,0.49338808353662134,0.9665811889492942,Carbohydrates and carbohydrate conjugates
M129T46,689,0.49742823147158277,0.9438912214114742,Short-chain keto acids and derivatives
M191T109,690,0.5026990953029971,1.0503198532984375,Styrenes
M134T306,691,0.5035005229601928,0.9538617836657729,"Amino acids, peptides, and analogues"
M481T432_a,692,0.5069773471413619,0.814085254163619,Carbohydrates and carbohydrate conjugates
M481T432_b,693,0.5069773471413619,0.814085254163619,Carbohydrates and carbohydrate conjugates
M260T288_a,694,0.5101975166877002,1.0852494543487103,"Amino acids, peptides, and analogues"
M260T288_b,695,0.5101975166877002,1.0852494543487103,"Amino acids, peptides, and analogues"
M260T288_c,696,0.5101975166877002,1.0852494543487103,"Amino acids, peptides, and analogues"
M300T442,697,0.5171635614487381,1.1302217497455802,Carbohydrates and carbohydrate conjugates
M160T119,698,0.5176443142725231,1.222801661908831,Benzoic acids and derivatives
M339T189,699,0.5181542985637239,0.8418668610919109,Hydroxycinnamic acids and derivatives
M212T304,700,0.519292902350205,1.151429831183522,"Amino acids, peptides, and analogues"
M201T215_a,701,0.5233008043083798,0.905519825207172,Carbohydrates and carbohydrate conjugates
M201T215_b,702,0.5233008043083798,0.905519825207172,"Amino acids, peptides, and analogues"
M201T215_c,703,0.5233008043083798,0.905519825207172,"Amino acids, peptides, and analogues"
M288T264_a,704,0.5244120407705022,1.093902620459929,"Amino acids, peptides, and analogues"
M288T264_b,705,0.5244120407705022,1.093902620459929,"Amino acids, peptides, and analogues"
M288T264_c,706,0.5244120407705022,1.093902620459929,"Amino acids, peptides, and analogues"
M288T264_d,707,0.5244120407705022,1.093902620459929,"Amino acids, peptides, and analogues"
M288T264_e,708,0.5244120407705022,1.093902620459929,"Amino acids, peptides, and analogues"
M288T264_f,709,0.5244120407705022,1.093902620459929,Sulfuric acid esters
M288T264_g,710,0.5244120407705022,1.093902620459929,"Amino acids, peptides, and analogues"
M288T264_h,711,0.5244120407705022,1.093902620459929,"Amino acids, peptides, and analogues"
M383T252,712,0.5253840206786755,1.069821743062341,"Amino acids, peptides, and analogues"
M201T237_a,713,0.5275451408112256,0.852422250804133,Pyrimidines and pyrimidine derivatives
M201T237_b,714,0.5275451408112256,0.852422250804133,Pyrimidines and pyrimidine derivatives
M121T104_a,715,0.5292971874559882,0.9331151718678266,Benzoic acids and derivatives
M121T104_b,716,0.5292971874559882,0.9331151718678266,Carbonyl compounds
M121T104_c,717,0.5292971874559882,0.9331151718678266,Carbonyl compounds
M121T104_d,718,0.5292971874559882,0.9331151718678266,Carbonyl compounds
M121T104_e,719,0.5292971874559882,0.9331151718678266,Dialkylthioethers
M173T493,720,0.5299708802425948,1.0345110732491491,"Amino acids, peptides, and analogues"
M258T386_2,721,0.536617943587576,0.9113365698913594,"Amino acids, peptides, and analogues"
M390T249,722,0.5369651718774454,1.0560268025250223,"Amino acids, peptides, and analogues"
M204T272,723,0.5369979772797011,1.0464506038810564,Fatty acids and conjugates
M214T304_a,724,0.5389050154045769,1.124687988852608,Fatty acids and conjugates
M214T304_b,725,0.5389050154045769,1.124687988852608,Fatty acids and conjugates
M214T304_c,726,0.5389050154045769,1.124687988852608,"Amino acids, peptides, and analogues"
M141T218_2_a,727,0.5419501380486037,1.2555571574307232,Medium-chain keto acids and derivatives
M141T218_2_b,728,0.5419501380486037,1.2555571574307232,Medium-chain keto acids and derivatives
M281T265,729,0.5433012925916068,0.9682645464542243,Carbohydrates and carbohydrate conjugates
M308T353,730,0.5509799411759462,1.1162168280170242,Indoles
M359T350_a,731,0.5511203183640633,1.21406121979228,Carbohydrates and carbohydrate conjugates
M359T350_b,732,0.5511203183640633,1.21406121979228,Carbohydrates and carbohydrate conjugates
M359T350_c,733,0.5511203183640633,1.21406121979228,Carbohydrates and carbohydrate conjugates
M359T350_d,734,0.5511203183640633,1.21406121979228,Fatty acids and conjugates
M166T110,735,0.5528196558483185,1.0713040793283362,Pyridine carboxaldehydes
M102T277_a,736,0.5550257786718027,1.1907531050339255,Peroxycarboxylic acids and derivatives
M102T277_b,737,0.5550257786718027,1.1907531050339255,Oximes
M355T149,738,0.5588299557142424,1.0364835903263039,Carbohydrates and carbohydrate conjugates
M178T264_a,739,0.5638678305333109,0.9478898561634627,Carbohydrates and carbohydrate conjugates
M178T264_b,740,0.5638678305333109,0.9478898561634627,Carbohydrates and carbohydrate conjugates
M178T264_c,741,0.5638678305333109,0.9478898561634627,Alcohols and polyols
M179T385,742,0.5649482706692113,0.9768392737811036,Alcohols and polyols
M325T59,743,0.5656302302187517,0.9657714733211795,Fatty acids and conjugates
M186T223,744,0.5666212695955997,0.6693551430958722,Alcohols and polyols
M171T296,745,0.5684895634232148,0.8463737287853632,Carbohydrates and carbohydrate conjugates
M250T385,746,0.5713281967347514,1.4811464463843353,"Amino acids, peptides, and analogues"
M168T111_2,747,0.5714507017848652,1.0417331791461775,Pyridoxines
M337T423,748,0.5752102596587225,1.112472605655416,Carbohydrates and carbohydrate conjugates
M261T249_1,749,0.5758424500816351,1.2699129605318749,Methoxyphenols
M221T276,750,0.585253118299041,0.871323281695781,Pyrimidines and pyrimidine derivatives
M132T297,751,0.5853104534212947,1.1762033491858177,"Amino acids, peptides, and analogues"
M256T425,752,0.5860435147622626,1.031487736710652,"Amino acids, peptides, and analogues"
M123T479,753,0.5862068501842126,1.027220745631026,Organic phosphonic acids
M219T244,754,0.5914733201544103,0.8082824613948894,"Amino acids, peptides, and analogues"
M328T272,755,0.5916977796493506,1.096816228089852,Carbohydrates and carbohydrate conjugates
M151T243_a,756,0.59804187730502,1.063919997340817,Carbohydrates and carbohydrate conjugates
M151T243_b,757,0.59804187730502,1.063919997340817,Carbohydrates and carbohydrate conjugates
M385T398,758,0.5991787618271802,0.9633820166034578,Purine ribonucleotides
M283T43,759,0.6045842061577675,1.0530629138819838,Fatty acids and conjugates
M186T270_a,760,0.6053946148022652,1.0705213122127037,Amines
M186T270_b,761,0.6053946148022652,1.0705213122127037,Imidazoles
M558T417,762,0.6072081437265826,0.9152444299957683,Pyrimidine ribonucleotides
M196T224,763,0.6089858942941924,0.8084266628439952,Pyridinecarboxylic acids and derivatives
M273T245,764,0.6108103821312187,1.1277580177939897,Medium-chain keto acids and derivatives
M205T347,765,0.613407009228604,0.9692814784014759,Tricarboxylic acids and derivatives
M133T403,766,0.6144062127849761,0.9585090859610031,Beta hydroxy acids and derivatives
M394T386_a,767,0.6147421584034846,0.9779881434309148,Carbohydrates and carbohydrate conjugates
M394T386_b,768,0.6147421584034846,0.9779881434309148,Carbohydrates and carbohydrate conjugates
M394T386_c,769,0.6147421584034846,0.9779881434309148,Carbohydrates and carbohydrate conjugates
M394T386_d,770,0.6147421584034846,0.9779881434309148,Carbohydrates and carbohydrate conjugates
M394T386_e,771,0.6147421584034846,0.9779881434309148,Carbohydrates and carbohydrate conjugates
M394T386_f,772,0.6147421584034846,0.9779881434309148,Carbohydrates and carbohydrate conjugates
M394T386_g,773,0.6147421584034846,0.9779881434309148,Carbohydrates and carbohydrate conjugates
M394T386_h,774,0.6147421584034846,0.9779881434309148,Carbohydrates and carbohydrate conjugates
M394T386_i,775,0.6147421584034846,0.9779881434309148,Carbohydrates and carbohydrate conjugates
M394T386_j,776,0.6147421584034846,0.9779881434309148,Carbohydrates and carbohydrate conjugates
M892T390,777,0.6164903756036881,1.0604914721197316,Pyrimidine nucleotide sugars
M366T370,778,0.6172809909353618,0.9684789084678427,Pyrimidine deoxyribonucleotides
M115T215,779,0.6188588308812744,0.9578337382626805,Short-chain keto acids and derivatives
M163T307,780,0.6223046888287561,1.0228942257928173,Organosulfonic acids and derivatives
M331T357,781,0.6234746505242718,1.0388849053419658,Hydroxycinnamic acids and derivatives
M317T273,782,0.6278771953125704,0.7667170545912952,Carbohydrates and carbohydrate conjugates
M125T364_a,783,0.6357359265525022,1.02455777753317,"Amino acids, peptides, and analogues"
M125T364_b,784,0.6357359265525022,1.02455777753317,"Amino acids, peptides, and analogues"
M356T367,785,0.637203884772527,1.0315214914909203,Fatty acids and conjugates
M271T46_2,786,0.6383317472489185,0.9519158644872386,Fatty acids and conjugates
M178T305_a,787,0.6416120060433081,1.0819318702293166,Fatty alcohols
M178T305_b,788,0.6416120060433081,1.0819318702293166,Gamma butyrolactones
M133T222_a,789,0.6416417381731692,0.928929761580931,Carboxylic acid derivatives
M133T222_b,790,0.6416417381731692,0.928929761580931,Carboxylic acids
M125T298_a,791,0.6434990098570281,1.0727623470676415,Alpha hydroxy acids and derivatives
M125T298_b,792,0.6434990098570281,1.0727623470676415,Beta hydroxy acids and derivatives
M125T298_c,793,0.6434990098570281,1.0727623470676415,Beta hydroxy acids and derivatives
M125T298_d,794,0.6434990098570281,1.0727623470676415,Fatty acids and conjugates
M125T298_e,795,0.6434990098570281,1.0727623470676415,Beta hydroxy acids and derivatives
M125T298_f,796,0.6434990098570281,1.0727623470676415,Beta hydroxy acids and derivatives
M125T298_g,797,0.6434990098570281,1.0727623470676415,Carbohydrates and carbohydrate conjugates
M177T215_a,798,0.6481761644073407,0.9719606852942723,Gamma butyrolactones
M177T215_b,799,0.6481761644073407,0.9719606852942723,Gamma butyrolactones
M263T263,800,0.6485848163033042,1.349979287303445,Beta lactams
M373T284_a,801,0.6489804838074509,1.073025343272258,Isoprenoid phosphates
M373T284_b,802,0.6489804838074509,1.073025343272258,Isoprenoid phosphates
M373T284_c,803,0.6489804838074509,1.073025343272258,Monoterpenoids
M373T284_d,804,0.6489804838074509,1.073025343272258,Isoprenoid phosphates
M386T408,805,0.64922761956484,0.9615435246298242,Carbohydrates and carbohydrate conjugates
M372T399,806,0.6496657977465852,1.0374547352318912,Pterins and derivatives
M285T303,807,0.6499770497312303,1.1260203724294897,Arylsulfates
M415T132,808,0.6512929246207653,1.0367853249955403,Carbohydrates and carbohydrate conjugates
M242T478,809,0.6515038425052879,0.9831105442145559,"Amino acids, peptides, and analogues"
M179T260_a,810,0.6534646251205884,0.9552285808273075,Carbohydrates and carbohydrate conjugates
M179T260_b,811,0.6534646251205884,0.9552285808273075,Carbohydrates and carbohydrate conjugates
M179T260_c,812,0.6534646251205884,0.9552285808273075,Carbohydrates and carbohydrate conjugates
M179T260_d,813,0.6534646251205884,0.9552285808273075,Carbohydrates and carbohydrate conjugates
M179T260_e,814,0.6534646251205884,0.9552285808273075,Carbohydrates and carbohydrate conjugates
M179T260_f,815,0.6534646251205884,0.9552285808273075,Carbohydrates and carbohydrate conjugates
M179T260_g,816,0.6534646251205884,0.9552285808273075,Carbohydrates and carbohydrate conjugates
M243T413_1_a,817,0.6562499918885523,1.1261996437691628,"Amino acids, peptides, and analogues"
M243T413_1_b,818,0.6562499918885523,1.1261996437691628,"Amino acids, peptides, and analogues"
M244T230_2,819,0.6567453516697452,0.9409398818596664,"Amino acids, peptides, and analogues"
M218T295_a,820,0.6596428723820297,1.2346355930100819,Sulfuric acid esters
M218T295_b,821,0.6596428723820297,1.2346355930100819,Sulfuric acid esters
M226T292,822,0.6607130177341356,0.9781194422135335,Fatty acids and conjugates
M164T249,823,0.6669273451496374,1.0338608180850057,"Amino acids, peptides, and analogues"
M61T325,824,0.6679343858014222,1.082769709581261,Organic carbonic acids
M151T36,825,0.6701348661794838,1.0403359209960152,Methoxyphenols
M369T290_a,826,0.6711714740632442,1.0325760819077567,"Amino acids, peptides, and analogues"
M619T489,827,0.6747056403619474,1.0375831736901542,Purine ribonucleotides
M173T381,828,0.6749796112812094,1.120568341113282,"Amino acids, peptides, and analogues"
M237T303_a,829,0.6772324777557949,1.1219264245486829,Sulfuric acid esters
M237T303_b,830,0.6772324777557949,1.1219264245486829,Sulfuric acid esters
M237T303_c,831,0.6772324777557949,1.1219264245486829,Sulfuric acid esters
M237T303_d,832,0.6772324777557949,1.1219264245486829,Sulfuric acid esters
M237T303_e,833,0.6772324777557949,1.1219264245486829,Sulfuric acid esters
M237T303_f,834,0.6772324777557949,1.1219264245486829,Carbohydrates and carbohydrate conjugates
M237T303_g,835,0.6772324777557949,1.1219264245486829,Carbonyl compounds
M237T303_h,836,0.6772324777557949,1.1219264245486829,Phosphate esters
M237T303_i,837,0.6772324777557949,1.1219264245486829,Phosphate esters
M237T303_j,838,0.6772324777557949,1.1219264245486829,Carbonyl compounds
M124T287_2,839,0.6829427225448419,0.9863578925960095,Organosulfonic acids and derivatives
M160T266_a,840,0.6846584283274474,0.9752077557415085,Carbohydrates and carbohydrate conjugates
M160T266_b,841,0.6846584283274474,0.9752077557415085,Alcohols and polyols
M160T266_c,842,0.6846584283274474,0.9752077557415085,Carbohydrates and carbohydrate conjugates
M213T81,843,0.6874153069835778,1.0232871406017536,Styrenes
M190T238_a,844,0.6968705563734099,1.1038618260513666,Benzenediols
M190T238_b,845,0.6968705563734099,1.1038618260513666,Methoxyphenols
M427T340,846,0.6988986055218109,1.0210333746174003,Purine ribonucleotides
M346T297_d,847,0.7024516725459851,0.9136756732822869,Purine 2'-deoxyribonucleosides
M346T297_e,848,0.7024516725459851,0.9136756732822869,Purine 2'-deoxyribonucleosides
M173T311_a,849,0.7072080633165745,1.1339731537449977,"Amino acids, peptides, and analogues"
M173T311_b,850,0.7072080633165745,1.1339731537449977,"Amino acids, peptides, and analogues"
M179T86_a,851,0.7150587450853366,0.9361998788176801,Benzoic acids and derivatives
M179T86_b,852,0.7150587450853366,0.9361998788176801,Phenylpyruvic acid derivatives
M395T259,853,0.7188239386305327,1.0419064887700038,"Amino acids, peptides, and analogues"
M236T408_a,854,0.7196814230608953,0.9502064796435207,"Amino acids, peptides, and analogues"
M236T408_b,855,0.7196814230608953,0.9502064796435207,Medium-chain hydroxy acids and derivatives
M192T196,856,0.7205628417622694,1.0963487419459383,"Amino acids, peptides, and analogues"
M224T296_b,857,0.7243169476777731,1.0382557250923965,"Amino acids, peptides, and analogues"
M166T264,858,0.7247890806389297,0.9576678979556033,Carbonyl compounds
M397T260,859,0.727282645615037,0.9538979468816303,"Amino acids, peptides, and analogues"
M368T352_2,860,0.7275477195255746,1.0647355392117894,"Amino acids, peptides, and analogues"
M219T168,861,0.7345210222276484,1.1110856703422745,Indolyl carboxylic acids and derivatives
M345T340_a,862,0.7354785009984028,1.0170920120306346,Carbohydrates and carbohydrate conjugates
M345T340_b,863,0.7354785009984028,1.0170920120306346,Pyrimidine ribonucleotides
M345T340_d,864,0.7354785009984028,1.0170920120306346,Carbohydrates and carbohydrate conjugates
M286T240,865,0.7361785101541396,1.0278907771728658,"Amino acids, peptides, and analogues"
M344T275,866,0.740238983239347,1.0328182673654902,"Amino acids, peptides, and analogues"
M381T360,867,0.7430368535908161,1.0636168589809762,Pyrimidine deoxyribonucleotides
M183T295_a,868,0.7445690265092778,1.0786630960458419,Medium-chain keto acids and derivatives
M183T295_b,869,0.7445690265092778,1.0786630960458419,Medium-chain keto acids and derivatives
M183T295_c,870,0.7445690265092778,1.0786630960458419,Medium-chain keto acids and derivatives
M183T295_d,871,0.7445690265092778,1.0786630960458419,Fatty acids and conjugates
M183T295_e,872,0.7445690265092778,1.0786630960458419,Fatty acids and conjugates
M183T295_f,873,0.7445690265092778,1.0786630960458419,Fatty acids and conjugates
M183T295_g,874,0.7445690265092778,1.0786630960458419,Fatty acids and conjugates
M183T295_h,875,0.7445690265092778,1.0786630960458419,Fatty acids and conjugates
M183T295_i,876,0.7445690265092778,1.0786630960458419,Fatty acids and conjugates
M183T295_j,877,0.7445690265092778,1.0786630960458419,Alcohols and polyols
M150T382,878,0.7450341496204743,1.0664312952548456,"Amino acids, peptides, and analogues"
M265T355_a,879,0.7523506547587117,0.9771788396345595,Carbonyl compounds
M265T355_b,880,0.7523506547587117,0.9771788396345595,Carbonyl compounds
M144T216,881,0.7649281286668941,1.098070231890553,"Amino acids, peptides, and analogues"
M199T293_a,882,0.7692300900751582,0.9730193596221688,"Amino acids, peptides, and analogues"
M199T293_b,883,0.7692300900751582,0.9730193596221688,"Amino acids, peptides, and analogues"
M199T293_c,884,0.7692300900751582,0.9730193596221688,"Amino acids, peptides, and analogues"
M199T293_d,885,0.7692300900751582,0.9730193596221688,"Amino acids, peptides, and analogues"
M290T356_a,886,0.7694039943959139,0.9633969775266135,"Amino acids, peptides, and analogues"
M290T356_b,887,0.7694039943959139,0.9633969775266135,"Amino acids, peptides, and analogues"
M158T360_a,888,0.7734194327719051,1.0616910711086733,Fatty acids and conjugates
M158T360_b,889,0.7734194327719051,1.0616910711086733,"Amino acids, peptides, and analogues"
M158T360_c,890,0.7734194327719051,1.0616910711086733,"Amino acids, peptides, and analogues"
M204T266_a,891,0.779561995497568,1.02716493802362,Short-chain keto acids and derivatives
M204T266_b,892,0.779561995497568,1.02716493802362,Gamma-keto acids and derivatives
M261T352_a,893,0.7799544599803717,1.0367035045445527,"Amino acids, peptides, and analogues"
M261T352_b,894,0.7799544599803717,1.0367035045445527,Benzoic acids and derivatives
M201T277_a,895,0.7817842349149471,1.0522053610072377,Carbohydrates and carbohydrate conjugates
M201T277_b,896,0.7817842349149471,1.0522053610072377,"Amino acids, peptides, and analogues"
M201T277_c,897,0.7817842349149471,1.0522053610072377,"Amino acids, peptides, and analogues"
M169T249,898,0.7833269339011737,1.088122514212907,Benzoic acids and derivatives
M259T249_a,899,0.7863131350705693,0.9836561755745638,Organosulfonic acids and derivatives
M259T249_b,900,0.7863131350705693,0.9836561755745638,Organosulfonic acids and derivatives
M149T364,901,0.7865576106529034,1.034602802367806,"Amino acids, peptides, and analogues"
M250T370,902,0.7895111865436506,0.9511939402507957,"Amino acids, peptides, and analogues"
M242T315,903,0.7899002852088958,0.9381117549024616,Sulfuric acid esters
M408T407_a,904,0.7986891699189769,0.9768991220237155,Purine ribonucleotides
M408T407_b,905,0.7986891699189769,0.9768991220237155,Purine ribonucleotides
M307T459,906,0.7989319689850647,1.0390703300874786,"Amino acids, peptides, and analogues"
M357T272_a,907,0.8073464283651121,1.0195539709530508,Fatty acyl glycosides
M357T272_b,908,0.8073464283651121,1.0195539709530508,Carbohydrates and carbohydrate conjugates
M134T272,909,0.8089099015341332,0.9741117810387417,"Amino acids, peptides, and analogues"
M227T439,910,0.8101021019610247,1.0121123162440888,"Amino acids, peptides, and analogues"
M871T377_2_a,911,0.810595365364039,1.0213618695157143,Carbohydrates and carbohydrate conjugates
M871T377_2_b,912,0.810595365364039,1.0213618695157143,Carbohydrates and carbohydrate conjugates
M275T44,913,0.8111693465739035,0.9427096861639249,Fatty acids and conjugates
M103T243_a,914,0.817403562188206,1.044631572887608,Carbonyl compounds
M103T243_c,915,0.817403562188206,1.044631572887608,Beta hydroxy acids and derivatives
M103T243_d,916,0.817403562188206,1.044631572887608,Beta hydroxy acids and derivatives
M103T243_e,917,0.817403562188206,1.044631572887608,Fatty acids and conjugates
M103T243_f,918,0.817403562188206,1.044631572887608,Beta hydroxy acids and derivatives
M103T243_g,919,0.817403562188206,1.044631572887608,Beta hydroxy acids and derivatives
M103T243_h,920,0.817403562188206,1.044631572887608,Alpha hydroxy acids and derivatives
M237T440,921,0.8198580896284593,1.0104530175265136,Carbohydrates and carbohydrate conjugates
M378T427,922,0.8238636135312644,1.0314222475893549,"Amino acids, peptides, and analogues"
M217T248_a,923,0.8242142559456851,0.9605917267356117,"Amino acids, peptides, and analogues"
M217T248_b,924,0.8242142559456851,0.9605917267356117,"Amino acids, peptides, and analogues"
M217T248_c,925,0.8242142559456851,0.9605917267356117,Carbohydrates and carbohydrate conjugates
M353T390,926,0.8276914136591632,0.9729864748632568,Purine ribonucleotides
M130T213,927,0.8302131526391519,1.0762864967142578,Carboxylic acids
M417T302_2_a,928,0.8322040884512834,0.9697133909242336,Benzoic acids and derivatives
M417T302_2_b,929,0.8322040884512834,0.9697133909242336,Benzoic acids and derivatives
M361T361,930,0.8324328720199129,0.9592346024588835,Pyrimidines and pyrimidine derivatives
M117T382,931,0.8336868429950258,1.0062058416281505,Dicarboxylic acids and derivatives
M208T212_a,932,0.8356315118167624,1.0521391462599925,"Amino acids, peptides, and analogues"
M208T212_b,933,0.8356315118167624,1.0521391462599925,Benzyloxycarbonyls
M208T212_c,934,0.8356315118167624,1.0521391462599925,"Amino acids, peptides, and analogues"
M343T250,935,0.8401206953086419,1.0204316632984558,Medium-chain keto acids and derivatives
M386T364,936,0.8437965632179489,1.0635540990809456,"Amino acids, peptides, and analogues"
M161T368,937,0.8444489395695559,0.9809509268445769,Fatty acids and conjugates
M157T276_a,938,0.8470251604449371,1.0680272645591482,Carbohydrates and carbohydrate conjugates
M157T276_b,939,0.8470251604449371,1.0680272645591482,Carbohydrates and carbohydrate conjugates
M157T276_c,940,0.8470251604449371,1.0680272645591482,Carbohydrates and carbohydrate conjugates
M383T254,941,0.8479434412534262,1.0173807792753706,Carbohydrates and carbohydrate conjugates
M287T93_a,942,0.8544156239926367,0.9577062853941676,Biphenyls and derivatives
M287T93_b,943,0.8544156239926367,0.9577062853941676,Biphenyls and derivatives
M246T169,944,0.8620867706210924,0.968830827541956,Pyrimidines and pyrimidine derivatives
M386T348,945,0.8652694544432877,1.0587734531842679,"Amino acids, peptides, and analogues"
M143T339_a,946,0.8657728300681101,0.9926782537929417,Gamma-keto acids and derivatives
M143T339_b,947,0.8657728300681101,0.9926782537929417,Gamma-keto acids and derivatives
M143T339_c,948,0.8657728300681101,0.9926782537929417,Gamma-keto acids and derivatives
M238T249,949,0.8693060820800598,1.0049586388045142,"Amino acids, peptides, and analogues"
M494T340,950,0.873330402631824,0.9928099149997198,Pterins and derivatives
M221T222,951,0.8750385383331496,0.987994842008967,Pyrimidines and pyrimidine derivatives
M357T361_a,952,0.8781663779942428,0.942308121806115,Fatty acyl glycosides
M357T361_b,953,0.8781663779942428,0.942308121806115,Carbohydrates and carbohydrate conjugates
M187T307,954,0.8791565597972747,1.0387663591001706,"Amino acids, peptides, and analogues"
M217T411,955,0.8894634029738471,1.0150465173535772,"Amino acids, peptides, and analogues"
M113T297_a,956,0.8918006106154139,0.9892102654437288,Short-chain keto acids and derivatives
M113T297_b,957,0.8918006106154139,0.9892102654437288,Fatty acids and conjugates
M113T297_c,958,0.8918006106154139,0.9892102654437288,Gamma-keto acids and derivatives
M113T297_d,959,0.8918006106154139,0.9892102654437288,Short-chain keto acids and derivatives
M113T297_e,960,0.8918006106154139,0.9892102654437288,Short-chain keto acids and derivatives
M113T297_f,961,0.8918006106154139,0.9892102654437288,Short-chain keto acids and derivatives
M113T297_g,962,0.8918006106154139,0.9892102654437288,Short-chain keto acids and derivatives
M611T487,963,0.8947463499547961,1.0078846460646695,"Amino acids, peptides, and analogues"
M382T323_a,964,0.9014518415200918,0.9588516297868903,Carbohydrates and carbohydrate conjugates
M382T323_b,965,0.9014518415200918,0.9588516297868903,Carbohydrates and carbohydrate conjugates
M258T258,966,0.9025918247532259,0.9673330720391413,"Amino acids, peptides, and analogues"
M395T294_a,967,0.9065513259146321,0.9928768860682176,Fatty acyl glycosides
M395T294_b,968,0.9065513259146321,0.9928768860682176,Fatty acyl glycosides
M395T294_c,969,0.9065513259146321,0.9928768860682176,Fatty acyl glycosides
M395T294_d,970,0.9065513259146321,0.9928768860682176,Fatty acyl glycosides
M395T294_e,971,0.9065513259146321,0.9928768860682176,Carbohydrates and carbohydrate conjugates
M395T294_f,972,0.9065513259146321,0.9928768860682176,Fatty acyl glycosides
M395T294_g,973,0.9065513259146321,0.9928768860682176,Carbohydrates and carbohydrate conjugates
M395T294_h,974,0.9065513259146321,0.9928768860682176,Carbohydrates and carbohydrate conjugates
M337T276,975,0.9068227029369976,1.0065588358426172,Tricarboxylic acids and derivatives
M263T43,976,0.9112006534453969,0.9758585710977842,Methoxyphenols
M206T132,977,0.9140259462802398,1.0246323402995958,Beta hydroxy acids and derivatives
M244T169,978,0.9144066003675957,0.9807031632525733,Pyrimidine 2'-deoxyribonucleosides
M289T460_a,979,0.915982700098321,0.9951229416695491,Carbohydrates and carbohydrate conjugates
M289T460_b,980,0.915982700098321,0.9951229416695491,"Amino acids, peptides, and analogues"
M289T460_c,981,0.915982700098321,0.9951229416695491,Carbohydrates and carbohydrate conjugates
M289T460_d,982,0.915982700098321,0.9951229416695491,Carbohydrates and carbohydrate conjugates
M289T460_e,983,0.915982700098321,0.9951229416695491,Carbohydrates and carbohydrate conjugates
M224T424,984,0.9162661333738269,1.0069689779109163,"Amino acids, peptides, and analogues"
M478T390_a,985,0.9163897921973558,1.016327411069807,Pyrimidine deoxyribonucleotides
M478T390_b,986,0.9163897921973558,1.016327411069807,Pyrimidine deoxyribonucleotides
M141T304_a,987,0.921396202535398,1.0242952373474012,Carbohydrates and carbohydrate conjugates
M141T304_b,988,0.921396202535398,1.0242952373474012,Carbohydrates and carbohydrate conjugates
M141T304_c,989,0.921396202535398,1.0242952373474012,Carbohydrates and carbohydrate conjugates
M253T276,990,0.9246876577017511,1.0315208929214528,Carbohydrates and carbohydrate conjugates
M207T267_a,991,0.9247372315577442,1.029019311904568,Carbonyl compounds
M207T267_b,992,0.9247372315577442,1.029019311904568,Carbonyl compounds
M228T164_a,993,0.9281004096420464,1.011905454687375,Carbonyl compounds
M228T164_b,994,0.9281004096420464,1.011905454687375,Benzoic acids and derivatives
M266T274,995,0.9347345650224188,0.9718214184165942,Carbonyl compounds
M506T452,996,0.9354991274110571,1.0202094940324289,Purine ribonucleotides
M211T285_a,997,0.9374735423041254,0.9958420905202315,Fatty acids and conjugates
M211T285_b,998,0.9374735423041254,0.9958420905202315,Fatty acids and conjugates
M211T285_c,999,0.9374735423041254,0.9958420905202315,Fatty acids and conjugates
M211T285_d,1000,0.9374735423041254,0.9958420905202315,Fatty acids and conjugates
M211T285_e,1001,0.9374735423041254,0.9958420905202315,Alpha-keto acids and derivatives
M145T363_a,1002,0.9392970775707608,1.0191316724472264,Gamma-keto acids and derivatives
M145T363_b,1003,0.9392970775707608,1.0191316724472264,Short-chain keto acids and derivatives
M145T363_c,1004,0.9392970775707608,1.0191316724472264,Gamma-keto acids and derivatives
M180T290_2,1005,0.9395796603075259,1.0040943940284188,"Amino acids, peptides, and analogues"
M603T489,1006,0.9419952440112176,0.9965476754238292,Purine ribonucleotides
M555T288_a,1007,0.9450581554398201,0.9887420559789124,"Amino acids, peptides, and analogues"
M555T288_b,1008,0.9450581554398201,0.9887420559789124,"Amino acids, peptides, and analogues"
M555T288_c,1009,0.9450581554398201,0.9887420559789124,"Amino acids, peptides, and analogues"
M555T288_d,1010,0.9450581554398201,0.9887420559789124,"Amino acids, peptides, and analogues"
M208T125,1011,0.9487789714998295,1.007947185718668,Indoles
M386T343_a,1012,0.9521029924499393,1.004065620626483,Imidazoles
M386T343_b,1013,0.9521029924499393,1.004065620626483,Imidazoles
M335T363,1014,0.9521157516918604,1.002845396817503,Carbohydrates and carbohydrate conjugates
M311T40_2_a,1015,0.9601779922693976,0.9965300728429044,Diterpenoids
M311T40_2_b,1016,0.9601779922693976,0.9965300728429044,Fatty acids and conjugates
M180T348_a,1017,0.9618932713832243,0.9961858942737203,Fatty acids and conjugates
M180T348_b,1018,0.9618932713832243,0.9961858942737203,"Amino acids, peptides, and analogues"
M180T348_c,1019,0.9618932713832243,0.9961858942737203,"Amino acids, peptides, and analogues"
M180T348_d,1020,0.9618932713832243,0.9961858942737203,Short-chain keto acids and derivatives
M137T102_a,1021,0.9629486958266691,0.9891271840687357,Benzoic acids and derivatives
M137T102_b,1022,0.9629486958266691,0.9891271840687357,Benzoic acids and derivatives
M137T102_c,1023,0.9629486958266691,0.9891271840687357,Carbonyl compounds
M137T102_d,1024,0.9629486958266691,0.9891271840687357,Carbonyl compounds
M405T264,1025,0.9702814839819119,1.003564233484074,Carbohydrates and carbohydrate conjugates
M203T249,1026,0.9818450627989322,1.0018105969736286,Indolyl carboxylic acids and derivatives
M165T270_a,1027,0.9830881261082988,0.997322006519077,Benzoic acids and derivatives
M165T270_b,1028,0.9830881261082988,0.997322006519077,Benzoic acids and derivatives
M141T243_a,1029,0.9849172263985049,1.0029849560561857,Medium-chain keto acids and derivatives
M141T243_b,1030,0.9849172263985049,1.0029849560561857,Medium-chain keto acids and derivatives
M335T447,1031,0.9898579251423336,1.0019948994246155,"Amino acids, peptides, and analogues"
M154T370,1032,0.9914279230523919,0.9995066540028307,"Amino acids, peptides, and analogues"
M239T233_a,1033,0.9961281755639937,1.0005862629045499,Carbonyl compounds
M239T233_b,1034,0.9961281755639937,1.0005862629045499,Carbonyl compounds
