compound_name,order,pvalue,foldchange,class
M319T434_a,1,3.2002254442711925e-11,2.1523443135025557,Organic oxygen compounds
M319T434_b,2,3.2002254442711925e-11,2.1523443135025557,Organic oxygen compounds
M319T434_c,3,3.2002254442711925e-11,2.1523443135025557,Organic oxygen compounds
M319T434_d,4,3.2002254442711925e-11,2.1523443135025557,Organic oxygen compounds
M319T434_e,5,3.2002254442711925e-11,2.1523443135025557,Organic oxygen compounds
M319T434_f,6,3.2002254442711925e-11,2.1523443135025557,Organic oxygen compounds
M355T430,7,8.602537488024388e-11,1.8595532886285797,"Nucleosides, nucleotides, and analogues"
M319T364,8,8.244013642023198e-10,3.745605940351166,Organic acids and derivatives
M247T411_a,9,1.969083608395834e-9,0.6506458563521859,Organoheterocyclic compounds
M247T411_b,10,1.969083608395834e-9,0.6506458563521859,Organic acids and derivatives
M247T411_d,11,1.969083608395834e-9,0.6506458563521859,Organic acids and derivatives
M384T443_a,12,7.194413217198004e-9,18.24531733051457,Organic oxygen compounds
M384T443_b,13,7.194413217198004e-9,18.24531733051457,Organic oxygen compounds
M384T443_c,14,7.194413217198004e-9,18.24531733051457,Lipids and lipid-like molecules
M384T443_d,15,7.194413217198004e-9,18.24531733051457,Organic oxygen compounds
M384T443_e,16,7.194413217198004e-9,18.24531733051457,Organic oxygen compounds
M384T443_f,17,7.194413217198004e-9,18.24531733051457,Organic oxygen compounds
M384T443_g,18,7.194413217198004e-9,18.24531733051457,Organic oxygen compounds
M363T442,19,1.4092196626198232e-8,15.568585837438018,Organic acids and derivatives
M304T415,20,4.819297137219104e-8,0.7455838706915522,Organic acids and derivatives
M326T415_2,21,6.17354577209925e-8,0.8217478791065633,Organic oxygen compounds
M129T364_1_a,22,6.618877396044901e-8,18.240168383072326,Lipids and lipid-like molecules
M129T364_1_b,23,6.618877396044901e-8,18.240168383072326,Organic acids and derivatives
M129T364_1_c,24,6.618877396044901e-8,18.240168383072326,Lipids and lipid-like molecules
M212T259,25,1.551462679917503e-6,2.025996192719852,Organosulfur compounds
M313T437,26,1.556400358296446e-6,2.1426669805035674,"Nucleosides, nucleotides, and analogues"
M233T237,27,2.283757408778186e-6,1.774350738702949,Organic acids and derivatives
M303T366,28,3.872385707049466e-6,0.7338601354040227,Organic acids and derivatives
M185T411,29,7.362215803554757e-6,0.6068990439819859,Organic acids and derivatives
M346T425,30,1.0956164789518726e-5,1.267168915871749,Organic acids and derivatives
M191T363_a,31,1.1617157238952225e-5,3.777902556874098,Organic oxygen compounds
M191T363_b,32,1.1617157238952225e-5,3.777902556874098,Organic oxygen compounds
M191T363_c,33,1.1617157238952225e-5,3.777902556874098,Organic oxygen compounds
M288T393_b,34,2.1430740373359574e-5,0.8292777916356509,Organic acids and derivatives
M288T393_c,35,2.1430740373359574e-5,0.8292777916356509,Organic acids and derivatives
M815T397,36,3.12206162374172e-5,0.8009076634980409,"Nucleosides, nucleotides, and analogues"
M402T493_a,37,3.178978915308668e-5,1.6143771807146854,"Nucleosides, nucleotides, and analogues"
M402T493_b,38,3.178978915308668e-5,1.6143771807146854,"Nucleosides, nucleotides, and analogues"
M191T473_a,39,4.106835816762212e-5,0.6666318964563281,Organic acids and derivatives
M191T473_b,40,4.106835816762212e-5,0.6666318964563281,Organic acids and derivatives
M228T398,41,4.2118534971952295e-5,0.6509244493951778,Organic acids and derivatives
M234T338,42,4.351990191318607e-5,0.7038077588697205,Organic acids and derivatives
M241T395_a,43,5.0564093108548126e-5,1.792310739983569,Organic acids and derivatives
M241T395_b,44,5.0564093108548126e-5,1.792310739983569,Organic oxygen compounds
M241T395_c,45,5.0564093108548126e-5,1.792310739983569,Organic acids and derivatives
M241T395_d,46,5.0564093108548126e-5,1.792310739983569,Organic acids and derivatives
M241T395_e,47,5.0564093108548126e-5,1.792310739983569,Lipids and lipid-like molecules
M241T395_f,48,5.0564093108548126e-5,1.792310739983569,Lipids and lipid-like molecules
M241T395_g,49,5.0564093108548126e-5,1.792310739983569,Lipids and lipid-like molecules
M402T478_a,50,5.80156561517824e-5,2.0470142059665792,"Nucleosides, nucleotides, and analogues"
M402T478_b,51,5.80156561517824e-5,2.0470142059665792,"Nucleosides, nucleotides, and analogues"
M376T338,52,6.068536838531579e-5,0.7342862427951731,Organoheterocyclic compounds
M147T388,53,7.051334358236755e-5,1.352814897697692,Organic acids and derivatives
M322T453,54,8.543859996518424e-5,1.6304003823778954,"Nucleosides, nucleotides, and analogues"
M480T339,55,9.621938743241405e-5,0.7212539308778781,Organic oxygen compounds
M182T381_a,56,1.091761021353225e-4,0.7270820159346096,Organic acids and derivatives
M182T381_b,57,1.091761021353225e-4,0.7270820159346096,Organic acids and derivatives
M132T396_a,58,1.1318096012766463e-4,0.8897698800765372,Organic acids and derivatives
M132T396_b,59,1.1318096012766463e-4,0.8897698800765372,Organic acids and derivatives
M157T283_a,60,1.2422592352949314e-4,0.5138351463650971,Organic acids and derivatives
M157T283_b,61,1.2422592352949314e-4,0.5138351463650971,Organoheterocyclic compounds
M259T452_a,62,1.5166253953199617e-4,0.765263138947895,Organic oxygen compounds
M259T452_b,63,1.5166253953199617e-4,0.765263138947895,Organic oxygen compounds
M259T452_c,64,1.5166253953199617e-4,0.765263138947895,Organic oxygen compounds
M259T452_d,65,1.5166253953199617e-4,0.765263138947895,Organic oxygen compounds
M259T452_e,66,1.5166253953199617e-4,0.765263138947895,Organic oxygen compounds
M259T452_f,67,1.5166253953199617e-4,0.765263138947895,Organic oxygen compounds
M192T296,68,1.577789168365002e-4,2.3376627805820047,Organoheterocyclic compounds
M354T496_a,69,1.6460019971928643e-4,3.428563042797622,Organic acids and derivatives
M354T496_b,70,1.6460019971928643e-4,3.428563042797622,Organic acids and derivatives
M259T270_a,71,1.673791094523284e-4,0.5871171438887028,Organic acids and derivatives
M259T270_b,72,1.673791094523284e-4,0.5871171438887028,Organic acids and derivatives
M187T279_2_a,73,1.6994825188610215e-4,2.008913568303883,Organic acids and derivatives
M187T279_2_b,74,1.6994825188610215e-4,2.008913568303883,Organic acids and derivatives
M187T279_2_c,75,1.6994825188610215e-4,2.008913568303883,Organic acids and derivatives
M155T233_a,76,1.737398851156764e-4,0.4642269851353234,Organoheterocyclic compounds
M155T233_b,77,1.737398851156764e-4,0.4642269851353234,Organoheterocyclic compounds
M226T237,78,1.780524009506657e-4,0.5217061449163507,"Nucleosides, nucleotides, and analogues"
M258T466,79,1.8132803999577286e-4,0.5495374435071088,Organic oxygen compounds
M240T219,80,2.1093014633612184e-4,0.6766309453947611,Organic oxygen compounds
M249T385,81,2.3052654643964215e-4,0.009022403216204853,Organic acids and derivatives
M193T377_a,82,2.3547468887710507e-4,0.8541305272951619,Lipids and lipid-like molecules
M193T377_b,83,2.3547468887710507e-4,0.8541305272951619,Lipids and lipid-like molecules
M394T461,84,2.4258489238446963e-4,1.8632200759735684,Organic oxygen compounds
M328T277_a,85,2.53930375013815e-4,0.22681576885903862,"Nucleosides, nucleotides, and analogues"
M328T277_b,86,2.53930375013815e-4,0.22681576885903862,"Nucleosides, nucleotides, and analogues"
M328T277_c,87,2.53930375013815e-4,0.22681576885903862,"Nucleosides, nucleotides, and analogues"
M267T218,88,2.559916039810184e-4,1.7901572600779025,"Nucleosides, nucleotides, and analogues"
M171T429_a,89,2.793132207968058e-4,1.316220595904967,Lipids and lipid-like molecules
M171T429_b,90,2.793132207968058e-4,1.316220595904967,Lipids and lipid-like molecules
M243T230_a,91,2.7982374611996275e-4,0.6632069653020184,Organic acids and derivatives
M243T230_b,92,2.7982374611996275e-4,0.6632069653020184,Organic acids and derivatives
M243T230_c,93,2.7982374611996275e-4,0.6632069653020184,Organic acids and derivatives
M562T449,94,3.2610324507250423e-4,1.1798955477813158,Organic oxygen compounds
M371T399_a,95,4.130574995765903e-4,0.7691259714241312,Organic oxygen compounds
M371T399_b,96,4.130574995765903e-4,0.7691259714241312,Organic oxygen compounds
M371T399_c,97,4.130574995765903e-4,0.7691259714241312,Organic oxygen compounds
M371T399_d,98,4.130574995765903e-4,0.7691259714241312,Organic oxygen compounds
M371T399_e,99,4.130574995765903e-4,0.7691259714241312,Organic oxygen compounds
M371T399_f,100,4.130574995765903e-4,0.7691259714241312,Organic oxygen compounds
M169T428,101,4.4871527920051354e-4,3.1202329795220547,Organic oxygen compounds
M203T414_a,102,4.829177433389533e-4,0.746442176469477,Organic acids and derivatives
M203T414_b,103,4.829177433389533e-4,0.746442176469477,Lipids and lipid-like molecules
M274T409,104,5.055304845473078e-4,0.7788077233175068,Organic acids and derivatives
M408T459_a,105,5.774612969234981e-4,1.46635578192976,"Nucleosides, nucleotides, and analogues"
M408T459_b,106,5.774612969234981e-4,1.46635578192976,"Nucleosides, nucleotides, and analogues"
M408T459_c,107,5.774612969234981e-4,1.46635578192976,"Nucleosides, nucleotides, and analogues"
M408T459_d,108,5.774612969234981e-4,1.46635578192976,"Nucleosides, nucleotides, and analogues"
M408T459_e,109,5.774612969234981e-4,1.46635578192976,"Nucleosides, nucleotides, and analogues"
M233T414,110,5.936750319365848e-4,1.291819623921181,Organic acids and derivatives
M323T398,111,8.79289689943664e-4,0.8046727942969176,"Nucleosides, nucleotides, and analogues"
M196T295,112,0.0013596985047143286,1.3292029478616834,Organic acids and derivatives
M215T269_a,113,0.0014391511402768687,0.675046029964345,Organoheterocyclic compounds
M215T269_b,114,0.0014391511402768687,0.675046029964345,Organoheterocyclic compounds
M215T269_c,115,0.0014391511402768687,0.675046029964345,Organoheterocyclic compounds
M580T451,116,0.0014787061595229402,1.1551160837372174,"Nucleosides, nucleotides, and analogues"
M564T338,117,0.0015885888898473516,0.7801527936046712,Organoheterocyclic compounds
M339T498_a,118,0.001598012731007257,1.8394276278768322,Organic oxygen compounds
M339T498_b,119,0.001598012731007257,1.8394276278768322,Organic oxygen compounds
M339T498_c,120,0.001598012731007257,1.8394276278768322,Organic oxygen compounds
M339T498_d,121,0.001598012731007257,1.8394276278768322,Organic oxygen compounds
M339T498_e,122,0.001598012731007257,1.8394276278768322,Organic oxygen compounds
M339T498_f,123,0.001598012731007257,1.8394276278768322,Organic oxygen compounds
M339T498_g,124,0.001598012731007257,1.8394276278768322,Organic oxygen compounds
M339T498_h,125,0.001598012731007257,1.8394276278768322,Organic oxygen compounds
M339T498_i,126,0.001598012731007257,1.8394276278768322,Organic oxygen compounds
M339T498_j,127,0.001598012731007257,1.8394276278768322,Organic oxygen compounds
M339T498_k,128,0.001598012731007257,1.8394276278768322,Organic oxygen compounds
M339T498_l,129,0.001598012731007257,1.8394276278768322,Organic oxygen compounds
M339T498_m,130,0.001598012731007257,1.8394276278768322,Organic oxygen compounds
M339T498_n,131,0.001598012731007257,1.8394276278768322,Organic oxygen compounds
M339T498_o,132,0.001598012731007257,1.8394276278768322,Organic oxygen compounds
M339T498_p,133,0.001598012731007257,1.8394276278768322,Organic oxygen compounds
M339T498_q,134,0.001598012731007257,1.8394276278768322,Organic oxygen compounds
M339T498_r,135,0.001598012731007257,1.8394276278768322,Organic oxygen compounds
M339T498_s,136,0.001598012731007257,1.8394276278768322,Organic oxygen compounds
M176T277_a,137,0.0016541095866064812,1.3029314386738233,Organic oxygen compounds
M176T277_b,138,0.0016541095866064812,1.3029314386738233,Organic oxygen compounds
M176T277_c,139,0.0016541095866064812,1.3029314386738233,Organic oxygen compounds
M176T277_d,140,0.0016541095866064812,1.3029314386738233,Organic oxygen compounds
M184T463,141,0.001656507446579525,1.2634087012642845,Organic acids and derivatives
M351T287,142,0.0016669497682388294,1.3394094295598535,Organic acids and derivatives
M273T366,143,0.001782863436576543,1.3272218490850167,Organic acids and derivatives
M88T355_a,144,0.0019365459897390306,0.8867007435452621,Organic acids and derivatives
M88T355_b,145,0.0019365459897390306,0.8867007435452621,Organic acids and derivatives
M88T355_c,146,0.0019365459897390306,0.8867007435452621,Organic acids and derivatives
M88T355_d,147,0.0019365459897390306,0.8867007435452621,Organic acids and derivatives
M88T355_e,148,0.0019365459897390306,0.8867007435452621,Organic acids and derivatives
M245T373,149,0.002084292210519757,0.8881270722107046,Organic acids and derivatives
M565T439_a,150,0.002185142176452004,1.2392098832284988,"Nucleosides, nucleotides, and analogues"
M565T439_b,151,0.002185142176452004,1.2392098832284988,"Nucleosides, nucleotides, and analogues"
M220T252_a,152,0.0023418180612184585,1.3944772491658943,Organic oxygen compounds
M220T252_b,153,0.0023418180612184585,1.3944772491658943,Organic oxygen compounds
M220T252_c,154,0.0023418180612184585,1.3944772491658943,Organic oxygen compounds
M294T439,155,0.002582307188781576,0.5479361608949398,Lipids and lipid-like molecules
M215T294_a,156,0.0026224900256575706,0.8854377423498022,Lipids and lipid-like molecules
M215T294_b,157,0.0026224900256575706,0.8854377423498022,Organic acids and derivatives
M345T457,158,0.0029142433375053396,1.259923166919296,Organic oxygen compounds
M307T232_a,159,0.002944579204578842,1.368383780282963,"Nucleosides, nucleotides, and analogues"
M307T232_b,160,0.002944579204578842,1.368383780282963,"Nucleosides, nucleotides, and analogues"
M275T402,161,0.003144485063750852,2.6578138793025126,Organic oxygen compounds
M369T497_a,162,0.0032526641328327836,1.6733517528230095,Organic oxygen compounds
M369T497_b,163,0.0032526641328327836,1.6733517528230095,Organic oxygen compounds
M369T497_c,164,0.0032526641328327836,1.6733517528230095,Organic oxygen compounds
M369T497_d,165,0.0032526641328327836,1.6733517528230095,Organic oxygen compounds
M369T497_e,166,0.0032526641328327836,1.6733517528230095,Organic oxygen compounds
M167T454,167,0.003345617371910893,2.3801845058247606,Organic acids and derivatives
M282T463_a,168,0.003411649152591219,1.2936031765403435,Organic oxygen compounds
M282T463_b,169,0.003411649152591219,1.2936031765403435,Organic oxygen compounds
M282T463_c,170,0.003411649152591219,1.2936031765403435,Organic acids and derivatives
M506T481_a,171,0.0034629825784043794,1.3120941517852787,"Nucleosides, nucleotides, and analogues"
M506T481_b,172,0.0034629825784043794,1.3120941517852787,"Nucleosides, nucleotides, and analogues"
M506T481_c,173,0.0034629825784043794,1.3120941517852787,"Nucleosides, nucleotides, and analogues"
M365T372,174,0.0035656071822047276,1.358086072947337,"Nucleosides, nucleotides, and analogues"
M424T377_1_a,175,0.003605636958431276,0.8989209410917223,Organic oxygen compounds
M424T377_1_b,176,0.003605636958431276,0.8989209410917223,Organic oxygen compounds
M174T381,177,0.003968202220139647,1.1734710502025,Organic acids and derivatives
M336T447_1,178,0.004261531643313751,1.2316704039310964,Organic acids and derivatives
M287T241,179,0.004520473790244357,1.318028730867978,"Nucleosides, nucleotides, and analogues"
M289T470_a,180,0.004877679994914963,0.6991462663964338,Organic oxygen compounds
M289T470_b,181,0.004877679994914963,0.6991462663964338,Organic oxygen compounds
M296T104,182,0.004947590238750137,1.6399921689791412,"Nucleosides, nucleotides, and analogues"
M362T377_1,183,0.0052965174231480085,0.932396460832294,"Nucleosides, nucleotides, and analogues"
M173T430,184,0.005456879955921291,0.7706455195373617,Organic acids and derivatives
M383T374,185,0.006418113919838782,1.6080358517645639,Organic oxygen compounds
M352T377,186,0.007213748201717784,0.8011954470665108,Organic acids and derivatives
M345T398,187,0.007265116123105215,0.8600680861423451,Organic oxygen compounds
M229T438,188,0.0077541450650762764,0.6714936915806624,Organic oxygen compounds
M117T308,189,0.00796768958221521,1.0813264154252087,Organic acids and derivatives
M306T395,190,0.008002780784611693,1.3634934769588647,Organic acids and derivatives
M207T365_a,191,0.008139849718985253,0.8983005200728289,Organic acids and derivatives
M207T365_b,192,0.008139849718985253,0.8983005200728289,Organic acids and derivatives
M207T365_c,193,0.008139849718985253,0.8983005200728289,Organic acids and derivatives
M218T374,194,0.008516331129416728,1.1123861193435653,Organic acids and derivatives
M484T401,195,0.008691999786535844,1.9236058966128444,"Nucleosides, nucleotides, and analogues"
M236T157_a,196,0.008700380317775003,1.2740922237427026,Organoheterocyclic compounds
M236T157_b,197,0.008700380317775003,1.2740922237427026,Organoheterocyclic compounds
M293T232_2,198,0.009110839525800222,1.2653136217894447,Organic oxygen compounds
M175T412,199,0.009279261181402551,1.3589845842817454,Organic acids and derivatives
M289T462,200,0.009812773486522828,1.2236224156713285,Organic acids and derivatives
M303T347,201,0.009904257676221365,0.7618626621398182,Organic acids and derivatives
M259T469_a,202,0.009928280233017643,0.4610634990529188,Organic oxygen compounds
M259T469_b,203,0.009928280233017643,0.4610634990529188,Organic oxygen compounds
M259T469_c,204,0.009928280233017643,0.4610634990529188,Organic oxygen compounds
M259T469_d,205,0.009928280233017643,0.4610634990529188,Organic oxygen compounds
M259T469_e,206,0.009928280233017643,0.4610634990529188,Organic oxygen compounds
M259T469_f,207,0.009928280233017643,0.4610634990529188,Organic oxygen compounds
M235T234,208,0.009997219825803797,1.2536654383947672,Organoheterocyclic compounds
M651T395,209,0.010568012890862712,1.4445937484717395,"Nucleosides, nucleotides, and analogues"
M202T264_a,210,0.010699749404251857,0.4971394014976026,Organic acids and derivatives
M202T264_b,211,0.010699749404251857,0.4971394014976026,Organic acids and derivatives
M146T391_2,212,0.011328652660479253,1.093404109004678,Organic acids and derivatives
M188T437_a,213,0.011417807952789042,0.6714371877600451,Organic acids and derivatives
M188T437_b,214,0.011417807952789042,0.6714371877600451,Organic acids and derivatives
M353T474_2_a,215,0.012087057994248774,1.6540286732255556,Lipids and lipid-like molecules
M353T474_2_b,216,0.012087057994248774,1.6540286732255556,Lipids and lipid-like molecules
M353T474_2_c,217,0.012087057994248774,1.6540286732255556,Lipids and lipid-like molecules
M353T474_2_d,218,0.012087057994248774,1.6540286732255556,Lipids and lipid-like molecules
M353T474_2_e,219,0.012087057994248774,1.6540286732255556,Lipids and lipid-like molecules
M353T474_2_f,220,0.012087057994248774,1.6540286732255556,Lipids and lipid-like molecules
M266T171_a,221,0.012818153809191274,2.3454474999405672,"Nucleosides, nucleotides, and analogues"
M266T171_b,222,0.012818153809191274,2.3454474999405672,"Nucleosides, nucleotides, and analogues"
M381T296_a,223,0.01282973611873001,0.8175502725098734,Organic oxygen compounds
M381T296_b,224,0.01282973611873001,0.8175502725098734,Organic oxygen compounds
M381T296_c,225,0.01282973611873001,0.8175502725098734,Organic oxygen compounds
M381T296_d,226,0.01282973611873001,0.8175502725098734,Organic oxygen compounds
M205T296_a,227,0.013147453874053193,0.7920004698061769,Organic acids and derivatives
M205T296_b,228,0.013147453874053193,0.7920004698061769,Organic acids and derivatives
M273T403,229,0.013160112090578433,1.5276162330336285,Organic oxygen compounds
M302T399,230,0.013429863568590767,0.8894969361579234,Organic acids and derivatives
M336T390_a,231,0.01381366741429076,1.2346518030388018,Organic acids and derivatives
M336T390_b,232,0.01381366741429076,1.2346518030388018,Organoheterocyclic compounds
M336T390_c,233,0.01381366741429076,1.2346518030388018,Organic acids and derivatives
M210T395,234,0.014117217932038116,1.3350664186349956,Organic acids and derivatives
M223T298,235,0.014359686886819654,0.8384854341550587,Organic oxygen compounds
M326T289,236,0.015505059159199332,0.7578487842794485,Organoheterocyclic compounds
M182T402_a,237,0.016223598514418524,1.2143740377523562,Organic acids and derivatives
M182T402_b,238,0.016223598514418524,1.2143740377523562,Organic acids and derivatives
M182T402_c,239,0.016223598514418524,1.2143740377523562,Organic acids and derivatives
M182T402_d,240,0.016223598514418524,1.2143740377523562,Organic acids and derivatives
M182T402_e,241,0.016223598514418524,1.2143740377523562,Organic acids and derivatives
M182T402_f,242,0.016223598514418524,1.2143740377523562,Organic acids and derivatives
M226T377,243,0.017076142072121745,0.9221060406374436,Organic acids and derivatives
M221T385,244,0.017499161614575286,0.8367345862347904,Organic acids and derivatives
M113T283,245,0.01853510364586997,0.5795929399622197,Organoheterocyclic compounds
M362T457,246,0.018897004793572515,1.371786374842462,Organic oxygen compounds
M189T428,247,0.01906802280136769,1.0963302598408244,Organic acids and derivatives
M644T336,248,0.019866985453476836,1.0943757337157216,Organoheterocyclic compounds
M258T411_a,249,0.02133048320053043,1.0857717848381403,Organic oxygen compounds
M258T411_b,250,0.02133048320053043,1.0857717848381403,Organic oxygen compounds
M258T411_c,251,0.02133048320053043,1.0857717848381403,Organic oxygen compounds
M258T411_d,252,0.02133048320053043,1.0857717848381403,Organic oxygen compounds
M258T411_e,253,0.02133048320053043,1.0857717848381403,Organic oxygen compounds
M337T441_a,254,0.0213997763964459,1.176567945023082,Lipids and lipid-like molecules
M337T441_b,255,0.0213997763964459,1.176567945023082,Lipids and lipid-like molecules
M401T448_a,256,0.022168451393341084,1.1255720299106438,Organic oxygen compounds
M401T448_b,257,0.022168451393341084,1.1255720299106438,Organic oxygen compounds
M401T448_c,258,0.022168451393341084,1.1255720299106438,Organic oxygen compounds
M401T448_d,259,0.022168451393341084,1.1255720299106438,Organic oxygen compounds
M401T448_e,260,0.022168451393341084,1.1255720299106438,Organic oxygen compounds
M401T448_f,261,0.022168451393341084,1.1255720299106438,Organic oxygen compounds
M401T448_g,262,0.022168451393341084,1.1255720299106438,Organic oxygen compounds
M401T448_h,263,0.022168451393341084,1.1255720299106438,Organic oxygen compounds
M401T448_i,264,0.022168451393341084,1.1255720299106438,Organic oxygen compounds
M130T250,265,0.023293491952712877,1.1294443342191058,Organic acids and derivatives
M662T429,266,0.02390944659580014,0.9258206038989486,"Nucleosides, nucleotides, and analogues"
M129T241_a,267,0.023953408903356194,1.3284654016715398,Organic acids and derivatives
M129T241_b,268,0.023953408903356194,1.3284654016715398,Organic acids and derivatives
M129T241_c,269,0.023953408903356194,1.3284654016715398,Organic acids and derivatives
M261T406,270,0.02398784858219729,1.1794712553358238,Organic acids and derivatives
M146T293,271,0.02503952931188633,1.1372396724702805,Organic acids and derivatives
M370T415,272,0.02541920004317875,0.8781765345081266,"Nucleosides, nucleotides, and analogues"
M282T296,273,0.02723117073369131,0.5259302079026273,Organic oxygen compounds
M202T295,274,0.027275634148815984,0.8330123677273534,Lipids and lipid-like molecules
M273T368_a,275,0.027324828313139336,0.9194957333860967,Organic oxygen compounds
M273T368_b,276,0.027324828313139336,0.9194957333860967,Organic oxygen compounds
M273T368_c,277,0.027324828313139336,0.9194957333860967,Organic oxygen compounds
M224T325_a,278,0.02786854433057131,1.1313310097385683,Organic acids and derivatives
M224T325_b,279,0.02786854433057131,1.1313310097385683,Organic acids and derivatives
M224T325_c,280,0.02786854433057131,1.1313310097385683,Organic acids and derivatives
M327T340,281,0.02865565597163293,1.2028212954503814,"Nucleosides, nucleotides, and analogues"
M276T386,282,0.02968149228712474,0.9233745993676793,Organic acids and derivatives
M231T383_a,283,0.02998945377867013,1.337398897331609,Organic acids and derivatives
M231T383_b,284,0.02998945377867013,1.337398897331609,Organic acids and derivatives
M231T383_c,285,0.02998945377867013,1.337398897331609,Organic acids and derivatives
M217T263,286,0.031375735594627426,1.337530146736835,Organic acids and derivatives
M553T473_a,287,0.031681395640858916,0.8709397019437765,Lipids and lipid-like molecules
M553T473_b,288,0.031681395640858916,0.8709397019437765,Lipids and lipid-like molecules
M553T473_c,289,0.031681395640858916,0.8709397019437765,Lipids and lipid-like molecules
M553T473_d,290,0.031681395640858916,0.8709397019437765,Lipids and lipid-like molecules
M553T473_e,291,0.031681395640858916,0.8709397019437765,Lipids and lipid-like molecules
M403T296,292,0.03312535492500705,0.6967006984658063,Organic oxygen compounds
M401T216_a,293,0.03381196125143202,0.8552800417153367,Organic oxygen compounds
M401T216_b,294,0.03381196125143202,0.8552800417153367,Organic oxygen compounds
M433T366_1_a,295,0.03552058972452233,0.8783107005329654,Phenylpropanoids and polyketides
M433T366_1_b,296,0.03552058972452233,0.8783107005329654,Phenylpropanoids and polyketides
M433T366_1_c,297,0.03552058972452233,0.8783107005329654,Organic oxygen compounds
M433T366_1_d,298,0.03552058972452233,0.8783107005329654,Organic oxygen compounds
M433T366_1_e,299,0.03552058972452233,0.8783107005329654,Organic oxygen compounds
M433T366_1_f,300,0.03552058972452233,0.8783107005329654,Organic oxygen compounds
M166T283,301,0.03602071102487884,0.8489664017276163,Organic acids and derivatives
M187T255_a,302,0.0367421821707948,1.569443578665463,Organic acids and derivatives
M187T255_b,303,0.0367421821707948,1.569443578665463,Organic acids and derivatives
M187T255_c,304,0.0367421821707948,1.569443578665463,Organic acids and derivatives
M288T436,305,0.03693939313456004,0.9188141211585823,Organic acids and derivatives
M261T221_a,306,0.037414942329490095,1.1701734153033818,Benzenoids
M261T221_b,307,0.037414942329490095,1.1701734153033818,Organic acids and derivatives
M210T436,308,0.03986294645852629,1.0857988477154827,Organic acids and derivatives
M186T232_1,309,0.040519654747308884,1.1096152324812991,Organic acids and derivatives
M324T260,310,0.041036014752972874,0.861760526963285,Organoheterocyclic compounds
M200T236_a,311,0.042674226693453214,0.8593562335171965,Organoheterocyclic compounds
M200T236_b,312,0.042674226693453214,0.8593562335171965,Organic acids and derivatives
M242T294,313,0.043665429290089104,0.8019282577148306,Organic acids and derivatives
M275T384,314,0.05146991230024718,0.8710628902433806,Organic acids and derivatives
M175T364_a,315,0.05246494266302582,0.758859139875854,Organic oxygen compounds
M175T364_b,316,0.05246494266302582,0.758859139875854,Organic oxygen compounds
M277T62,317,0.05386093929748444,1.0843653975444785,Benzenoids
M158T344_a,318,0.05397249881463453,0.8442185926333109,Lipids and lipid-like molecules
M158T344_b,319,0.05397249881463453,0.8442185926333109,Organic acids and derivatives
M158T344_c,320,0.05397249881463453,0.8442185926333109,Organic acids and derivatives
M158T344_d,321,0.05397249881463453,0.8442185926333109,Organic acids and derivatives
M419T365_a,322,0.054775127062416495,0.8151300889615611,Lipids and lipid-like molecules
M419T365_b,323,0.054775127062416495,0.8151300889615611,Lipids and lipid-like molecules
M320T387_a,324,0.05606072838354728,1.2467942228614048,"Nucleosides, nucleotides, and analogues"
M320T387_b,325,0.05606072838354728,1.2467942228614048,Organic acids and derivatives
M131T368,326,0.058186055167844246,0.9157910981375863,Organic acids and derivatives
M234T101_a,327,0.060031031664482634,1.608337108100909,Organoheterocyclic compounds
M234T101_b,328,0.060031031664482634,1.608337108100909,Organoheterocyclic compounds
M215T102,329,0.06285459392410613,0.8488503559348701,Benzenoids
M320T415_2_a,330,0.06542624582352755,1.1527844502922382,Organic acids and derivatives
M320T415_2_b,331,0.06542624582352755,1.1527844502922382,Organic acids and derivatives
M320T415_2_c,332,0.06542624582352755,1.1527844502922382,Organic acids and derivatives
M256T377_2,333,0.06671961041574254,0.9471223055147618,Lipids and lipid-like molecules
M309T216_a,334,0.06791003607070682,0.529172041632986,Organoheterocyclic compounds
M309T216_b,335,0.06791003607070682,0.529172041632986,Organoheterocyclic compounds
M329T442_b,336,0.06838280455042633,0.6622597672261151,Organic oxygen compounds
M329T442_c,337,0.06838280455042633,0.6622597672261151,Lipids and lipid-like molecules
M329T442_d,338,0.06838280455042633,0.6622597672261151,Lipids and lipid-like molecules
M303T265_a,339,0.06870852333003297,0.8242863009021574,Organoheterocyclic compounds
M303T265_b,340,0.06870852333003297,0.8242863009021574,Organic acids and derivatives
M376T367,341,0.06969475367334788,0.8702848065542493,Organic oxygen compounds
M200T353,342,0.07027092278504034,1.2265844471540495,Organic acids and derivatives
M295T274_a,343,0.07278258611795257,0.812287623069959,Organic oxygen compounds
M295T274_b,344,0.07278258611795257,0.812287623069959,Organic oxygen compounds
M295T274_c,345,0.07278258611795257,0.812287623069959,Organic oxygen compounds
M295T274_d,346,0.07278258611795257,0.812287623069959,Organoheterocyclic compounds
M295T274_e,347,0.07278258611795257,0.812287623069959,Organoheterocyclic compounds
M295T274_f,348,0.07278258611795257,0.812287623069959,Organoheterocyclic compounds
M295T274_g,349,0.07278258611795257,0.812287623069959,Organic oxygen compounds
M295T274_h,350,0.07278258611795257,0.812287623069959,Organic oxygen compounds
M295T274_i,351,0.07278258611795257,0.812287623069959,Organic oxygen compounds
M295T274_j,352,0.07278258611795257,0.812287623069959,Organic oxygen compounds
M267T217,353,0.07347225258541489,1.7859349857631288,Phenylpropanoids and polyketides
M347T441,354,0.07444708828182096,1.2966460275412972,Organic oxygen compounds
M604T438,355,0.07677248998933155,0.9118025188273011,"Nucleosides, nucleotides, and analogues"
M287T301,356,0.07691243400952906,0.6221265721647707,"Nucleosides, nucleotides, and analogues"
M89T232_2,357,0.07708498773752152,1.1117317252938324,Organic acids and derivatives
M455T269,358,0.07720636708738243,1.8515479843083764,Organic acids and derivatives
M178T206,359,0.07976543118456228,1.1303679240069893,Organic acids and derivatives
M201T364,360,0.08038379234550334,0.7265928047965254,Organic acids and derivatives
M148T274_2,361,0.08079585658559166,1.0702005750332677,Organic acids and derivatives
M241T325_a,362,0.08392252497571068,1.2948648672089769,Organic acids and derivatives
M241T325_b,363,0.08392252497571068,1.2948648672089769,Organic oxygen compounds
M241T325_c,364,0.08392252497571068,1.2948648672089769,Lipids and lipid-like molecules
M241T325_d,365,0.08392252497571068,1.2948648672089769,Organic acids and derivatives
M241T325_e,366,0.08392252497571068,1.2948648672089769,Lipids and lipid-like molecules
M241T325_f,367,0.08392252497571068,1.2948648672089769,Lipids and lipid-like molecules
M403T436,368,0.0846981977444651,1.1203274457871726,Organic oxygen compounds
M104T367_a,369,0.08486911171073476,1.0469553203044633,Organic acids and derivatives
M104T367_b,370,0.08486911171073476,1.0469553203044633,Organic acids and derivatives
M292T337_a,371,0.08695085386137738,1.1200997653518174,Organic oxygen compounds
M292T337_b,372,0.08695085386137738,1.1200997653518174,Organic oxygen compounds
M292T337_c,373,0.08695085386137738,1.1200997653518174,Organic oxygen compounds
M292T337_d,374,0.08695085386137738,1.1200997653518174,Organic oxygen compounds
M292T337_e,375,0.08695085386137738,1.1200997653518174,Organic oxygen compounds
M282T254,376,0.08718042817496299,1.4554997714869715,"Nucleosides, nucleotides, and analogues"
M217T359,377,0.08839814472357639,1.123550640413233,Organic acids and derivatives
M116T291,378,0.09022465589162594,1.0960384088295512,Organic acids and derivatives
M255T350_a,379,0.09259193987376485,0.8497683820846005,Organic oxygen compounds
M255T350_b,380,0.09259193987376485,0.8497683820846005,Benzenoids
M255T350_c,381,0.09259193987376485,0.8497683820846005,Benzenoids
M321T297,382,0.09624080144515122,0.8208662571277026,Organic oxygen compounds
M365T413,383,0.09988661585681519,1.076319196084909,"Nucleosides, nucleotides, and analogues"
M144T277_a,384,0.10080103755893839,1.1623910526201982,Organic acids and derivatives
M144T277_b,385,0.10080103755893839,1.1623910526201982,Organic acids and derivatives
M144T277_c,386,0.10080103755893839,1.1623910526201982,Organic acids and derivatives
M144T277_d,387,0.10080103755893839,1.1623910526201982,Organic acids and derivatives
M248T275_a,388,0.10081027348310848,1.2740140237856634,Organic acids and derivatives
M248T275_b,389,0.10081027348310848,1.2740140237856634,Organic acids and derivatives
M244T479_a,390,0.10129070355598035,0.9415706995540641,Organic acids and derivatives
M244T479_b,391,0.10129070355598035,0.9415706995540641,Organic acids and derivatives
M244T479_c,392,0.10129070355598035,0.9415706995540641,Organic acids and derivatives
M277T157_2,393,0.10669241150009551,1.2750461406382008,Organic acids and derivatives
M299T301,394,0.10720761325771694,1.3182077037945805,Organic acids and derivatives
M148T214,395,0.10884949527754476,1.7672361527071652,Organoheterocyclic compounds
M852T472,396,0.10926376343731127,1.2292449477858503,Lipids and lipid-like molecules
M134T160,397,0.10931518255002877,1.1882325715484836,Organoheterocyclic compounds
M320T225,398,0.10987150458437628,1.1691974172166137,Organic oxygen compounds
M504T489_a,399,0.11002947847479276,1.0464379518449378,"Nucleosides, nucleotides, and analogues"
M504T489_b,400,0.11002947847479276,1.0464379518449378,"Nucleosides, nucleotides, and analogues"
M504T489_c,401,0.11002947847479276,1.0464379518449378,"Nucleosides, nucleotides, and analogues"
M504T489_d,402,0.11002947847479276,1.0464379518449378,"Nucleosides, nucleotides, and analogues"
M275T452,403,0.11018796486224032,1.1164150301000617,Organic acids and derivatives
M208T392_a,404,0.11064364699942274,1.3934306645027292,Organic acids and derivatives
M208T392_b,405,0.11064364699942274,1.3934306645027292,Organic acids and derivatives
M155T223,406,0.11208757676268823,1.6848358974031814,Organoheterocyclic compounds
M446T293_a,407,0.11368591218112489,1.3835186819236693,Organic oxygen compounds
M446T293_b,408,0.11368591218112489,1.3835186819236693,Organic oxygen compounds
M446T293_c,409,0.11368591218112489,1.3835186819236693,Organoheterocyclic compounds
M305T165,410,0.1160408223367702,0.9263118802200028,Organic oxygen compounds
M425T472_a,411,0.11656909501631768,0.8713523339912167,Organic oxygen compounds
M425T472_b,412,0.11656909501631768,0.8713523339912167,"Nucleosides, nucleotides, and analogues"
M425T472_c,413,0.11656909501631768,0.8713523339912167,Organic oxygen compounds
M235T212,414,0.11666787792798054,1.5623636427273446,Organoheterocyclic compounds
M291T456_a,415,0.1171633661433449,1.1630871205268047,Organic oxygen compounds
M291T456_b,416,0.1171633661433449,1.1630871205268047,Organic oxygen compounds
M291T456_c,417,0.1171633661433449,1.1630871205268047,Organic oxygen compounds
M114T303_a,418,0.11988270013091304,0.9578449672212344,Organic acids and derivatives
M114T303_b,419,0.11988270013091304,0.9578449672212344,Organic acids and derivatives
M275T291,420,0.11999725954972827,0.9319828743877592,Organic acids and derivatives
M361T249,421,0.12049887447803463,1.201881819714359,"Nucleosides, nucleotides, and analogues"
M402T377_2,422,0.12128281607688325,0.921063831852186,Organic oxygen compounds
M279T43,423,0.12207234844038217,0.9085049648041367,Lipids and lipid-like molecules
M177T81_a,424,0.12410362490708436,0.8750351447359047,Organoheterocyclic compounds
M177T81_b,425,0.12410362490708436,0.8750351447359047,Organoheterocyclic compounds
M200T110,426,0.12433709415043166,1.3552803297259644,Organic acids and derivatives
M360T292,427,0.1269313926533518,0.8517372650640037,Organic oxygen compounds
M336T381,428,0.12719784196276637,1.2283203442928374,Organic acids and derivatives
M238T301_a,429,0.12901807561753476,0.8690500630099103,Organic oxygen compounds
M238T301_b,430,0.12901807561753476,0.8690500630099103,Organic oxygen compounds
M238T301_c,431,0.12901807561753476,0.8690500630099103,Organic oxygen compounds
M953T476,432,0.13105118458722856,0.9016427875811277,"Nucleosides, nucleotides, and analogues"
M213T105,433,0.13588440342613942,1.5038439146629554,Phenylpropanoids and polyketides
M213T45,434,0.14447284380855044,1.1462615598217276,Lipids and lipid-like molecules
M194T132,435,0.14448898433461202,1.1085375926477894,Organic acids and derivatives
M210T337_a,436,0.14488276725994131,1.0959152613215546,Organic acids and derivatives
M210T337_b,437,0.14488276725994131,1.0959152613215546,Organic acids and derivatives
M213T306,438,0.14558794931461544,1.0721552175863738,Organic acids and derivatives
M214T386,439,0.14860583800290786,0.9543505689280971,Lipids and lipid-like molecules
M194T149_a,440,0.1491410622927714,1.0887486438789553,Organic acids and derivatives
M194T149_b,441,0.1491410622927714,1.0887486438789553,Organic acids and derivatives
M155T405,442,0.1496987095541548,1.1768551487585193,Organic acids and derivatives
M227T45_2,443,0.15126083715574495,1.1137858708228374,Lipids and lipid-like molecules
M320T382,444,0.15158541536544573,1.3873627646840223,Organic acids and derivatives
M195T403_a,445,0.1527618688281976,1.1869092205146778,Organic oxygen compounds
M195T403_b,446,0.1527618688281976,1.1869092205146778,Organic oxygen compounds
M449T429_a,447,0.15312114241081407,0.59961240968572,Lipids and lipid-like molecules
M449T429_b,448,0.15312114241081407,0.59961240968572,Lipids and lipid-like molecules
M449T429_c,449,0.15312114241081407,0.59961240968572,Lipids and lipid-like molecules
M449T429_d,450,0.15312114241081407,0.59961240968572,Lipids and lipid-like molecules
M449T429_e,451,0.15312114241081407,0.59961240968572,Lipids and lipid-like molecules
M449T429_f,452,0.15312114241081407,0.59961240968572,Lipids and lipid-like molecules
M449T429_g,453,0.15312114241081407,0.59961240968572,Organic acids and derivatives
M449T429_h,454,0.15312114241081407,0.59961240968572,Organic acids and derivatives
M449T429_i,455,0.15312114241081407,0.59961240968572,Organic acids and derivatives
M225T411,456,0.1579221246617128,0.943109722526298,Organic acids and derivatives
M207T377_a,457,0.15819246267687154,0.944110551562996,Organic acids and derivatives
M207T377_b,458,0.15819246267687154,0.944110551562996,Lipids and lipid-like molecules
M205T331,459,0.15870801725600056,2.772394959521452,Organic acids and derivatives
M202T344,460,0.16389522203872117,1.1540363584157538,Organic acids and derivatives
M253T377,461,0.16631211403515342,0.9379562559604403,Lipids and lipid-like molecules
M331T391,462,0.1663266452781835,1.104620467807507,"Nucleosides, nucleotides, and analogues"
M154T458_a,463,0.16743765413951928,0.8929135094934901,Organic acids and derivatives
M154T458_b,464,0.16743765413951928,0.8929135094934901,Organic acids and derivatives
M251T258,465,0.16745141527616444,0.5564841545059477,Organic acids and derivatives
M197T377,466,0.17179833279952234,0.9615390223285335,Organic acids and derivatives
M281T147_a,467,0.17442445351682875,1.0712461799209112,"Nucleosides, nucleotides, and analogues"
M281T147_b,468,0.17442445351682875,1.0712461799209112,"Nucleosides, nucleotides, and analogues"
M376T263_a,469,0.1747578548802228,1.174962040420844,Organic oxygen compounds
M376T263_b,470,0.1747578548802228,1.174962040420844,"Nucleosides, nucleotides, and analogues"
M289T23,471,0.1754288235814429,27.85655139948171,Lipids and lipid-like molecules
M328T448,472,0.1785634478689752,0.8218221822983393,"Nucleosides, nucleotides, and analogues"
M165T264,473,0.17959760985497375,0.7898581394382554,Lipids and lipid-like molecules
M487T372,474,0.18182122055952105,0.7213837654306537,Organoheterocyclic compounds
M259T368,475,0.18239089191951602,0.8995226731096464,Organic acids and derivatives
M214T266,476,0.18396008200118896,0.8175965446057748,Organic acids and derivatives
M455T263_a,477,0.1897660481097968,1.1404558739498922,Lipids and lipid-like molecules
M455T263_b,478,0.1897660481097968,1.1404558739498922,Lipids and lipid-like molecules
M455T263_c,479,0.1897660481097968,1.1404558739498922,Organic oxygen compounds
M455T263_d,480,0.1897660481097968,1.1404558739498922,Lipids and lipid-like molecules
M455T263_e,481,0.1897660481097968,1.1404558739498922,Lipids and lipid-like molecules
M455T263_f,482,0.1897660481097968,1.1404558739498922,Lipids and lipid-like molecules
M455T263_g,483,0.1897660481097968,1.1404558739498922,Organic oxygen compounds
M455T263_h,484,0.1897660481097968,1.1404558739498922,Organic oxygen compounds
M308T369,485,0.19288648640160933,0.9309491233902543,Organic oxygen compounds
M315T144,486,0.19379162762608973,0.7379900517207952,Alkaloids and derivatives
M267T303_a,487,0.19525633287240507,1.5630135531500684,Organic oxygen compounds
M267T303_b,488,0.19525633287240507,1.5630135531500684,Organic oxygen compounds
M267T303_c,489,0.19525633287240507,1.5630135531500684,Organic oxygen compounds
M267T303_d,490,0.19525633287240507,1.5630135531500684,Organic oxygen compounds
M267T303_e,491,0.19525633287240507,1.5630135531500684,Organic oxygen compounds
M267T303_f,492,0.19525633287240507,1.5630135531500684,Organic oxygen compounds
M267T303_g,493,0.19525633287240507,1.5630135531500684,Organic oxygen compounds
M267T303_h,494,0.19525633287240507,1.5630135531500684,Organic oxygen compounds
M267T303_i,495,0.19525633287240507,1.5630135531500684,Organic oxygen compounds
M267T303_j,496,0.19525633287240507,1.5630135531500684,Organic oxygen compounds
M342T262_a,497,0.19560336651793217,1.246894566118064,Organic oxygen compounds
M342T262_b,498,0.19560336651793217,1.246894566118064,Organic oxygen compounds
M342T262_c,499,0.19560336651793217,1.246894566118064,Organic oxygen compounds
M342T262_d,500,0.19560336651793217,1.246894566118064,Organic oxygen compounds
M342T262_e,501,0.19560336651793217,1.246894566118064,Organic oxygen compounds
M308T258,502,0.19718932438380876,0.873192104890707,Organoheterocyclic compounds
M134T225_2,503,0.19951036220293336,1.192577098758642,"Organic 1,3-dipolar compounds"
M454T266,504,0.2032951060612488,1.1501244951918774,Organic acids and derivatives
M397T299,505,0.20676947423904352,1.3140928078515823,Organic oxygen compounds
M207T90,506,0.20777389076062122,0.7236923356547503,Benzenoids
M364T343_a,507,0.2082555725833043,1.107739066767833,Organic oxygen compounds
M364T343_b,508,0.2082555725833043,1.107739066767833,Organic oxygen compounds
M364T343_c,509,0.2082555725833043,1.107739066767833,Organic oxygen compounds
M364T343_d,510,0.2082555725833043,1.107739066767833,Organic oxygen compounds
M238T298_a,511,0.20876107208900563,1.1827246616441858,Lipids and lipid-like molecules
M238T298_b,512,0.20876107208900563,1.1827246616441858,Lipids and lipid-like molecules
M238T298_c,513,0.20876107208900563,1.1827246616441858,Lipids and lipid-like molecules
M238T298_d,514,0.20876107208900563,1.1827246616441858,Lipids and lipid-like molecules
M238T298_e,515,0.20876107208900563,1.1827246616441858,Lipids and lipid-like molecules
M238T298_f,516,0.20876107208900563,1.1827246616441858,Lipids and lipid-like molecules
M297T292,517,0.20942956615744138,1.2712914156354727,Organoheterocyclic compounds
M227T321,518,0.21165747155921671,1.2200737321455688,Organic acids and derivatives
M401T359_a,519,0.21635571499172493,0.7197865539975786,Organic oxygen compounds
M401T359_b,520,0.21635571499172493,0.7197865539975786,Organic oxygen compounds
M225T261,521,0.21829241162489676,0.9085283279862412,Lipids and lipid-like molecules
M219T269,522,0.21915728791937644,1.224306547673715,Organoheterocyclic compounds
M193T232,523,0.2208585304489727,1.0791146654900092,Organic acids and derivatives
M283T220,524,0.2215356954896782,0.9286443294270169,"Nucleosides, nucleotides, and analogues"
M442T482_a,525,0.22243030399236519,1.1443325657098915,"Nucleosides, nucleotides, and analogues"
M442T482_b,526,0.22243030399236519,1.1443325657098915,"Nucleosides, nucleotides, and analogues"
M442T482_c,527,0.22243030399236519,1.1443325657098915,"Nucleosides, nucleotides, and analogues"
M442T482_d,528,0.22243030399236519,1.1443325657098915,"Nucleosides, nucleotides, and analogues"
M442T482_e,529,0.22243030399236519,1.1443325657098915,"Nucleosides, nucleotides, and analogues"
M188T383_a,530,0.22443418729730824,1.0956155524544813,Organic acids and derivatives
M188T383_b,531,0.22443418729730824,1.0956155524544813,Organic acids and derivatives
M401T392_a,532,0.22502256270535553,0.8971672529205447,Organic oxygen compounds
M401T392_b,533,0.22502256270535553,0.8971672529205447,Organic oxygen compounds
M182T42,534,0.22822188346689282,1.1673807652908967,Organoheterocyclic compounds
M601T296_1,535,0.2304376263878598,0.9073222313021592,Organic acids and derivatives
M199T445,536,0.2322295924337048,0.8526593873238926,Organic oxygen compounds
M299T271_a,537,0.23436476824397806,1.1328092433196104,Organic acids and derivatives
M299T271_b,538,0.23436476824397806,1.1328092433196104,Organic acids and derivatives
M299T271_c,539,0.23436476824397806,1.1328092433196104,Organic acids and derivatives
M820T343_a,540,0.23529564397964642,1.1586009983874883,Organoheterocyclic compounds
M820T343_b,541,0.23529564397964642,1.1586009983874883,Organoheterocyclic compounds
M328T342,542,0.23552864106596083,0.9317039727972521,Organoheterocyclic compounds
M137T280,543,0.24286072197476852,1.1123213696442902,Organoheterocyclic compounds
M259T302_a,544,0.2450184560828694,1.2536632709630897,Organic acids and derivatives
M259T302_b,545,0.2450184560828694,1.2536632709630897,Organic acids and derivatives
M259T302_c,546,0.2450184560828694,1.2536632709630897,Organic acids and derivatives
M259T302_d,547,0.2450184560828694,1.2536632709630897,Organic acids and derivatives
M259T302_e,548,0.2450184560828694,1.2536632709630897,Organic acids and derivatives
M259T302_f,549,0.2450184560828694,1.2536632709630897,Organic oxygen compounds
M259T302_g,550,0.2450184560828694,1.2536632709630897,Organic oxygen compounds
M259T302_h,551,0.2450184560828694,1.2536632709630897,Organic acids and derivatives
M259T302_i,552,0.2450184560828694,1.2536632709630897,Organic acids and derivatives
M259T302_j,553,0.2450184560828694,1.2536632709630897,Organic oxygen compounds
M281T425_a,554,0.24833342208392414,1.0545291132812427,Organic oxygen compounds
M281T425_b,555,0.24833342208392414,1.0545291132812427,Organic oxygen compounds
M196T279,556,0.2492091677236534,1.1325936060615966,Organic oxygen compounds
M130T260_a,557,0.24938846616967938,1.0951537245011274,Organic acids and derivatives
M130T260_b,558,0.24938846616967938,1.0951537245011274,Organic acids and derivatives
M130T260_c,559,0.24938846616967938,1.0951537245011274,Organic acids and derivatives
M353T414_a,560,0.24964597839415373,1.0812867954843144,Lipids and lipid-like molecules
M353T414_b,561,0.24964597839415373,1.0812867954843144,Lipids and lipid-like molecules
M353T414_c,562,0.24964597839415373,1.0812867954843144,Lipids and lipid-like molecules
M353T414_d,563,0.24964597839415373,1.0812867954843144,Organic oxygen compounds
M135T320,564,0.2500101425733666,1.1247723526425997,Organic oxygen compounds
M606T427,565,0.25064494942879184,1.0524159206251469,"Nucleosides, nucleotides, and analogues"
M151T212,566,0.25072192974355545,0.8101400843762608,Organoheterocyclic compounds
M204T248_a,567,0.25188909984450103,0.6791030577652031,Benzenoids
M204T248_b,568,0.25188909984450103,0.6791030577652031,Benzenoids
M204T248_c,569,0.25188909984450103,0.6791030577652031,Benzenoids
M389T254_a,570,0.25191428187325526,0.8368508028956458,Organic acids and derivatives
M389T254_b,571,0.25191428187325526,0.8368508028956458,Lipids and lipid-like molecules
M389T254_c,572,0.25191428187325526,0.8368508028956458,Organic acids and derivatives
M389T254_d,573,0.25191428187325526,0.8368508028956458,Organic acids and derivatives
M355T270,574,0.2535144479011345,0.708937082202361,Organic oxygen compounds
M229T403,575,0.2543927337726845,1.1930243577166046,Organic acids and derivatives
M255T44,576,0.25567435110793546,1.1694567573625374,Lipids and lipid-like molecules
M444T299_a,577,0.25590826097270275,0.288162502243448,Organic oxygen compounds
M444T299_b,578,0.25590826097270275,0.288162502243448,Organic oxygen compounds
M352T427_a,579,0.25722609360074994,1.1619567904549426,Organic acids and derivatives
M352T427_b,580,0.25722609360074994,1.1619567904549426,Organic acids and derivatives
M145T502,581,0.26606263939654695,1.0740721395498518,Organic acids and derivatives
M329T478,582,0.26652573142146496,0.661513838514841,"Nucleosides, nucleotides, and analogues"
M274T313_a,583,0.2674366180744523,0.48223726986291127,Organic acids and derivatives
M274T313_b,584,0.2674366180744523,0.48223726986291127,"Nucleosides, nucleotides, and analogues"
M225T376_a,585,0.2733596549706553,0.7286535891463618,Organic oxygen compounds
M225T376_b,586,0.2733596549706553,0.7286535891463618,Organic oxygen compounds
M225T376_c,587,0.2733596549706553,0.7286535891463618,Lipids and lipid-like molecules
M402T377_1_a,588,0.2739098166232061,0.9448639712426672,Organic oxygen compounds
M402T377_1_b,589,0.2739098166232061,0.9448639712426672,Organic oxygen compounds
M312T364_a,590,0.2750868565370407,1.1026119365044549,Organic acids and derivatives
M312T364_b,591,0.2750868565370407,1.1026119365044549,Organic acids and derivatives
M356T447,592,0.27509275002999667,1.1342328364884544,Organic acids and derivatives
M378T132,593,0.2784069210982046,1.2521332142652004,Organic oxygen compounds
M274T327_2,594,0.2790051934038485,1.0796563382795967,Organic acids and derivatives
M252T292,595,0.2844950696699101,0.6853438472949948,Organic oxygen compounds
M283T252,596,0.28936478939104865,1.1268545434750916,"Nucleosides, nucleotides, and analogues"
M383T449,597,0.2897050224183905,0.779331748846301,Organic acids and derivatives
M137T40,598,0.2912741467568571,1.2425563288057195,Benzenoids
M465T337,599,0.2914522298754763,1.1553791332669339,"Nucleosides, nucleotides, and analogues"
M242T355_a,600,0.292018759507322,0.9251405056834626,Organic acids and derivatives
M242T355_b,601,0.292018759507322,0.9251405056834626,Organic acids and derivatives
M243T241,602,0.2936054657187882,1.0648747637509188,"Nucleosides, nucleotides, and analogues"
M203T281,603,0.29381157358649346,0.8982507327564688,Organic acids and derivatives
M334T284,604,0.29832699176989147,1.307496213081824,Organic acids and derivatives
M360T296,605,0.30369859707923097,1.1026921692982334,Organic acids and derivatives
M417T302_1_a,606,0.3044613058729764,1.262447271864252,Organic oxygen compounds
M417T302_1_b,607,0.3044613058729764,1.262447271864252,Organic oxygen compounds
M417T302_1_c,608,0.3044613058729764,1.262447271864252,Organic oxygen compounds
M417T302_1_d,609,0.3044613058729764,1.262447271864252,Organic oxygen compounds
M417T302_1_e,610,0.3044613058729764,1.262447271864252,Organic oxygen compounds
M417T302_1_f,611,0.3044613058729764,1.262447271864252,Organic oxygen compounds
M160T373_a,612,0.3052807102919968,1.2015211773074412,Organic acids and derivatives
M160T373_b,613,0.3052807102919968,1.2015211773074412,Organic acids and derivatives
M160T373_c,614,0.3052807102919968,1.2015211773074412,Organic acids and derivatives
M160T373_d,615,0.3052807102919968,1.2015211773074412,Organic oxygen compounds
M160T373_e,616,0.3052807102919968,1.2015211773074412,Organic oxygen compounds
M160T373_f,617,0.3052807102919968,1.2015211773074412,Organic oxygen compounds
M329T364,618,0.30920928254069946,1.0552142253558359,Organic acids and derivatives
M392T413_a,619,0.3123335704546089,0.9087993937023466,Organic acids and derivatives
M392T413_b,620,0.3123335704546089,0.9087993937023466,Lipids and lipid-like molecules
M392T413_c,621,0.3123335704546089,0.9087993937023466,Lipids and lipid-like molecules
M392T413_d,622,0.3123335704546089,0.9087993937023466,Lipids and lipid-like molecules
M580T337_1,623,0.3129262725330595,1.1000385612263162,"Nucleosides, nucleotides, and analogues"
M388T386_a,624,0.31353181339965447,0.8937735093123208,Organoheterocyclic compounds
M388T386_b,625,0.31353181339965447,0.8937735093123208,Organoheterocyclic compounds
M241T502,626,0.31754402680529986,1.0864218303663673,Organic acids and derivatives
M391T84,627,0.31977700475635534,1.115082642348134,Organic oxygen compounds
M126T246,628,0.32320438076284586,0.8876738775094338,Organoheterocyclic compounds
M422T279_a,629,0.3289977023585321,1.4258847425107877,Organoheterocyclic compounds
M422T279_b,630,0.3289977023585321,1.4258847425107877,Organoheterocyclic compounds
M464T144,631,0.3344217964649211,0.8918441882099039,Lipids and lipid-like molecules
M287T229,632,0.3346222271463615,1.2273128706136724,Organoheterocyclic compounds
M511T340,633,0.33499782668940536,1.06454077871802,Organoheterocyclic compounds
M111T84,634,0.34849711580911746,1.2951264171657906,Organoheterocyclic compounds
M365T128,635,0.35198381149701896,0.926825718177233,Organic oxygen compounds
M87T109,636,0.35242057242401587,1.5220627871199373,Hydrocarbons
M243T163,637,0.3550698627935883,1.1229253538260113,"Nucleosides, nucleotides, and analogues"
M522T485_a,638,0.358863814436432,1.0563088022835496,"Nucleosides, nucleotides, and analogues"
M522T485_b,639,0.358863814436432,1.0563088022835496,"Nucleosides, nucleotides, and analogues"
M522T485_c,640,0.358863814436432,1.0563088022835496,"Nucleosides, nucleotides, and analogues"
M522T485_d,641,0.358863814436432,1.0563088022835496,"Nucleosides, nucleotides, and analogues"
M205T260,642,0.3592278555813949,0.8821278830540935,Phenylpropanoids and polyketides
M427T249_a,643,0.36305234535828157,1.1251970933113955,"Nucleosides, nucleotides, and analogues"
M427T249_b,644,0.36305234535828157,1.1251970933113955,"Nucleosides, nucleotides, and analogues"
M427T249_c,645,0.36305234535828157,1.1251970933113955,"Nucleosides, nucleotides, and analogues"
M268T304,646,0.3702950492997603,1.2974451675353427,Organoheterocyclic compounds
M417T254,647,0.3714078846617973,1.118948175945093,Organic oxygen compounds
M347T495_a,648,0.3735115819547963,0.9095767769570908,Organic oxygen compounds
M347T495_b,649,0.3735115819547963,0.9095767769570908,Organic oxygen compounds
M347T495_c,650,0.3735115819547963,0.9095767769570908,Organic oxygen compounds
M173T352,651,0.37690922775535773,1.1600742336406684,Lipids and lipid-like molecules
M321T412_1,652,0.3807115808616456,1.0499853849137655,Organic oxygen compounds
M166T368_1_a,653,0.386266668930459,2.011168281432929,Organic acids and derivatives
M166T368_1_b,654,0.386266668930459,2.011168281432929,Organic acids and derivatives
M825T414_a,655,0.38791530694095844,0.8651756275037132,"Nucleosides, nucleotides, and analogues"
M825T414_b,656,0.38791530694095844,0.8651756275037132,"Nucleosides, nucleotides, and analogues"
M825T414_c,657,0.38791530694095844,0.8651756275037132,"Nucleosides, nucleotides, and analogues"
M825T414_d,658,0.38791530694095844,0.8651756275037132,"Nucleosides, nucleotides, and analogues"
M825T414_e,659,0.38791530694095844,0.8651756275037132,"Nucleosides, nucleotides, and analogues"
M825T414_f,660,0.38791530694095844,0.8651756275037132,"Nucleosides, nucleotides, and analogues"
M825T414_g,661,0.38791530694095844,0.8651756275037132,"Nucleosides, nucleotides, and analogues"
M386T381,662,0.39082959321623345,1.086363493433769,"Nucleosides, nucleotides, and analogues"
M185T502,663,0.39391204084288667,1.1004927700140166,Organic acids and derivatives
M344T257,664,0.3957709243375477,0.8383106815756136,Organic acids and derivatives
M218T264,665,0.3994941204273694,0.9597881766089693,Organic oxygen compounds
M454T440,666,0.4050890394541873,0.9127956421640208,Organic oxygen compounds
M195T353_a,667,0.40810901501115004,0.9715865921337371,Organic oxygen compounds
M195T353_b,668,0.40810901501115004,0.9715865921337371,Organic acids and derivatives
M195T353_c,669,0.40810901501115004,0.9715865921337371,Organic acids and derivatives
M195T353_d,670,0.40810901501115004,0.9715865921337371,Organic acids and derivatives
M195T353_e,671,0.40810901501115004,0.9715865921337371,Organic acids and derivatives
M195T353_f,672,0.40810901501115004,0.9715865921337371,Organic acids and derivatives
M167T364_2_a,673,0.4113868744145319,0.9642840586309251,Organic acids and derivatives
M167T364_2_b,674,0.4113868744145319,0.9642840586309251,Organic acids and derivatives
M167T364_2_c,675,0.4113868744145319,0.9642840586309251,Organic acids and derivatives
M167T364_2_d,676,0.4113868744145319,0.9642840586309251,Organic acids and derivatives
M604T337,677,0.4128288061233736,1.0565415064437003,Organoheterocyclic compounds
M146T275_a,678,0.41487806665590987,1.314694558085466,Organic acids and derivatives
M146T275_b,679,0.41487806665590987,1.314694558085466,Organic acids and derivatives
M146T275_c,680,0.41487806665590987,1.314694558085466,Organic acids and derivatives
M146T275_d,681,0.41487806665590987,1.314694558085466,Organic acids and derivatives
M146T275_e,682,0.41487806665590987,1.314694558085466,Organic acids and derivatives
M146T275_f,683,0.41487806665590987,1.314694558085466,Lipids and lipid-like molecules
M146T275_g,684,0.41487806665590987,1.314694558085466,Organic acids and derivatives
M308T412,685,0.4172506215401719,1.0707274188742177,Organoheterocyclic compounds
M155T275,686,0.4257117022624992,0.9807076645408488,Organic acids and derivatives
M306T352,687,0.4260207958043195,2.818880453857214,Organoheterocyclic compounds
M271T65,688,0.42713031930524237,0.9189943091190595,Lipids and lipid-like molecules
M146T249_a,689,0.43480809375999974,1.121802687793961,Organic acids and derivatives
M146T249_b,690,0.43480809375999974,1.121802687793961,Organic nitrogen compounds
M146T249_c,691,0.43480809375999974,1.121802687793961,Organic acids and derivatives
M289T299,692,0.4394430369863933,1.4033412796648657,"Nucleosides, nucleotides, and analogues"
M610T343_a,693,0.4399813535473194,1.0776167658856268,"Nucleosides, nucleotides, and analogues"
M610T343_b,694,0.4399813535473194,1.0776167658856268,"Nucleosides, nucleotides, and analogues"
M335T399_a,695,0.44165923874009305,1.0946002239447539,Organic oxygen compounds
M335T399_b,696,0.44165923874009305,1.0946002239447539,Organic oxygen compounds
M243T444,697,0.4433372945123385,0.9408776393689675,Organic oxygen compounds
M395T433_a,698,0.44945068275173605,1.0933474266397558,Organic oxygen compounds
M395T433_b,699,0.44945068275173605,1.0933474266397558,Organic oxygen compounds
M309T357_a,700,0.4503542600097238,1.0550033300257624,Organic acids and derivatives
M309T357_b,701,0.4503542600097238,1.0550033300257624,Organic acids and derivatives
M128T292_2,702,0.4515159735869406,1.0563908982519146,Organic acids and derivatives
M360T377,703,0.45233935332030695,0.9508790429456654,Organic oxygen compounds
M179T297_a,704,0.4545259039826247,0.9515079535856847,Organic oxygen compounds
M179T297_b,705,0.4545259039826247,0.9515079535856847,Organic oxygen compounds
M179T297_c,706,0.4545259039826247,0.9515079535856847,Organic oxygen compounds
M179T297_d,707,0.4545259039826247,0.9515079535856847,Organic oxygen compounds
M179T297_e,708,0.4545259039826247,0.9515079535856847,Organic oxygen compounds
M179T297_f,709,0.4545259039826247,0.9515079535856847,Organic oxygen compounds
M582T164_a,710,0.4560948464812853,0.9455438802767984,Lipids and lipid-like molecules
M582T164_b,711,0.4560948464812853,0.9455438802767984,Lipids and lipid-like molecules
M173T275,712,0.4614913985665434,0.8301367535106104,Organic acids and derivatives
M926T344_a,713,0.46156543390970994,1.065781523421831,"Nucleosides, nucleotides, and analogues"
M926T344_b,714,0.46156543390970994,1.065781523421831,"Nucleosides, nucleotides, and analogues"
M926T344_c,715,0.46156543390970994,1.065781523421831,"Nucleosides, nucleotides, and analogues"
M295T292,716,0.4624830815915345,1.07442182320254,Organoheterocyclic compounds
M311T348,717,0.4630556377586532,1.089904533867057,Organic oxygen compounds
M156T352,718,0.46548617913945467,0.935552411557793,Organic acids and derivatives
M883T291,719,0.4688793164539319,0.7588847706610224,Lipids and lipid-like molecules
M145T330_a,720,0.47482998150201006,0.4897421163522665,Organic acids and derivatives
M145T330_b,721,0.47482998150201006,0.4897421163522665,Organic acids and derivatives
M145T330_c,722,0.47482998150201006,0.4897421163522665,Organic acids and derivatives
M182T478,723,0.47515006630837997,0.9772533844301587,Organic nitrogen compounds
M297T40,724,0.4771349444761964,1.0361832433794667,Lipids and lipid-like molecules
M156T388_a,725,0.48248612741585784,1.1621891252177923,Organic acids and derivatives
M156T388_b,726,0.48248612741585784,1.1621891252177923,Organic acids and derivatives
M185T93,727,0.48802741940819816,0.8520108319931274,Benzenoids
M257T304_a,728,0.4901603601139345,1.21242320802168,Benzenoids
M257T304_b,729,0.4901603601139345,1.21242320802168,Benzenoids
M559T301_a,730,0.49190474680735274,1.1408550208492305,Organic oxygen compounds
M559T301_b,731,0.49190474680735274,1.1408550208492305,Organic oxygen compounds
M559T301_c,732,0.49190474680735274,1.1408550208492305,Organic oxygen compounds
M559T301_d,733,0.49190474680735274,1.1408550208492305,Organic oxygen compounds
M400T369_a,734,0.49338808353662134,0.9665811889492942,Organic acids and derivatives
M400T369_b,735,0.49338808353662134,0.9665811889492942,Organic oxygen compounds
M400T369_c,736,0.49338808353662134,0.9665811889492942,Organic oxygen compounds
M129T46,737,0.49742823147158277,0.9438912214114742,Organic acids and derivatives
M191T109,738,0.5026990953029971,1.0503198532984375,Benzenoids
M134T306,739,0.5035005229601928,0.9538617836657729,Organic acids and derivatives
M481T432_a,740,0.5069773471413619,0.814085254163619,Organic oxygen compounds
M481T432_b,741,0.5069773471413619,0.814085254163619,Organic oxygen compounds
M260T288_a,742,0.5101975166877002,1.0852494543487103,Organic acids and derivatives
M260T288_b,743,0.5101975166877002,1.0852494543487103,Organic acids and derivatives
M260T288_c,744,0.5101975166877002,1.0852494543487103,Organic acids and derivatives
M300T442,745,0.5171635614487381,1.1302217497455802,Organic oxygen compounds
M926T343_a,746,0.5174314797540833,1.0717656967601605,"Nucleosides, nucleotides, and analogues"
M926T343_b,747,0.5174314797540833,1.0717656967601605,"Nucleosides, nucleotides, and analogues"
M926T343_c,748,0.5174314797540833,1.0717656967601605,"Nucleosides, nucleotides, and analogues"
M160T119,749,0.5176443142725231,1.222801661908831,Benzenoids
M339T189,750,0.5181542985637239,0.8418668610919109,Phenylpropanoids and polyketides
M212T304,751,0.519292902350205,1.151429831183522,Organic acids and derivatives
M201T215_a,752,0.5233008043083798,0.905519825207172,Organic oxygen compounds
M201T215_b,753,0.5233008043083798,0.905519825207172,Organic acids and derivatives
M201T215_c,754,0.5233008043083798,0.905519825207172,Organic acids and derivatives
M288T264_a,755,0.5244120407705022,1.093902620459929,Organic acids and derivatives
M288T264_b,756,0.5244120407705022,1.093902620459929,Organic acids and derivatives
M288T264_c,757,0.5244120407705022,1.093902620459929,Organic acids and derivatives
M288T264_d,758,0.5244120407705022,1.093902620459929,Organic acids and derivatives
M288T264_e,759,0.5244120407705022,1.093902620459929,Organic acids and derivatives
M288T264_f,760,0.5244120407705022,1.093902620459929,Organic acids and derivatives
M288T264_g,761,0.5244120407705022,1.093902620459929,Organic acids and derivatives
M288T264_h,762,0.5244120407705022,1.093902620459929,Organic acids and derivatives
M383T252,763,0.5253840206786755,1.069821743062341,Organic acids and derivatives
M201T237_a,764,0.5275451408112256,0.852422250804133,Organoheterocyclic compounds
M201T237_b,765,0.5275451408112256,0.852422250804133,Organoheterocyclic compounds
M121T104_a,766,0.5292971874559882,0.9331151718678266,Benzenoids
M121T104_b,767,0.5292971874559882,0.9331151718678266,Organic oxygen compounds
M121T104_c,768,0.5292971874559882,0.9331151718678266,Organic oxygen compounds
M121T104_d,769,0.5292971874559882,0.9331151718678266,Organic oxygen compounds
M121T104_e,770,0.5292971874559882,0.9331151718678266,Organosulfur compounds
M173T493,771,0.5299708802425948,1.0345110732491491,Organic acids and derivatives
M258T386_2,772,0.536617943587576,0.9113365698913594,Organic acids and derivatives
M390T249,773,0.5369651718774454,1.0560268025250223,Organic acids and derivatives
M204T272,774,0.5369979772797011,1.0464506038810564,Lipids and lipid-like molecules
M214T304_a,775,0.5389050154045769,1.124687988852608,Lipids and lipid-like molecules
M214T304_b,776,0.5389050154045769,1.124687988852608,Lipids and lipid-like molecules
M214T304_c,777,0.5389050154045769,1.124687988852608,Organic acids and derivatives
M141T218_2_a,778,0.5419501380486037,1.2555571574307232,Organic acids and derivatives
M141T218_2_b,779,0.5419501380486037,1.2555571574307232,Organic acids and derivatives
M281T265,780,0.5433012925916068,0.9682645464542243,Organic oxygen compounds
M308T353,781,0.5509799411759462,1.1162168280170242,Organoheterocyclic compounds
M359T350_a,782,0.5511203183640633,1.21406121979228,Organic oxygen compounds
M359T350_b,783,0.5511203183640633,1.21406121979228,Organic oxygen compounds
M359T350_c,784,0.5511203183640633,1.21406121979228,Organic oxygen compounds
M359T350_d,785,0.5511203183640633,1.21406121979228,Lipids and lipid-like molecules
M166T110,786,0.5528196558483185,1.0713040793283362,Organoheterocyclic compounds
M102T277_a,787,0.5550257786718027,1.1907531050339255,Organic acids and derivatives
M102T277_b,788,0.5550257786718027,1.1907531050339255,Organic nitrogen compounds
M355T149,789,0.5588299557142424,1.0364835903263039,Organic oxygen compounds
M178T264_a,790,0.5638678305333109,0.9478898561634627,Organic oxygen compounds
M178T264_b,791,0.5638678305333109,0.9478898561634627,Organic oxygen compounds
M178T264_c,792,0.5638678305333109,0.9478898561634627,Organic oxygen compounds
M179T385,793,0.5649482706692113,0.9768392737811036,Organic oxygen compounds
M325T59,794,0.5656302302187517,0.9657714733211795,Lipids and lipid-like molecules
M186T223,795,0.5666212695955997,0.6693551430958722,Organic oxygen compounds
M171T296,796,0.5684895634232148,0.8463737287853632,Organic oxygen compounds
M250T385,797,0.5713281967347514,1.4811464463843353,Organic acids and derivatives
M168T111_2,798,0.5714507017848652,1.0417331791461775,Organoheterocyclic compounds
M337T423,799,0.5752102596587225,1.112472605655416,Organic oxygen compounds
M261T249_1,800,0.5758424500816351,1.2699129605318749,Benzenoids
M221T276,801,0.585253118299041,0.871323281695781,Organoheterocyclic compounds
M132T297,802,0.5853104534212947,1.1762033491858177,Organic acids and derivatives
M256T425,803,0.5860435147622626,1.031487736710652,Organic acids and derivatives
M123T479,804,0.5862068501842126,1.027220745631026,Organic acids and derivatives
M219T244,805,0.5914733201544103,0.8082824613948894,Organic acids and derivatives
M328T272,806,0.5916977796493506,1.096816228089852,Organic oxygen compounds
M151T243_a,807,0.59804187730502,1.063919997340817,Organic oxygen compounds
M151T243_b,808,0.59804187730502,1.063919997340817,Organic oxygen compounds
M385T398,809,0.5991787618271802,0.9633820166034578,"Nucleosides, nucleotides, and analogues"
M174T233,810,0.6017204908538487,1.0761042421800555,Alkaloids and derivatives
M283T43,811,0.6045842061577675,1.0530629138819838,Lipids and lipid-like molecules
M186T270_a,812,0.6053946148022652,1.0705213122127037,Organic nitrogen compounds
M186T270_b,813,0.6053946148022652,1.0705213122127037,Organoheterocyclic compounds
M558T417,814,0.6072081437265826,0.9152444299957683,"Nucleosides, nucleotides, and analogues"
M196T224,815,0.6089858942941924,0.8084266628439952,Organoheterocyclic compounds
M273T245,816,0.6108103821312187,1.1277580177939897,Organic acids and derivatives
M205T347,817,0.613407009228604,0.9692814784014759,Organic acids and derivatives
M133T403,818,0.6144062127849761,0.9585090859610031,Organic acids and derivatives
M394T386_a,819,0.6147421584034846,0.9779881434309148,Organic oxygen compounds
M394T386_b,820,0.6147421584034846,0.9779881434309148,Organic oxygen compounds
M394T386_c,821,0.6147421584034846,0.9779881434309148,Organic oxygen compounds
M394T386_d,822,0.6147421584034846,0.9779881434309148,Organic oxygen compounds
M394T386_e,823,0.6147421584034846,0.9779881434309148,Organic oxygen compounds
M394T386_f,824,0.6147421584034846,0.9779881434309148,Organic oxygen compounds
M394T386_g,825,0.6147421584034846,0.9779881434309148,Organic oxygen compounds
M394T386_h,826,0.6147421584034846,0.9779881434309148,Organic oxygen compounds
M394T386_i,827,0.6147421584034846,0.9779881434309148,Organic oxygen compounds
M394T386_j,828,0.6147421584034846,0.9779881434309148,Organic oxygen compounds
M892T390,829,0.6164903756036881,1.0604914721197316,"Nucleosides, nucleotides, and analogues"
M366T370,830,0.6172809909353618,0.9684789084678427,"Nucleosides, nucleotides, and analogues"
M115T215,831,0.6188588308812744,0.9578337382626805,Organic acids and derivatives
M163T307,832,0.6223046888287561,1.0228942257928173,Organic acids and derivatives
M331T357,833,0.6234746505242718,1.0388849053419658,Phenylpropanoids and polyketides
M317T273,834,0.6278771953125704,0.7667170545912952,Organic oxygen compounds
M125T364_a,835,0.6357359265525022,1.02455777753317,Organic acids and derivatives
M125T364_b,836,0.6357359265525022,1.02455777753317,Organic acids and derivatives
M356T367,837,0.637203884772527,1.0315214914909203,Lipids and lipid-like molecules
M271T46_2,838,0.6383317472489185,0.9519158644872386,Lipids and lipid-like molecules
M178T305_a,839,0.6416120060433081,1.0819318702293166,Lipids and lipid-like molecules
M178T305_b,840,0.6416120060433081,1.0819318702293166,Organoheterocyclic compounds
M133T222_a,841,0.6416417381731692,0.928929761580931,Organic acids and derivatives
M133T222_b,842,0.6416417381731692,0.928929761580931,Organic acids and derivatives
M125T298_a,843,0.6434990098570281,1.0727623470676415,Organic acids and derivatives
M125T298_b,844,0.6434990098570281,1.0727623470676415,Organic acids and derivatives
M125T298_c,845,0.6434990098570281,1.0727623470676415,Organic acids and derivatives
M125T298_d,846,0.6434990098570281,1.0727623470676415,Lipids and lipid-like molecules
M125T298_e,847,0.6434990098570281,1.0727623470676415,Organic acids and derivatives
M125T298_f,848,0.6434990098570281,1.0727623470676415,Organic acids and derivatives
M125T298_g,849,0.6434990098570281,1.0727623470676415,Organic oxygen compounds
M177T215_a,850,0.6481761644073407,0.9719606852942723,Organoheterocyclic compounds
M177T215_b,851,0.6481761644073407,0.9719606852942723,Organoheterocyclic compounds
M263T263,852,0.6485848163033042,1.349979287303445,Organoheterocyclic compounds
M373T284_a,853,0.6489804838074509,1.073025343272258,Lipids and lipid-like molecules
M373T284_b,854,0.6489804838074509,1.073025343272258,Lipids and lipid-like molecules
M373T284_c,855,0.6489804838074509,1.073025343272258,Lipids and lipid-like molecules
M373T284_d,856,0.6489804838074509,1.073025343272258,Lipids and lipid-like molecules
M386T408,857,0.64922761956484,0.9615435246298242,Organic oxygen compounds
M372T399,858,0.6496657977465852,1.0374547352318912,Organoheterocyclic compounds
M285T303,859,0.6499770497312303,1.1260203724294897,Organic acids and derivatives
M415T132,860,0.6512929246207653,1.0367853249955403,Organic oxygen compounds
M242T478,861,0.6515038425052879,0.9831105442145559,Organic acids and derivatives
M179T260_a,862,0.6534646251205884,0.9552285808273075,Organic oxygen compounds
M179T260_b,863,0.6534646251205884,0.9552285808273075,Organic oxygen compounds
M179T260_c,864,0.6534646251205884,0.9552285808273075,Organic oxygen compounds
M179T260_d,865,0.6534646251205884,0.9552285808273075,Organic oxygen compounds
M179T260_e,866,0.6534646251205884,0.9552285808273075,Organic oxygen compounds
M179T260_f,867,0.6534646251205884,0.9552285808273075,Organic oxygen compounds
M179T260_g,868,0.6534646251205884,0.9552285808273075,Organic oxygen compounds
M243T413_1_a,869,0.6562499918885523,1.1261996437691628,Organic acids and derivatives
M243T413_1_b,870,0.6562499918885523,1.1261996437691628,Organic acids and derivatives
M244T230_2,871,0.6567453516697452,0.9409398818596664,Organic acids and derivatives
M218T295_a,872,0.6596428723820297,1.2346355930100819,Organic acids and derivatives
M218T295_b,873,0.6596428723820297,1.2346355930100819,Organic acids and derivatives
M226T292,874,0.6607130177341356,0.9781194422135335,Lipids and lipid-like molecules
M164T249,875,0.6669273451496374,1.0338608180850057,Organic acids and derivatives
M61T325,876,0.6679343858014222,1.082769709581261,Organic acids and derivatives
M151T36,877,0.6701348661794838,1.0403359209960152,Benzenoids
M369T290_a,878,0.6711714740632442,1.0325760819077567,Organic acids and derivatives
M369T290_b,879,0.6711714740632442,1.0325760819077567,Lipids and lipid-like molecules
M369T290_c,880,0.6711714740632442,1.0325760819077567,Lipids and lipid-like molecules
M369T290_d,881,0.6711714740632442,1.0325760819077567,Lipids and lipid-like molecules
M619T489,882,0.6747056403619474,1.0375831736901542,"Nucleosides, nucleotides, and analogues"
M173T381,883,0.6749796112812094,1.120568341113282,Organic acids and derivatives
M237T303_a,884,0.6772324777557949,1.1219264245486829,Organic acids and derivatives
M237T303_b,885,0.6772324777557949,1.1219264245486829,Organic acids and derivatives
M237T303_c,886,0.6772324777557949,1.1219264245486829,Organic acids and derivatives
M237T303_d,887,0.6772324777557949,1.1219264245486829,Organic acids and derivatives
M237T303_e,888,0.6772324777557949,1.1219264245486829,Organic acids and derivatives
M237T303_f,889,0.6772324777557949,1.1219264245486829,Organic oxygen compounds
M237T303_g,890,0.6772324777557949,1.1219264245486829,Organic oxygen compounds
M237T303_h,891,0.6772324777557949,1.1219264245486829,Organic acids and derivatives
M237T303_i,892,0.6772324777557949,1.1219264245486829,Organic acids and derivatives
M237T303_j,893,0.6772324777557949,1.1219264245486829,Organic oxygen compounds
M124T287_2,894,0.6829427225448419,0.9863578925960095,Organic acids and derivatives
M160T266_a,895,0.6846584283274474,0.9752077557415085,Organic oxygen compounds
M160T266_b,896,0.6846584283274474,0.9752077557415085,Organic oxygen compounds
M160T266_c,897,0.6846584283274474,0.9752077557415085,Organic oxygen compounds
M213T81,898,0.6874153069835778,1.0232871406017536,Benzenoids
M190T238_a,899,0.6968705563734099,1.1038618260513666,Benzenoids
M190T238_b,900,0.6968705563734099,1.1038618260513666,Benzenoids
M427T340,901,0.6988986055218109,1.0210333746174003,"Nucleosides, nucleotides, and analogues"
M886T340_2_a,902,0.7021148653230869,1.0290517140246915,"Nucleosides, nucleotides, and analogues"
M886T340_2_b,903,0.7021148653230869,1.0290517140246915,"Nucleosides, nucleotides, and analogues"
M886T340_2_c,904,0.7021148653230869,1.0290517140246915,"Nucleosides, nucleotides, and analogues"
M346T297_a,905,0.7024516725459851,0.9136756732822869,"Nucleosides, nucleotides, and analogues"
M346T297_b,906,0.7024516725459851,0.9136756732822869,"Nucleosides, nucleotides, and analogues"
M346T297_c,907,0.7024516725459851,0.9136756732822869,"Nucleosides, nucleotides, and analogues"
M346T297_d,908,0.7024516725459851,0.9136756732822869,"Nucleosides, nucleotides, and analogues"
M346T297_e,909,0.7024516725459851,0.9136756732822869,"Nucleosides, nucleotides, and analogues"
M173T311_a,910,0.7072080633165745,1.1339731537449977,Organic acids and derivatives
M173T311_b,911,0.7072080633165745,1.1339731537449977,Organic acids and derivatives
M179T86_a,912,0.7150587450853366,0.9361998788176801,Benzenoids
M179T86_b,913,0.7150587450853366,0.9361998788176801,Benzenoids
M395T259,914,0.7188239386305327,1.0419064887700038,Organic acids and derivatives
M236T408_a,915,0.7196814230608953,0.9502064796435207,Organic acids and derivatives
M236T408_b,916,0.7196814230608953,0.9502064796435207,Organic acids and derivatives
M192T196,917,0.7205628417622694,1.0963487419459383,Organic acids and derivatives
M224T296_a,918,0.7243169476777731,1.0382557250923965,"Nucleosides, nucleotides, and analogues"
M224T296_b,919,0.7243169476777731,1.0382557250923965,Organic acids and derivatives
M166T264,920,0.7247890806389297,0.9576678979556033,Organic oxygen compounds
M397T260,921,0.727282645615037,0.9538979468816303,Organic acids and derivatives
M368T352_2,922,0.7275477195255746,1.0647355392117894,Organic acids and derivatives
M219T168,923,0.7345210222276484,1.1110856703422745,Organoheterocyclic compounds
M345T340_a,924,0.7354785009984028,1.0170920120306346,Organic oxygen compounds
M345T340_b,925,0.7354785009984028,1.0170920120306346,"Nucleosides, nucleotides, and analogues"
M345T340_c,926,0.7354785009984028,1.0170920120306346,"Nucleosides, nucleotides, and analogues"
M345T340_d,927,0.7354785009984028,1.0170920120306346,Organic oxygen compounds
M286T240,928,0.7361785101541396,1.0278907771728658,Organic acids and derivatives
M344T275,929,0.740238983239347,1.0328182673654902,Organic acids and derivatives
M381T360,930,0.7430368535908161,1.0636168589809762,"Nucleosides, nucleotides, and analogues"
M183T295_a,931,0.7445690265092778,1.0786630960458419,Organic acids and derivatives
M183T295_b,932,0.7445690265092778,1.0786630960458419,Organic acids and derivatives
M183T295_c,933,0.7445690265092778,1.0786630960458419,Organic acids and derivatives
M183T295_d,934,0.7445690265092778,1.0786630960458419,Lipids and lipid-like molecules
M183T295_e,935,0.7445690265092778,1.0786630960458419,Lipids and lipid-like molecules
M183T295_f,936,0.7445690265092778,1.0786630960458419,Lipids and lipid-like molecules
M183T295_g,937,0.7445690265092778,1.0786630960458419,Lipids and lipid-like molecules
M183T295_h,938,0.7445690265092778,1.0786630960458419,Lipids and lipid-like molecules
M183T295_i,939,0.7445690265092778,1.0786630960458419,Lipids and lipid-like molecules
M183T295_j,940,0.7445690265092778,1.0786630960458419,Organic oxygen compounds
M150T382,941,0.7450341496204743,1.0664312952548456,Organic acids and derivatives
M265T355_a,942,0.7523506547587117,0.9771788396345595,Organic oxygen compounds
M265T355_b,943,0.7523506547587117,0.9771788396345595,Organic oxygen compounds
M144T216,944,0.7649281286668941,1.098070231890553,Organic acids and derivatives
M199T293_a,945,0.7692300900751582,0.9730193596221688,Organic acids and derivatives
M199T293_b,946,0.7692300900751582,0.9730193596221688,Organic acids and derivatives
M199T293_c,947,0.7692300900751582,0.9730193596221688,Organic acids and derivatives
M199T293_d,948,0.7692300900751582,0.9730193596221688,Organic acids and derivatives
M290T356_a,949,0.7694039943959139,0.9633969775266135,Organic acids and derivatives
M290T356_b,950,0.7694039943959139,0.9633969775266135,Organic acids and derivatives
M158T360_a,951,0.7734194327719051,1.0616910711086733,Lipids and lipid-like molecules
M158T360_b,952,0.7734194327719051,1.0616910711086733,Organic acids and derivatives
M158T360_c,953,0.7734194327719051,1.0616910711086733,Organic acids and derivatives
M204T266_a,954,0.779561995497568,1.02716493802362,Organic acids and derivatives
M204T266_b,955,0.779561995497568,1.02716493802362,Organic acids and derivatives
M261T352_a,956,0.7799544599803717,1.0367035045445527,Organic acids and derivatives
M261T352_b,957,0.7799544599803717,1.0367035045445527,Benzenoids
M201T277_a,958,0.7817842349149471,1.0522053610072377,Organic oxygen compounds
M201T277_b,959,0.7817842349149471,1.0522053610072377,Organic acids and derivatives
M201T277_c,960,0.7817842349149471,1.0522053610072377,Organic acids and derivatives
M169T249,961,0.7833269339011737,1.088122514212907,Benzenoids
M259T249_a,962,0.7863131350705693,0.9836561755745638,Organic acids and derivatives
M259T249_b,963,0.7863131350705693,0.9836561755745638,Organic acids and derivatives
M149T364,964,0.7865576106529034,1.034602802367806,Organic acids and derivatives
M250T370,965,0.7895111865436506,0.9511939402507957,Organic acids and derivatives
M242T315,966,0.7899002852088958,0.9381117549024616,Organic acids and derivatives
M408T407_a,967,0.7986891699189769,0.9768991220237155,"Nucleosides, nucleotides, and analogues"
M408T407_b,968,0.7986891699189769,0.9768991220237155,"Nucleosides, nucleotides, and analogues"
M307T459,969,0.7989319689850647,1.0390703300874786,Organic acids and derivatives
M357T272_a,970,0.8073464283651121,1.0195539709530508,Lipids and lipid-like molecules
M357T272_b,971,0.8073464283651121,1.0195539709530508,Organic oxygen compounds
M134T272,972,0.8089099015341332,0.9741117810387417,Organic acids and derivatives
M227T439,973,0.8101021019610247,1.0121123162440888,Organic acids and derivatives
M871T377_2_a,974,0.810595365364039,1.0213618695157143,Organic oxygen compounds
M871T377_2_b,975,0.810595365364039,1.0213618695157143,Organic oxygen compounds
M275T44,976,0.8111693465739035,0.9427096861639249,Lipids and lipid-like molecules
M103T243_a,977,0.817403562188206,1.044631572887608,Organic oxygen compounds
M103T243_b,978,0.817403562188206,1.044631572887608,Organoheterocyclic compounds
M103T243_c,979,0.817403562188206,1.044631572887608,Organic acids and derivatives
M103T243_d,980,0.817403562188206,1.044631572887608,Organic acids and derivatives
M103T243_e,981,0.817403562188206,1.044631572887608,Lipids and lipid-like molecules
M103T243_f,982,0.817403562188206,1.044631572887608,Organic acids and derivatives
M103T243_g,983,0.817403562188206,1.044631572887608,Organic acids and derivatives
M103T243_h,984,0.817403562188206,1.044631572887608,Organic acids and derivatives
M237T440,985,0.8198580896284593,1.0104530175265136,Organic oxygen compounds
M378T427,986,0.8238636135312644,1.0314222475893549,Organic acids and derivatives
M217T248_a,987,0.8242142559456851,0.9605917267356117,Organic acids and derivatives
M217T248_b,988,0.8242142559456851,0.9605917267356117,Organic acids and derivatives
M217T248_c,989,0.8242142559456851,0.9605917267356117,Organic oxygen compounds
M353T390,990,0.8276914136591632,0.9729864748632568,"Nucleosides, nucleotides, and analogues"
M130T213,991,0.8302131526391519,1.0762864967142578,Organic acids and derivatives
M417T302_2_a,992,0.8322040884512834,0.9697133909242336,Benzenoids
M417T302_2_b,993,0.8322040884512834,0.9697133909242336,Benzenoids
M361T361,994,0.8324328720199129,0.9592346024588835,Organoheterocyclic compounds
M117T382,995,0.8336868429950258,1.0062058416281505,Organic acids and derivatives
M208T212_a,996,0.8356315118167624,1.0521391462599925,Organic acids and derivatives
M208T212_b,997,0.8356315118167624,1.0521391462599925,Benzenoids
M208T212_c,998,0.8356315118167624,1.0521391462599925,Organic acids and derivatives
M343T250,999,0.8401206953086419,1.0204316632984558,Organic acids and derivatives
M386T364,1000,0.8437965632179489,1.0635540990809456,Organic acids and derivatives
M161T368,1001,0.8444489395695559,0.9809509268445769,Lipids and lipid-like molecules
M157T276_a,1002,0.8470251604449371,1.0680272645591482,Organic oxygen compounds
M157T276_b,1003,0.8470251604449371,1.0680272645591482,Organic oxygen compounds
M157T276_c,1004,0.8470251604449371,1.0680272645591482,Organic oxygen compounds
M383T254,1005,0.8479434412534262,1.0173807792753706,Organic oxygen compounds
M287T93_a,1006,0.8544156239926367,0.9577062853941676,Benzenoids
M287T93_b,1007,0.8544156239926367,0.9577062853941676,Benzenoids
M246T169,1008,0.8620867706210924,0.968830827541956,Organoheterocyclic compounds
M386T348,1009,0.8652694544432877,1.0587734531842679,Organic acids and derivatives
M143T339_a,1010,0.8657728300681101,0.9926782537929417,Organic acids and derivatives
M143T339_b,1011,0.8657728300681101,0.9926782537929417,Organic acids and derivatives
M143T339_c,1012,0.8657728300681101,0.9926782537929417,Organic acids and derivatives
M238T249,1013,0.8693060820800598,1.0049586388045142,Organic acids and derivatives
M494T340,1014,0.873330402631824,0.9928099149997198,Organoheterocyclic compounds
M221T222,1015,0.8750385383331496,0.987994842008967,Organoheterocyclic compounds
M357T361_a,1016,0.8781663779942428,0.942308121806115,Lipids and lipid-like molecules
M357T361_b,1017,0.8781663779942428,0.942308121806115,Organic oxygen compounds
M187T307,1018,0.8791565597972747,1.0387663591001706,Organic acids and derivatives
M744T337_1,1019,0.8793267018452258,1.0212716033783817,"Nucleosides, nucleotides, and analogues"
M217T411,1020,0.8894634029738471,1.0150465173535772,Organic acids and derivatives
M113T297_a,1021,0.8918006106154139,0.9892102654437288,Organic acids and derivatives
M113T297_b,1022,0.8918006106154139,0.9892102654437288,Lipids and lipid-like molecules
M113T297_c,1023,0.8918006106154139,0.9892102654437288,Organic acids and derivatives
M113T297_d,1024,0.8918006106154139,0.9892102654437288,Organic acids and derivatives
M113T297_e,1025,0.8918006106154139,0.9892102654437288,Organic acids and derivatives
M113T297_f,1026,0.8918006106154139,0.9892102654437288,Organic acids and derivatives
M113T297_g,1027,0.8918006106154139,0.9892102654437288,Organic acids and derivatives
M611T487,1028,0.8947463499547961,1.0078846460646695,Organic acids and derivatives
M382T323_a,1029,0.9014518415200918,0.9588516297868903,Organic oxygen compounds
M382T323_b,1030,0.9014518415200918,0.9588516297868903,Organic oxygen compounds
M258T258,1031,0.9025918247532259,0.9673330720391413,Organic acids and derivatives
M395T294_a,1032,0.9065513259146321,0.9928768860682176,Lipids and lipid-like molecules
M395T294_b,1033,0.9065513259146321,0.9928768860682176,Lipids and lipid-like molecules
M395T294_c,1034,0.9065513259146321,0.9928768860682176,Lipids and lipid-like molecules
M395T294_d,1035,0.9065513259146321,0.9928768860682176,Lipids and lipid-like molecules
M395T294_e,1036,0.9065513259146321,0.9928768860682176,Organic oxygen compounds
M395T294_f,1037,0.9065513259146321,0.9928768860682176,Lipids and lipid-like molecules
M395T294_g,1038,0.9065513259146321,0.9928768860682176,Organic oxygen compounds
M395T294_h,1039,0.9065513259146321,0.9928768860682176,Organic oxygen compounds
M337T276,1040,0.9068227029369976,1.0065588358426172,Organic acids and derivatives
M263T43,1041,0.9112006534453969,0.9758585710977842,Benzenoids
M206T132,1042,0.9140259462802398,1.0246323402995958,Organic acids and derivatives
M244T169,1043,0.9144066003675957,0.9807031632525733,"Nucleosides, nucleotides, and analogues"
M289T460_a,1044,0.915982700098321,0.9951229416695491,Organic oxygen compounds
M289T460_b,1045,0.915982700098321,0.9951229416695491,Organic acids and derivatives
M289T460_c,1046,0.915982700098321,0.9951229416695491,Organic oxygen compounds
M289T460_d,1047,0.915982700098321,0.9951229416695491,Organic oxygen compounds
M289T460_e,1048,0.915982700098321,0.9951229416695491,Organic oxygen compounds
M224T424,1049,0.9162661333738269,1.0069689779109163,Organic acids and derivatives
M478T390_a,1050,0.9163897921973558,1.016327411069807,"Nucleosides, nucleotides, and analogues"
M478T390_b,1051,0.9163897921973558,1.016327411069807,"Nucleosides, nucleotides, and analogues"
M141T304_a,1052,0.921396202535398,1.0242952373474012,Organic oxygen compounds
M141T304_b,1053,0.921396202535398,1.0242952373474012,Organic oxygen compounds
M141T304_c,1054,0.921396202535398,1.0242952373474012,Organic oxygen compounds
M253T276,1055,0.9246876577017511,1.0315208929214528,Organic oxygen compounds
M207T267_a,1056,0.9247372315577442,1.029019311904568,Organic oxygen compounds
M207T267_b,1057,0.9247372315577442,1.029019311904568,Organic oxygen compounds
M228T164_a,1058,0.9281004096420464,1.011905454687375,Organic oxygen compounds
M228T164_b,1059,0.9281004096420464,1.011905454687375,Benzenoids
M266T274,1060,0.9347345650224188,0.9718214184165942,Organic oxygen compounds
M506T452,1061,0.9354991274110571,1.0202094940324289,"Nucleosides, nucleotides, and analogues"
M211T285_a,1062,0.9374735423041254,0.9958420905202315,Lipids and lipid-like molecules
M211T285_b,1063,0.9374735423041254,0.9958420905202315,Lipids and lipid-like molecules
M211T285_c,1064,0.9374735423041254,0.9958420905202315,Lipids and lipid-like molecules
M211T285_d,1065,0.9374735423041254,0.9958420905202315,Lipids and lipid-like molecules
M211T285_e,1066,0.9374735423041254,0.9958420905202315,Organic acids and derivatives
M145T363_a,1067,0.9392970775707608,1.0191316724472264,Organic acids and derivatives
M145T363_b,1068,0.9392970775707608,1.0191316724472264,Organic acids and derivatives
M145T363_c,1069,0.9392970775707608,1.0191316724472264,Organic acids and derivatives
M180T290_2,1070,0.9395796603075259,1.0040943940284188,Organic acids and derivatives
M603T489,1071,0.9419952440112176,0.9965476754238292,"Nucleosides, nucleotides, and analogues"
M555T288_a,1072,0.9450581554398201,0.9887420559789124,Organic acids and derivatives
M555T288_b,1073,0.9450581554398201,0.9887420559789124,Organic acids and derivatives
M555T288_c,1074,0.9450581554398201,0.9887420559789124,Organic acids and derivatives
M555T288_d,1075,0.9450581554398201,0.9887420559789124,Organic acids and derivatives
M208T125,1076,0.9487789714998295,1.007947185718668,Organoheterocyclic compounds
M781T424,1077,0.9514577883422266,0.996863431660611,"Nucleosides, nucleotides, and analogues"
M386T343_a,1078,0.9521029924499393,1.004065620626483,Organoheterocyclic compounds
M386T343_b,1079,0.9521029924499393,1.004065620626483,Organoheterocyclic compounds
M335T363,1080,0.9521157516918604,1.002845396817503,Organic oxygen compounds
M311T40_2_a,1081,0.9601779922693976,0.9965300728429044,Lipids and lipid-like molecules
M311T40_2_b,1082,0.9601779922693976,0.9965300728429044,Lipids and lipid-like molecules
M180T348_a,1083,0.9618932713832243,0.9961858942737203,Lipids and lipid-like molecules
M180T348_b,1084,0.9618932713832243,0.9961858942737203,Organic acids and derivatives
M180T348_c,1085,0.9618932713832243,0.9961858942737203,Organic acids and derivatives
M180T348_d,1086,0.9618932713832243,0.9961858942737203,Organic acids and derivatives
M137T102_a,1087,0.9629486958266691,0.9891271840687357,Benzenoids
M137T102_b,1088,0.9629486958266691,0.9891271840687357,Benzenoids
M137T102_c,1089,0.9629486958266691,0.9891271840687357,Organic oxygen compounds
M137T102_d,1090,0.9629486958266691,0.9891271840687357,Organic oxygen compounds
M405T264,1091,0.9702814839819119,1.003564233484074,Organic oxygen compounds
M203T249,1092,0.9818450627989322,1.0018105969736286,Organoheterocyclic compounds
M165T270_a,1093,0.9830881261082988,0.997322006519077,Benzenoids
M165T270_b,1094,0.9830881261082988,0.997322006519077,Benzenoids
M141T243_a,1095,0.9849172263985049,1.0029849560561857,Organic acids and derivatives
M141T243_b,1096,0.9849172263985049,1.0029849560561857,Organic acids and derivatives
M335T447,1097,0.9898579251423336,1.0019948994246155,Organic acids and derivatives
M154T370,1098,0.9914279230523919,0.9995066540028307,Organic acids and derivatives
M239T233_a,1099,0.9961281755639937,1.0005862629045499,Organic oxygen compounds
M239T233_b,1100,0.9961281755639937,1.0005862629045499,Organic oxygen compounds
