peak_name	mz	rt	id_kegg	isotope	adduct	formula	with_ms2	label
M167T213	167.0568	213.2	C16353;C16357	[M];[M]	[M+H]+;[M+H]+	C6H6N4O2	TRUE	seed_peak
M181T81_2	181.0719	81.4	C07130;C13747	[M];[M]	[M+H]+;[M+H]+	C7H8N4O2	TRUE	seed_peak
M162T645_2	162.1127	645	C00318	[M]	[M+H]+	C7H15NO3	TRUE	seed_peak
M204T550	204.1231	550.3	C02571	[M]	[M+H]+	C9H18NO4	TRUE	seed_peak
M288T355	288.2148	355.4	C02838	[M]	[M+H]+	C15H29NO4	TRUE	known_peak
M310T354	310.2007	353.8	C02838	[M]	[M+Na]+	C15H29NO4	TRUE	known_peak
M310T380_2	310.1987	379.7	C02838	[M]	[M+Na]+	C15H29NO4	TRUE	known_peak
M114T289_2	114.067	289.4	C00791	[M]	[M+H]+	C4H7N3O	TRUE	seed_peak
M118T638_2	118.0612	638	C00581	[M]	[M+H]+	C3H7N3O2	TRUE	seed_peak
M132T630_2	132.0767	630.1	C00300	[M]	[M+H]+	C4H9N3O2	TRUE	seed_peak
M123T88_2	123.0546	87.8	C00153	[M]	[M+H]+	C6H6N2O	TRUE	seed_peak
M138T511_2	138.055	510.6	C01004	[M]	[M+H]+	C7H7NO2	TRUE	seed_peak
M163T131	163.1221	131.5	C00745	[M]	[M+H]+	C10H14N2	TRUE	seed_peak
M149T419	149.1065	419.1	C03065;C06524	[M];[M]	[M+NH4]+;[M+H]+	C4H9N3O2;C9H12N2	TRUE	known_peak
M153T135	153.0655	134.9	C05842	[M]	[M+H]+	C7H8N2O2	TRUE	seed_peak
M153T374	153.0397	374.3	C00385	[M]	[M+H]+	C5H4N4O2	TRUE	seed_peak
M167T187	167.0563	186.8	C16358	[M]	[M+H]+	C6H6N4O2	TRUE	seed_peak
M137T294	137.0449	293.7	C00262	[M]	[M+H]+	C5H4N4O	TRUE	seed_peak
M169T586_2	169.0354	586	C00366	[M]	[M+H]+	C5H4N4O3	TRUE	seed_peak
M285T555	285.081	555.3	C01762	[M]	[M+H]+	C10H12N4O6	TRUE	seed_peak
M184T68	184.0604	67.6	C00847	[M]	[M+H]+	C8H9NO4	TRUE	seed_peak
M185T217_2	185.0911	217.3	KeggExd124919;KeggExd086594;C00250;C06051	[M];[M];[M];[M]	[M+NH4]+;[M+NH4]+;[M+NH4]+;[M+NH4]+	C8H9NO3	TRUE	unknown_peak
M143T252	143.0806	251.6	C14602;C18351;C14604	[M];[M];[M]	[M+NH4]+;[M+NH4]+;[M+NH4]+	C6H7NO2	TRUE	known_peak
M143T311	143.0808	311.1	KeggExd007826;C18351;C14604;C14602	[M];[M];[M];[M]	[M+NH4]+;[M+NH4]+;[M+NH4]+;[M+NH4]+	C6H7NO2	TRUE	unknown_peak
M184T398	184.0593	398.4	C04773;C00919;KeggExd065672	[M];[M];[M]	[M+H]+;[M+H]+;[M+H]+	C8H9NO4;C5H13NO4S	TRUE	unknown_peak
M168T258	168.0646	257.6	C06051;C03057;C00250;KeggExd124919;KeggExd086594;KeggExd007829;KeggExd086583	[M];[M];[M];[M];[M];[M];[M]	[M+H]+;[M+NH4]+;[M+H]+;[M+H]+;[M+H]+;[M+H]+;[M+H]+	C8H9NO3;C8H6O3	TRUE	unknown_peak
M157T261	157.0961	260.7	KeggExd124920	[M]	[M+NH4]+	C7H9NO2	TRUE	unknown_peak
M237T434	237.0523	434.4	KeggExd124931	[M]	[M+NH4]+	C7H9NO5S	TRUE	unknown_peak
M237T468	237.053	468.1	KeggExd124931	[M]	[M+NH4]+	C7H9NO5S	TRUE	unknown_peak
M118T485_2	118.0868	485.4	C00719	[M]	[M+H]+	C5H11NO2	TRUE	seed_peak
M120T486	120.0649	486	C00263;C00188;C00820;C05519;C12317;C02115	[M];[M];[M];[M];[M];[M]	[M+H]+;[M+H]+;[M+H]+;[M+H]+;[M+H]+;[M+H]+	C4H9NO3	TRUE	known_peak
M120T626	120.0651	626	C00188;C00820;C05519;C12317;C00263;C02115	[M];[M];[M];[M];[M];[M]	[M+H]+;[M+H]+;[M+H]+;[M+H]+;[M+H]+;[M+H]+	C4H9NO3	TRUE	known_peak
M140T455	140.0365	454.9	C00441;C00870;C03508;C02220	[M];[M];[M];[M]	[M+Na]+;[M+H]+;[M+Na]+;[M-H2O+H]+	C4H7NO3;C6H5NO3;C6H7NO4	TRUE	known_peak
M76T582_2	76.0763	581.7	C01104	[M]	[M+H]+	C3H9NO	TRUE	seed_peak
M76T626	76.0759	626.3	C01104	[M]	[M+H]+	C3H9NO	TRUE	seed_peak
M264T330	264.1245	330.4	C16594;KeggExd083344	[M];[M]	[M+H]+;[M+H]+	C11H21NO4S;C14H17NO4	TRUE	unknown_peak
M144T695	144.065	694.8	C01077;C01046;C02207;C03210	[M];[M];[M];[M]	[M-H2O+H]+;[M-H2O+H]+;[M-H2O+H]+;[M-H2O+H]+	C6H11NO4	TRUE	known_peak
M162T485	162.0755	485.5	C19694;C01046;C03210;C02207;C01077	[M];[M];[M];[M];[M]	[M+H]+;[M+H]+;[M+H]+;[M+H]+;[M+H]+	C6H11NO4	TRUE	known_peak
M162T502	162.0752	501.6	C19694;C03210;C02207;C01046;C01077	[M];[M];[M];[M];[M]	[M+H]+;[M+H]+;[M+H]+;[M+H]+;[M+H]+	C6H11NO4	TRUE	known_peak
M156T829	156.0281	828.6	C00049;C00402	[M];[M]	[M+Na]+;[M+Na]+	C4H7NO4	TRUE	known_peak
M177T560	177.0863	559.8	KeggExd019488;C03623	[M];[M]	[M+NH4]+;[M+NH4]+	C6H9NO4	TRUE	unknown_peak
M158T403	158.026	402.6	C00155	[M]	[M+Na]+	C4H9NO2S	TRUE	known_peak
M223T511	223.0732	511.1	C02291;C00542	[M];[M]	[M+H]+;[M+H]+	C7H14N2O4S	TRUE	known_peak
M245T562	245.0612	561.6	C02655;C02291	[M];[M]	[M+Na]+;[M+Na]+	C8H14O7;C7H14N2O4S	TRUE	known_peak
M144T469	144.0644	469.4	KeggExd028784;KeggExd028783	[M];[M]	[M+H]+;[M+H]+	C6H9NO3	TRUE	unknown_peak
M158T572	158.044	572.2	C02220	[M]	[M+H]+	C6H7NO4	TRUE	known_peak
M207T339	207.1036	339	C04000;C12458	[M];[M]	[M+H]+;[M+H]+	C12H14O3	TRUE	known_peak
M191T362	191.1053	361.6	C04561	[M]	[M-H2O+H]+	C12H16O3	TRUE	known_peak
M229T277	229.0631	277.1	C12459	[M]	[M+K]+	C12H14O2	TRUE	known_peak
M254T351	254.1368	350.7	C12457	[M]	[M+NH4]+	C13H16O4	TRUE	known_peak
M215T265	215.1013	264.9	C16015;KeggExd083350;C19715	[M];[M];[M]	[M+H]+;[M+Na]+;[M+NH4]+	C14H14O2;C12H16O2;C9H11NO4	TRUE	unknown_peak
M224T221	224.1263	221.4	C12458	[M]	[M+NH4]+	C12H14O3	TRUE	known_peak
M195T218	195.0756	218.2	C12537;C01408	[M];[M]	[M-H2O+H]+;[M-H2O+H]+	C14H12O2	TRUE	known_peak
M131T325_2	131.0484	325.3	C01403;C01467;C00556;C01468	[M];[M];[M];[M]	[M+Na]+;[M+Na]+;[M+Na]+;[M+Na]+	C7H8O	TRUE	known_peak
M206T337	206.0443	337.1	KeggExd012883;KeggExd012880;KeggExd005182	[M];[M];[M]	[M+NH4]+;[M+NH4]+;[M+NH4]+	C7H8O4S	TRUE	unknown_peak
M151T386	151.0743	386.1	C05629;C15513;KeggExd110883	[M];[M];[M]	[M+H]+;[M+H]+;[M+H]+	C9H10O2	TRUE	unknown_peak
M210T334	210.0749	334.2	C03710;C05596;KeggExd023364;KeggExd021375;KeggExd085675;KeggExd085776;KeggExd020151	[M];[M];[M];[M];[M];[M];[M]	[M+H]+;[M+H]+;[M+H]+;[M+H]+;[M+H]+;[M+H]+;[M+H]+	C10H11NO4	TRUE	unknown_peak
M224T424	224.1279	423.7	C16704;C04000	[M];[M]	[M+H]+;[M+NH4]+	C12H17NO3;C12H14O3	TRUE	known_peak
M232T267	232.0626	267.5	KeggExd050145;C05596;C03710;KeggExd023364;KeggExd021375;KeggExd085675;KeggExd085776;KeggExd020151	[M];[M];[M];[M];[M];[M];[M];[M]	[M+Na]+;[M+Na]+;[M+Na]+;[M+Na]+;[M+Na]+;[M+Na]+;[M+Na]+;[M+Na]+	C10H11NO4	TRUE	unknown_peak
M182T541	182.0804	541.4	C00082	[M]	[M+H]+	C9H11NO3	TRUE	seed_peak
M120T319	120.0799	319.4	C00483;KeggExd147046;C02735;C01183	[M];[M];[M];[M]	[M-H2O+H]+;[M-H2O+H]+;[M-H2O+H]+;[M-H2O+H]+	C8H11NO	TRUE	unknown_peak
M138T404	138.0906	404	C07113;C01183;C02735;C00483;KeggExd147046	[M];[M];[M];[M];[M]	[M+NH4]+;[M+H]+;[M+H]+;[M+H]+;[M+H]+	C8H8O;C8H11NO	TRUE	unknown_peak
M262T526	262.0367	526	KeggExd000923;KeggExd032618;KeggExd147048	[M];[M];[M]	[M+H]+;[M+H]+;[M+H]+	C9H11NO6S	TRUE	unknown_peak
M358T541	358.1094	541.4	KeggExd032617;KeggExd032616;KeggExd147047;KeggExd000922;C17751	[M];[M];[M];[M];[M]	[M+H]+;[M+H]+;[M+H]+;[M+H]+;[M+H]+	C15H19NO9	TRUE	unknown_peak
M375T541	375.1358	541.4	KeggExd032617;KeggExd032616;KeggExd147047;KeggExd000922;C17751	[M];[M];[M];[M];[M]	[M+NH4]+;[M+NH4]+;[M+NH4]+;[M+NH4]+;[M+NH4]+	C15H19NO9	TRUE	unknown_peak
M135T409	135.0794	408.8	C15512	[M]	[M+H]+	C9H10O	TRUE	known_peak
M152T409	152.1061	408.8	C16719;C08300;C15512;C02442;C03711	[M];[M];[M];[M];[M]	[M+H]+;[M+H]+;[M+NH4]+;[M+H]+;[M+H]+	C9H13NO;C9H10O	TRUE	known_peak
M166T413	166.0857	413	C17268	[M]	[M+NH4]+	C9H8O2	TRUE	known_peak
M137T245	137.0589	245	C03765;C14087;C20645;C00548;C15583;C07189;C01880	[M];[M];[M];[M];[M];[M];[M]	[M+H]+;[M+H]+;[M+H]+;[M+H]+;[M+H]+;[M+H]+;[M+Na]+	C8H8O2;C6H10O2	TRUE	known_peak
M182T527	182.08	526.7	C00082	[M]	[M+H]+	C9H11NO3	TRUE	seed_peak
M166T307	166.122	307.4	C01575	[M]	[M+H]+	C10H15NO	TRUE	seed_peak
M108T357	108.0802	356.7	C02299	[M]	[M+H]+	C7H9N	TRUE	known_peak
M130T242	130.0644	242.3	C02299	[M]	[M+Na]+	C7H9N	TRUE	known_peak
M130T270	130.0642	270.2	C02299	[M]	[M+Na]+	C7H9N	TRUE	known_peak
M134T409	134.0956	408.8	C16719;C08300;C02442;C03711	[M];[M];[M];[M]	[M-H2O+H]+;[M-H2O+H]+;[M-H2O+H]+;[M-H2O+H]+	C9H13NO	TRUE	known_peak
M152T343	152.106	343.4	C02442;C16719;C08300;C02722	[M];[M];[M];[M]	[M+H]+;[M+H]+;[M+H]+;[M+Na]+	C9H13NO;C7H15NO	TRUE	known_peak
M174T283	174.0912	282.6	C08300;C16719;C02442	[M];[M];[M]	[M+Na]+;[M+Na]+;[M+Na]+	C9H13NO	TRUE	known_peak
M190T314	190.06	313.7	C02442;C16719;C08300;C03711	[M];[M];[M];[M]	[M+K]+;[M+K]+;[M+K]+;[M+K]+	C9H13NO	TRUE	known_peak
M186T338	186.0745	338.3	C06672;C07087;C16215;C03198;KeggExd063373	[M];[M];[M];[M];[M]	[M+NH4]+;[M+NH4]+;[M+NH4]+;[M+NH4]+;[M+NH4]+	C8H8O4	TRUE	unknown_peak
M311T279	311.0671	279.2	C00548;C15583;C07189;KeggExd018838;C03765;C06224;C07085;C20645	[M];[M];[M];[M];[M];[M];[M];[M]	[2M+K]+;[2M+K]+;[2M+K]+;[2M+K]+;[2M+K]+;[2M+K]+;[2M+K]+;[2M+K]+	C8H8O2	TRUE	unknown_peak
M132T250	132.065	250.4	C00596	[M]	[M+NH4]+	C5H6O3	TRUE	known_peak
M186T257	186.075	257.5	C07087;KeggExd002194;C16215;KeggExd063373	[M];[M];[M];[M]	[M+NH4]+;[M+NH4]+;[M+NH4]+;[M+NH4]+	C8H8O4	TRUE	unknown_peak
M153T254	153.0571	253.5	C04043;C13636;C12305;KeggExd110161;C13635	[M];[M];[M];[M];[M]	[M+H]+;[M+H]+;[M+H]+;[M+H]+;[M+H]+	C8H8O3	TRUE	unknown_peak
M226T257	226.0672	257.4	KeggExd001927;KeggExd002200	[M];[M]	[M+H]+;[M+H]+	C10H11NO5	TRUE	unknown_peak
M243T276	243.0958	275.7	KeggExd061388;KeggExd001927;C00214;KeggExd002200	[M];[M];[M];[M]	[M+NH4]+;[M+NH4]+;[M+H]+;[M+NH4]+	C10H11NO5;C10H14N2O5	TRUE	unknown_peak
M139T247	139.0416	247	C16700;C03273	[M];[M]	[M+H]+;[M+Na]+	C7H6O3;C5H8O3	TRUE	known_peak
M129T391	129.1012	391.1	C19809;C02837	[M];[M]	[M+H]+;[M+H]+	C6H12N2O	TRUE	known_peak
M130T555	130.0856	555.3	C00408	[M]	[M+H]+	C6H11NO2	TRUE	seed_peak
M147T1003	147.1121	1003.1	C00047	[M]	[M+H]+	C6H14N2O2	TRUE	seed_peak
M161T1025	161.1276	1025.1	C02728	[M]	[M+H]+	C7H16N2O2	TRUE	seed_peak
M189T638	189.1224	638	C02727	[M]	[M+H]+	C8H16N2O3	TRUE	seed_peak
M190T698	190.1172	698.4	C02427	[M]	[M+H]+	C7H15N3O3	TRUE	known_peak
M219T853	219.1327	853.4	C04020	[M]	[M+H]+	C9H18N2O4	TRUE	known_peak
M258T748	258.143	747.8	KeggExd050319	[M]	[M-H2O+H]+	C11H21N3O5	TRUE	unknown_peak
M277T827	277.1373	826.7	C00449	[M]	[M+H]+	C11H20N2O6	TRUE	seed_peak
M148T723	148.0597	722.7	C00025	[M]	[M+H]+	C5H9NO4	TRUE	seed_peak
M130T531	130.0496	531.1	C01879	[M]	[M+H]+	C5H7NO3	TRUE	seed_peak
M147T681	147.0756	680.9	C00064	[M]	[M+H]+	C5H10N2O3	TRUE	seed_peak
M161T738	161.091	737.6	C19929;C03153	[M];[M]	[M+H]+;[M+H]+	C6H12N2O3	TRUE	known_peak
M175T728	175.0702	727.8	C00439	[M]	[M+H]+	C6H10N2O4	TRUE	known_peak
M190T701	190.0698	701.2	C03871;C00624	[M];[M]	[M+H]+;[M+H]+	C7H11NO5	TRUE	known_peak
M191T770	191.0651	770.1	C05829	[M]	[M+H]+	C6H10N2O5	TRUE	known_peak
M219T800_2	219.0962	800.2	C03738;C20957;C20958	[M];[M];[M]	[M+H]+;[M+H]+;[M+H]+	C8H14N2O5	TRUE	known_peak
M233T808	233.1119	808.4	C21015;C04390;C15767;C03415	[M];[M];[M];[M]	[M+H]+;[M+H]+;[M+H]+;[M+H]+	C9H16N2O5	TRUE	known_peak
M255T713_2	255.0955	713.2	C04390;C21015;C03415;C15767	[M];[M];[M];[M]	[M+Na]+;[M+Na]+;[M+Na]+;[M+Na]+	C9H16N2O5	TRUE	known_peak
M147T780	147.0752	780.2	C00819	[M]	[M+H]+	C5H10N2O3	TRUE	known_peak
M265T392_1	265.1174	392.3	C04148	[M]	[M+H]+	C13H16N2O4	TRUE	seed_peak
M217T466	217.1171	465.7	C15700	[M]	[M+H]+	C9H16N2O4	TRUE	known_peak
M255T466	255.0722	466.2	C15700	[M]	[M+K]+	C9H16N2O4	TRUE	known_peak
M157T636	157.0597	635.7	C03680	[M]	[M+H]+	C6H8N2O3	TRUE	known_peak
M173T494	173.0548	493.6	C05565	[M]	[M+H]+	C6H8N2O4	TRUE	known_peak
M199T517	199.1066	516.6	C15700	[M]	[M-H2O+H]+	C9H16N2O4	TRUE	known_peak
M275T775	275.1328	774.8	C03296	[M]	[M+H]+	C10H18N4O5	TRUE	known_peak
M183T494	183.0509	493.7	C16359	[M]	[M+H]+	C6H6N4O3	TRUE	seed_peak
M74T462	74.0713	461.9	C02294	[M]	[M+H]+	C2H7N3	TRUE	seed_peak
M126T527_2	126.0226	527.3	C00245	[M]	[M+H]+	C2H7NO3S	TRUE	seed_peak
M255T530	255.0632	529.8	C05844	[M]	[M+H]+	C7H14N2O6S	TRUE	known_peak
M209T384	209.0655	384.2	C16365	[M]	[M-H2O+H]+	C8H10N4O4	TRUE	known_peak
M221T346	221.0627	346.2	C16366	[M]	[M+Na]+	C7H10N4O3	TRUE	known_peak
M195T69	195.0879	68.9	C07481	[M]	[M+H]+	C8H10N4O2	TRUE	seed_peak
M112T314	112.0504	313.8	C00380	[M]	[M+H]+	C4H5N3O	TRUE	seed_peak
M112T339	112.0501	339.4	C00380	[M]	[M+H]+	C4H5N3O	TRUE	seed_peak
M213T519	213.0143	519.1	C01112;C00199;C00231;C03291;C01101;KeggExd009647;C06441;C00117;C03737;C03906	[M];[M];[M];[M];[M];[M];[M];[M];[M];[M]	[M-H2O+H]+;[M-H2O+H]+;[M-H2O+H]+;[M-H2O+H]+;[M-H2O+H]+;[M-H2O+H]+;[M-H2O+H]+;[M-H2O+H]+;[M-H2O+H]+;[M-H2O+H]+	C5H11O8P	TRUE	unknown_peak
M245T278	245.0755	278.5	C00299	[M]	[M+H]+	C9H12N2O6	TRUE	seed_peak
M354T396	354.1723	395.8	C05322;C16447;C16708;C16713	[M];[M];[M];[M]	[M-H2O+H]+;[M+H]+;[M-H2O+H]+;[M-H2O+H]+	C21H25NO5;C15H23N5O5	TRUE	known_peak
M358T367	358.1463	367.4	C16427;KeggExd068321	[M];[M]	[M+Na]+;[M+NH4]+	C15H21N5O4;C16H20O8	TRUE	unknown_peak
M226T314	226.0814	313.6	C00475	[M]	[M-H2O+H]+	C9H13N3O5	TRUE	known_peak
M386T366	386.1993	366	C16709;C16714	[M];[M]	[M+H]+;[M+H]+	C22H27NO5	TRUE	known_peak
M408T358	408.1818	358.4	C16709;C16714	[M];[M]	[M+Na]+;[M+Na]+	C22H27NO5	TRUE	known_peak
M424T324_2	424.1567	323.9	C16714;C16709	[M];[M]	[M+K]+;[M+K]+	C22H27NO5	TRUE	known_peak
M221T350	221.1523	350	C04083	[M]	[M+NH4]+	C10H13N5	TRUE	known_peak
M352T249	352.158	249.4	KeggExd106915;C16431	[M];[M]	[M+H]+;[M+H]+	C15H21N5O5	TRUE	unknown_peak
M322T358	322.1981	357.7	C01804	[M]	[M+NH4]+	C14H20N6O2	TRUE	known_peak
M389T426	389.2127	425.7	C05322;C16708;C16713	[M];[M];[M]	[M+NH4]+;[M+NH4]+;[M+NH4]+	C21H25NO5	TRUE	known_peak
M410T374	410.1404	374.3	C05322;C16708;C16713	[M];[M];[M]	[M+K]+;[M+K]+;[M+K]+	C21H25NO5	TRUE	known_peak
M245T429_1	245.0757	428.9	C02067	[M]	[M+H]+	C9H12N2O6	TRUE	seed_peak
M127T574	127.0493	574	C02835	[M]	[M+H]+	C5H6N2O2	TRUE	seed_peak
M156T724	156.076	724.3	C00135;C01162	[M];[M]	[M+H]+;[M+H]+	C6H9N3O2	TRUE	known_peak
M170T533	170.0911	532.9	C01152	[M]	[M+H]+	C7H11N3O2	TRUE	seed_peak
M170T699	170.0926	698.7	C01152	[M]	[M+H]+	C7H11N3O2	TRUE	seed_peak
M170T793	170.0925	792.7	C01152	[M]	[M+H]+	C7H11N3O2	TRUE	seed_peak
M227T776	227.1136	776.2	C00386	[M]	[M+H]+	C9H14N4O3	TRUE	seed_peak
M241T561	241.1277	560.5	C04138;C00884	[M];[M]	[M+H]+;[M+H]+	C10H16N4O3	TRUE	known_peak
M241T721	241.1277	720.8	C04138;C00884	[M];[M]	[M+H]+;[M+H]+	C10H16N4O3	TRUE	known_peak
M241T795	241.1276	795.2	C00884;C04138	[M];[M]	[M+H]+;[M+H]+	C10H16N4O3	TRUE	known_peak
M241T760_1	241.1289	759.9	C01262	[M]	[M+H]+	C10H16N4O3	TRUE	seed_peak
M142T900	142.0256	900.5	C00346	[M]	[M+H]+	C2H8NO4P	TRUE	seed_peak
M150T271	150.1119	271.5	C06771	[M]	[M+H]+	C6H15NO3	TRUE	seed_peak
M121T369	121.1004	368.7	C01026;C00334;C11735;KeggExd062747;C03284;C01205;C02721	[M];[M];[M];[M];[M];[M];[M]	[M+NH4]+;[M+NH4]+;[M+NH4]+;[M+NH4]+;[M+NH4]+;[M+NH4]+;[M+NH4]+	C4H9NO2	TRUE	unknown_peak
M126T460	126.0542	459.9	C01026;C00334;C11735;C02721;KeggExd062747	[M];[M];[M];[M];[M]	[M+Na]+;[M+Na]+;[M+Na]+;[M+Na]+;[M+Na]+	C4H9NO2	TRUE	unknown_peak
M142T444	142.0318	443.9	C03167	[M]	[M+NH4]+	C2H5O4P	TRUE	known_peak
M203T794	203.0651	794	KeggExd062749	[M]	[M+NH4]+	C4H11NO5S	TRUE	unknown_peak
M135T454	135.1164	454.3	C00431;C15987	[M];[M]	[M+NH4]+;[M+NH4]+	C5H11NO2	TRUE	known_peak
M168T459	168.0648	458.6	C02946;KeggExd028786;KeggExd062694;C02137;C04076;C03239;C03493;C12323	[M];[M];[M];[M];[M];[M];[M];[M]	[M+Na]+;[M+Na]+;[M+Na]+;[M+NH4]+;[M+Na]+;[M+Na]+;[M+H]+;[M+H]+	C6H11NO3;C8H6O3;C8H9NO3	TRUE	unknown_peak
M144T405	144.0644	405.4	KeggExd028783;C02814	[M];[M]	[M+H]+;[M+NH4]+	C6H9NO3;C6H6O3	TRUE	unknown_peak
M138T459	138.0543	459.2	C00148;C00763	[M];[M]	[M+Na]+;[M+Na]+	C5H9NO2	TRUE	known_peak
M137T567	137.0707	567.2	C19781	[M]	[M+Na]+	C5H10N2O	TRUE	known_peak
M96T437	96.0442	436.9	KeggExd028785;C06108;C01888;C03564;C05665;C11143	[M];[M];[M];[M];[M];[M]	[M-H2O+H]+;[M+NH4]+;[M+Na]+;[M-H2O+H]+;[M+Na]+;[M+NH4]+	C5H7NO2;C2H3FO2;C3H7NO;C2H6OS	TRUE	unknown_peak
M161T300_1	161.1065	300.3	C00398;C21154	[M];[M]	[M+H]+;[M+H]+	C10H12N2	TRUE	known_peak
M178T308	178.1321	308.1	C00398	[M]	[M+NH4]+	C10H12N2	TRUE	known_peak
M188T345	188.0695	345.3	C06559;C21283;C20487;C20488	[M];[M];[M];[M]	[M+H]+;[M+H]+;[M+Na]+;[M+Na]+	C6H10ClN5;C11H9NO2;C9H11NO2	TRUE	known_peak
M205T462	205.0954	461.8	C00078	[M]	[M+H]+	C11H12N2O2	TRUE	seed_peak
M188T515	188.0696	514.7	C00079;C02265;C20487;C20488	[M];[M];[M];[M]	[M+Na]+;[M+Na]+;[M+Na]+;[M+Na]+	C9H11NO2	TRUE	known_peak
M179T259	179.1169	259.4	C20361	[M]	[M+H]+	C10H14N2O	TRUE	known_peak
M261T875	261.0352	875.5	C00103	[M]	[M+H]+	C6H13O9P	TRUE	seed_peak
M346T573	346.0513	573.3	C00942	[M]	[M+H]+	C10H12N5O7P	TRUE	seed_peak
M267T358	267.0725	358.4	C01993;KeggExd001853;KeggExd033390	[M];[M];[M]	[M+H]+;[M+H]+;[M+H]+	C10H10N4O5;C9H14O9	TRUE	unknown_peak
M267T594	267.1083	594	KeggExd028930;KeggExd029702	[M];[M]	[M-H2O+H]+;[M-H2O+H]+	C10H20O9	TRUE	unknown_peak
M267T620_3	267.1093	620.5	KeggExd028930;C06657;KeggExd029702	[M];[M];[M]	[M-H2O+H]+;[M+Na]+;[M-H2O+H]+	C10H20O9;C9H16N4O4	TRUE	unknown_peak
M295T628	295.0999	627.7	KeggExd028929;KeggExd004249;C21186;KeggExd065217;C01625	[M];[M];[M];[M];[M]	[M-H2O+H]+;[M-H2O+H]+;[M+H]+;[M-H2O+H]+;[M-H2O+H]+	C11H20O10;C11H18O9	TRUE	unknown_peak
M251T715	251.0745	715.1	C11544;C00669;C19792	[M];[M];[M]	[M-H2O+H]+;[M+H]+;[M-H2O+H]+	C9H16O9;C8H14N2O5S	TRUE	known_peak
M295T367	295.1032	366.8	C01625;C21186;KeggExd065217;KeggExd004249	[M];[M];[M];[M]	[M-H2O+H]+;[M+H]+;[M-H2O+H]+;[M-H2O+H]+	C11H20O10;C11H18O9	TRUE	unknown_peak
M330T627	330.1363	627.5	KeggExd004249;KeggExd028929;KeggExd065217;C01625	[M];[M];[M];[M]	[M+NH4]+;[M+NH4]+;[M+NH4]+;[M+NH4]+	C11H20O10	TRUE	unknown_peak
M349T676	349.1093	676.5	C20354;C19758;KeggExd137806;KeggExd036703	[M];[M];[M];[M]	[M+Na]+;[M+Na]+;[M+Na]+;[M+Na]+	C12H22O10	TRUE	unknown_peak
M365T644	365.0808	644.4	C20354;C19758;KeggExd137806;KeggExd036703;KeggExd067057	[M];[M];[M];[M];[M]	[M+K]+;[M+K]+;[M+K]+;[M+K]+;[M+K]+	C12H22O10	TRUE	unknown_peak
M269T615	268.9807	615.1	C00231;C01101;KeggExd148842;C06441;C00117;C03737;C03906;C00620;C00199	[M];[M];[M];[M];[M];[M];[M];[M];[M]	[M+K]+;[M+K]+;[M+K]+;[M+K]+;[M+K]+;[M+K]+;[M+K]+;[M+K]+;[M+K]+	C5H11O8P	TRUE	unknown_peak
M277T426	277.0906	426.2	C21186;C05401;C11546	[M];[M];[M]	[M-H2O+H]+;[M+Na]+;[M+Na]+	C11H18O9;C9H18O8	TRUE	known_peak
M198T552	198.0957	551.6	C10906;C01934;C01680;C01720;C02336;C00095;C00031;C00159;C00267;C00221;C00984;C00124;C06468;C00764;C00795	[M];[M];[M];[M];[M];[M];[M];[M];[M];[M];[M];[M];[M];[M];[M]	[M+NH4]+;[M+NH4]+;[M+NH4]+;[M+NH4]+;[M+NH4]+;[M+NH4]+;[M+NH4]+;[M+NH4]+;[M+NH4]+;[M+NH4]+;[M+NH4]+;[M+NH4]+;[M+NH4]+;[M+NH4]+;[M+NH4]+	C6H12O6	TRUE	known_peak
M357T577	357.0575	577.2	C01225;C10517	[M];[M]	[M+Na]+;[M+Na]+	C9H19O11P	TRUE	known_peak
M163T364	163.059	363.5	C00137;C02991;C18028;C06468;C00795;C00764;C00247;C00221;C00031;C00159;C00267;C00124;C00984;C00095;C02336	[M];[M];[M];[M];[M];[M];[M];[M];[M];[M];[M];[M];[M];[M];[M]	[M-H2O+H]+;[M+H]+;[M+H]+;[M-H2O+H]+;[M-H2O+H]+;[M-H2O+H]+;[M-H2O+H]+;[M-H2O+H]+;[M-H2O+H]+;[M-H2O+H]+;[M-H2O+H]+;[M-H2O+H]+;[M-H2O+H]+;[M-H2O+H]+;[M-H2O+H]+	C6H12O6;C6H10O5	TRUE	known_peak
M163T436	163.0589	435.8	C02991;C18028;C03979;C06159;C03827;C01088;C03652;C01989;C02488;C16390	[M];[M];[M];[M];[M];[M];[M];[M];[M];[M]	[M+H]+;[M+H]+;[M+H]+;[M+H]+;[M+H]+;[M+H]+;[M+H]+;[M+H]+;[M+H]+;[M+H]+	C6H10O5	TRUE	known_peak
M180T435	180.0855	435.3	C02991;C18028;C03979;C06159;C03827;C01989;C01088;C03652;C16390;C02488	[M];[M];[M];[M];[M];[M];[M];[M];[M];[M]	[M+NH4]+;[M+NH4]+;[M+NH4]+;[M+NH4]+;[M+NH4]+;[M+NH4]+;[M+NH4]+;[M+NH4]+;[M+NH4]+;[M+NH4]+	C6H10O5	TRUE	known_peak
M180T534	180.0858	534.1	C03652;C02488;C06159;C03827;C03979;C01989;C18028;C01088;C16390;C02360	[M];[M];[M];[M];[M];[M];[M];[M];[M];[M]	[M+NH4]+;[M+NH4]+;[M+NH4]+;[M+NH4]+;[M+NH4]+;[M+NH4]+;[M+NH4]+;[M+NH4]+;[M+NH4]+;[M+NH4]+	C6H10O5	TRUE	known_peak
M180T552	180.0856	552.1	C01088;C03979;C06159;C03827;C01989;C03652;C02488;C18028;C02991;C02360	[M];[M];[M];[M];[M];[M];[M];[M];[M];[M]	[M+NH4]+;[M+NH4]+;[M+NH4]+;[M+NH4]+;[M+NH4]+;[M+NH4]+;[M+NH4]+;[M+NH4]+;[M+NH4]+;[M+NH4]+	C6H10O5	TRUE	known_peak
M374T751	374.1254	751	KeggExd021942;KeggExd013752;KeggExd013753;KeggExd021943;KeggExd021945;KeggExd021944;KeggExd013754;KeggExd013755	[M];[M];[M];[M];[M];[M];[M];[M]	[M+NH4]+;[M+NH4]+;[M+NH4]+;[M+NH4]+;[M+NH4]+;[M+NH4]+;[M+NH4]+;[M+NH4]+	C12H20O12	TRUE	unknown_peak
M374T781	374.1256	780.7	KeggExd021942;KeggExd013752;KeggExd013753;KeggExd021943;KeggExd021945;KeggExd021944;KeggExd013754;KeggExd013755	[M];[M];[M];[M];[M];[M];[M];[M]	[M+NH4]+;[M+NH4]+;[M+NH4]+;[M+NH4]+;[M+NH4]+;[M+NH4]+;[M+NH4]+;[M+NH4]+	C12H20O12	TRUE	unknown_peak
M374T793	374.1261	792.7	KeggExd021942;KeggExd013752;KeggExd013753;KeggExd021943;KeggExd021945;KeggExd021944;KeggExd013754;KeggExd013755	[M];[M];[M];[M];[M];[M];[M];[M]	[M+NH4]+;[M+NH4]+;[M+NH4]+;[M+NH4]+;[M+NH4]+;[M+NH4]+;[M+NH4]+;[M+NH4]+	C12H20O12	TRUE	unknown_peak
M379T741	379.08	741	KeggExd021942;KeggExd013752;KeggExd013753;KeggExd021943;KeggExd021945;KeggExd021944;KeggExd013754;KeggExd013755	[M];[M];[M];[M];[M];[M];[M];[M]	[M+Na]+;[M+Na]+;[M+Na]+;[M+Na]+;[M+Na]+;[M+Na]+;[M+Na]+;[M+Na]+	C12H20O12	TRUE	unknown_peak
M163T588	163.0591	588.5	C01934;C01680;C01720;C10906;C00095;C02336;C00031;C00159;C00267;C00221;C00984;C06468;C00764;C00124;C00247	[M];[M];[M];[M];[M];[M];[M];[M];[M];[M];[M];[M];[M];[M];[M]	[M-H2O+H]+;[M-H2O+H]+;[M-H2O+H]+;[M-H2O+H]+;[M-H2O+H]+;[M-H2O+H]+;[M-H2O+H]+;[M-H2O+H]+;[M-H2O+H]+;[M-H2O+H]+;[M-H2O+H]+;[M-H2O+H]+;[M-H2O+H]+;[M-H2O+H]+;[M-H2O+H]+	C6H12O6	TRUE	known_peak
M165T538	165.0747	537.8	C00392;C00794;C01507;C01697	[M];[M];[M];[M]	[M-H2O+H]+;[M-H2O+H]+;[M-H2O+H]+;[M-H2O+H]+	C6H14O6	TRUE	known_peak
M360T670	360.1464	669.7	C02964;C20861;C00243;C20236;C01518;C02048;C01235;KeggExd029697	[M];[M];[M];[M];[M];[M];[M];[M]	[M+NH4]+;[M+NH4]+;[M+NH4]+;[M+NH4]+;[M+NH4]+;[M+NH4]+;[M+NH4]+;[M+NH4]+	C12H22O11	TRUE	unknown_peak
M360T713	360.1462	713.2	C02964;C20861;C00243;C20236;C01518;C02048;C01235;KeggExd029697	[M];[M];[M];[M];[M];[M];[M];[M]	[M+NH4]+;[M+NH4]+;[M+NH4]+;[M+NH4]+;[M+NH4]+;[M+NH4]+;[M+NH4]+;[M+NH4]+	C12H22O11	TRUE	unknown_peak
M270T438	270.1324	438.2	C01418	[M]	[M+NH4]+	C8H16N2O7	TRUE	known_peak
M284T378	284.0924	377.9	KeggExd001853;KeggExd033390	[M];[M]	[M+NH4]+;[M+NH4]+	C9H14O9	TRUE	unknown_peak
M286T406	286.1163	406	C00294;C11544	[M];[M]	[M+NH4]+;[M+NH4]+	C10H12N4O5;C9H16O9	TRUE	known_peak
M286T715	286.1109	714.5	C19792;C11544	[M];[M]	[M+NH4]+;[M+NH4]+	C9H16O9	TRUE	known_peak
M289T575	289.0537	574.7	KeggExd001852;KeggExd001853;KeggExd033390;KeggExd083579	[M];[M];[M];[M]	[M+Na]+;[M+Na]+;[M+Na]+;[M+Na]+	C9H14O9	TRUE	unknown_peak
M317T511_1	317.0841	510.6	C21186	[M]	[M+Na]+	C11H18O9	TRUE	known_peak
M318T500	318.1155	500.2	C03993	[M]	[M+NH4]+	C13H16O8	TRUE	known_peak
M343T736	343.1206	736.4	C01728;C00252;n01620;C01083;C05402;C00208;C00185	[M];[M];[M];[M];[M];[M];[M]	[M+H]+;[M+H]+;[M+H]+;[M+H]+;[M+H]+;[M+H]+;[M+H]+	C12H22O11;NA	TRUE	seed_peak
M360T327	360.1619	326.6	C00761	[M]	[M+NH4]+	C16H22O8	TRUE	known_peak
M360T370	360.1613	370	C00761	[M]	[M+NH4]+	C16H22O8	TRUE	known_peak
M255T588	255.1059	588.5	C05401;C11546	[M];[M]	[M+H]+;[M+H]+	C9H18O8	TRUE	known_peak
M272T567	272.1315	566.6	C05401;C11546	[M];[M]	[M+NH4]+;[M+NH4]+	C9H18O8	TRUE	known_peak
M182T284	182.0983	284.3	C01019;C02431;C00507	[M];[M];[M]	[M+NH4]+;[M+NH4]+;[M+NH4]+	C6H12O5	TRUE	known_peak
M127T550	127.038	549.7	C02930;C02295;C00922;C05984;C01089;C03197;C00989;C06001;C01188	[M];[M];[M];[M];[M];[M];[M];[M];[M]	[M-H2O+H]+;[M-H2O+H]+;[M-H2O+H]+;[M+Na]+;[M+Na]+;[M+Na]+;[M+Na]+;[M+Na]+;[M+Na]+	C6H8O4;C4H8O3	TRUE	known_peak
M321T591	321.0794	590.6	KeggExd028795;KeggExd028794;KeggExd028793	[M];[M];[M]	[M-H2O+H]+;[M-H2O+H]+;[M-H2O+H]+	C12H18O11	TRUE	unknown_peak
M212T515	212.1131	515.4	C03619;C03659;C03660;C06352	[M];[M];[M];[M]	[M+NH4]+;[M+NH4]+;[M+NH4]+;[M+NH4]+	C7H14O6	TRUE	known_peak
M129T278	129.0538	277.8	C01053	[M]	[M-H2O+H]+	C6H10O4	TRUE	known_peak
M198T720	198.0958	719.6	C01934;C01680;C01720;C02782	[M];[M];[M];[M]	[M+NH4]+;[M+NH4]+;[M+NH4]+;[M+NH4]+	C6H12O6	TRUE	known_peak
M325T551	325.0499	550.9	C03003;KeggExd002733	[M];[M]	[M+K]+;[M+K]+	C12H16NO7;C10H14N4O6	TRUE	unknown_peak
M145T550	145.0489	550.3	C02930;C02295;C00922	[M];[M];[M]	[M+H]+;[M+H]+;[M+H]+	C6H8O4	TRUE	known_peak
M367T728	367.0602	727.8	KeggExd022992;KeggExd022989;KeggExd022991;KeggExd022990;KeggExd002738;KeggExd002739;KeggExd001701;KeggExd002740	[M];[M];[M];[M];[M];[M];[M];[M]	[M+H]+;[M+H]+;[M+H]+;[M+H]+;[M+H]+;[M+H]+;[M+H]+;[M+H]+	C12H16NO10S;C10H14N4O9S;C10H15N4O9P	TRUE	unknown_peak
M374T818	374.1255	817.6	KeggExd021942;KeggExd013752;KeggExd013753	[M];[M];[M]	[M+NH4]+;[M+NH4]+;[M+NH4]+	C12H20O12	TRUE	unknown_peak
M147T538	147.0647	538.1	C00861;C01721	[M];[M]	[M-H2O+H]+;[M-H2O+H]+	C6H12O5	TRUE	known_peak
M132T504	132.0649	504.2	C01073	[M]	[M+H]+	C5H9NO3	TRUE	seed_peak
M176T713	176.0543	712.5	C01042	[M]	[M+H]+	C6H9NO5	TRUE	seed_peak
M181T299	181.0521	299.4	C01197;C01179;C01405;C05350	[M];[M];[M];[M]	[M+H]+;[M+H]+;[M+H]+;[M+H]+	C9H8O4	TRUE	known_peak
M200T520	200.1017	520.5	C15532	[M]	[M-H2O+H]+	C8H15N3O4	TRUE	known_peak
M218T408	218.1191	408.1	C15532	[M]	[M+H]+	C8H15N3O4	TRUE	known_peak
M218T573	218.1122	573.3	C15532	[M]	[M+H]+	C8H15N3O4	TRUE	known_peak
M220T484	220.1165	484.2	C00864	[M]	[M+H]+	C9H17NO5	TRUE	seed_peak
M222T339	222.0959	338.6	C20328;C00645;C00140	[M];[M];[M]	[M+H]+;[M+H]+;[M+H]+	C8H15NO6	TRUE	known_peak
M236T380	236.0933	380.3	C03837	[M]	[M+NH4]+	C12H10O4	TRUE	known_peak
M171T497	171.0638	497.4	C00522	[M]	[M+Na]+	C6H12O4	TRUE	known_peak
M158T559	158.0915	559.2	C00327	[M]	[M-H2O+H]+	C6H13N3O3	TRUE	known_peak
M200T447	200.0902	447.1	C10447;C03672;C03964;C05582;KeggExd009460	[M];[M];[M];[M];[M]	[M+NH4]+;[M+NH4]+;[M+NH4]+;[M+NH4]+;[M+NH4]+	C9H10O4	TRUE	unknown_peak
M163T299	163.0413	299.4	C15606;C05350;C01197;C01179;C01405;KeggExd099475	[M];[M];[M];[M];[M];[M]	[M+H]+;[M-H2O+H]+;[M-H2O+H]+;[M-H2O+H]+;[M-H2O+H]+;[M+H]+	C6H10O3S;C9H8O4	TRUE	unknown_peak
M271T330	271.0916	330.4	C12456	[M]	[M+Na]+	C14H16O4	TRUE	known_peak
M310T681	310.111	681.2	C00270	[M]	[M+H]+	C11H19NO9	TRUE	seed_peak
M162T555	162.0754	554.6	C00329;C01214	[M];[M]	[M-H2O+H]+;[M-H2O+H]+	C6H13NO5	TRUE	known_peak
M244T459	244.0775	459.3	C00140;C00645	[M];[M]	[M+Na]+;[M+Na]+	C8H15NO6	TRUE	known_peak
M508T743	508.1246	742.7	KeggExd002551;KeggExd002552;KeggExd002550;KeggExd002553;KeggExd002554	[M];[M];[M];[M];[M]	[M+Na]+;[M+Na]+;[M+Na]+;[M+Na]+;[M+Na]+	C17H27NO15	TRUE	unknown_peak
M155T517	155.0805	517.2	C00077;C03943;C00515;C01602	[M];[M];[M];[M]	[M+Na]+;[M+Na]+;[M+Na]+;[M+Na]+	C5H12N2O2	TRUE	known_peak
M203T945	203.1505	945.1	C03626	[M]	[M+H]+	C8H18N4O2	TRUE	known_peak
M213T631	213.0949	630.8	C18473;C20330;C05933	[M];[M];[M]	[M+Na]+;[M+Na]+;[M+Na]+	C6H14N4O3	TRUE	known_peak
M180T428	180.0668	428.2	KeggExd099475;C15606	[M];[M]	[M+NH4]+;[M+NH4]+	C6H10O3S	TRUE	unknown_peak
M259T282_1	259.0908	282	C12457;C09618;C13633	[M];[M];[M]	[M+Na]+;[M+H]+;[M+H]+	C13H16O4;NA;C15H14O4	TRUE	known_peak
M155T625	155.0803	625.3	C03943;C00515;C00077	[M];[M];[M]	[M+Na]+;[M+Na]+;[M+Na]+	C5H12N2O2	TRUE	known_peak
M157T517	157.0962	516.6	C00437;C01047	[M];[M]	[M-H2O+H]+;[M-H2O+H]+	C7H14N2O3	TRUE	known_peak
M153T63	153.054	62.9	C00755	[M]	[M+H]+	C8H8O3	TRUE	seed_peak
M173T422	173.0433	422.4	C02637;C18318;C07479;C07478	[M];[M];[M];[M]	[M+H]+;[M+H]+;[M+H]+;[M+H]+	C7H8O5	TRUE	known_peak
M208T337	208.0963	337.4	C03519;C05620	[M];[M]	[M+H]+;[M+H]+	C11H13NO3	TRUE	known_peak
M224T238	224.1015	237.8	C19566;C19563	[M];[M]	[M+H]+;[M+H]+	C10H13N3O3	TRUE	known_peak
M173T261	173.0422	261.1	KeggExd124186	[M]	[M+H]+	C7H8O5	TRUE	unknown_peak
M181T196	181.0959	196	C19567	[M]	[M+NH4]+	C9H9NO2	TRUE	known_peak
M120T461	120.0804	461.1	C02718	[M]	[M+NH4]+	C3H6N2O2	TRUE	known_peak
M180T336	180.0658	336.5	C01586	[M]	[M+H]+	C9H9NO3	TRUE	seed_peak
M173T807	173.0197	807.1	C00093;C00623	[M];[M]	[M+H]+;[M+H]+	C3H9O6P	TRUE	seed_peak
M258T713_2	258.1084	712.5	C00670	[M]	[M+H]+	C8H21NO6P	TRUE	seed_peak
M335T750	335.0708	750.4	C04641;C04703;C10517;C01225	[M];[M];[M];[M]	[M+H]+;[M+H]+;[M+H]+;[M+H]+	C9H19O11P	TRUE	known_peak
M335T769	335.0703	769.4	C04641;C04703;C10517	[M];[M];[M]	[M+H]+;[M+H]+;[M+H]+	C9H19O11P	TRUE	known_peak
M335T799	335.071	798.9	C04641;C04703;C10517	[M];[M];[M]	[M+H]+;[M+H]+;[M+H]+	C9H19O11P	TRUE	known_peak
M268T298_1	268.1023	297.9	C00212	[M]	[M+H]+	C10H13N5O4	TRUE	seed_peak
M298T145	298.0941	144.6	C00170	[M]	[M+H]+	C11H15N5O3S	TRUE	seed_peak
M330T509	330.0569	508.8	C00575	[M]	[M+H]+	C10H12N5O6P	TRUE	seed_peak
M248T694	248.0489	694.2	C00231;C00199;C03291;C01101;KeggExd148842;C06441;C03737;C00117;C00620;C03906	[M];[M];[M];[M];[M];[M];[M];[M];[M];[M]	[M+NH4]+;[M+NH4]+;[M+NH4]+;[M+NH4]+;[M+NH4]+;[M+NH4]+;[M+NH4]+;[M+NH4]+;[M+NH4]+;[M+NH4]+	C5H11O8P	TRUE	unknown_peak
M282T227	282.1171	227.1	C02494;L0232	[M];[M]	[M+H]+;[M+H]+	C11H15N5O4;NA	TRUE	seed_peak
M153T433_1	153.0746	432.7	C00532;C00379;C00474	[M];[M];[M]	[M+H]+;[M+H]+;[M+H]+	C5H12O5	TRUE	seed_peak
M377T376	377.1415	376.1	C00255	[M]	[M+H]+	C17H20N4O6	TRUE	seed_peak
M250T643	250.0726	642.6	C01068;C02895	[M];[M]	[M+NH4]+;[M+NH4]+	C5H13O8P	TRUE	known_peak
M172T476	172.0959	475.5	C06326	[M]	[M-H2O+H]+	C8H15NO4	TRUE	known_peak
M241T800	241.0296	800.3	C00491	[M]	[M+H]+	C6H12N2O4S2	TRUE	seed_peak
M269T559	269.1232	559.3	C06655;C04137	[M];[M]	[M+Na]+;[M+Na]+	C9H18N4O4	TRUE	known_peak
M118T520	118.0857	520.5	C00183	[M]	[M+H]+	C5H11NO2	TRUE	seed_peak
M148T524	148.096	523.9	C20802;KeggExd030614	[M];[M]	[M+H]+;[M+H]+	C6H13NO3	TRUE	unknown_peak
M148T710	148.096	709.9	KeggExd030614;C20802	[M];[M]	[M+H]+;[M+H]+	C6H13NO3	TRUE	unknown_peak
M162T745	162.0754	745.3	C00956	[M]	[M+H]+	C6H11NO4	TRUE	seed_peak
M128T504	128.0702	503.5	C04076;C03656;C02946	[M];[M];[M]	[M-H2O+H]+;[M-H2O+H]+;[M-H2O+H]+	C6H11NO3	TRUE	known_peak
M146T547	146.081	546.8	C04076;C02946	[M];[M]	[M+H]+;[M+H]+	C6H11NO3	TRUE	known_peak
M168T569	168.0637	568.8	C03656;C04076;C03239	[M];[M];[M]	[M+Na]+;[M+Na]+;[M+Na]+	C6H11NO3	TRUE	known_peak
M132T576	132.1013	576	C00123;C21092;C00407;C02486	[M];[M];[M];[M]	[M+H]+;[M+H]+;[M+H]+;[M+H]+	C6H13NO2	TRUE	known_peak
M132T641	132.1011	640.7	C00123;C21092;C00407;C02486	[M];[M];[M];[M]	[M+H]+;[M+H]+;[M+H]+;[M+H]+	C6H13NO2	TRUE	known_peak
M154T480	154.0841	480.4	C02486;C21092;C00407;C00123	[M];[M];[M];[M]	[M+Na]+;[M+Na]+;[M+Na]+;[M+Na]+	C6H13NO2	TRUE	known_peak
M148T731	148.096	731.1	C20802	[M]	[M+H]+	C6H13NO3	TRUE	known_peak
M283T342	283.1631	341.7	C04335	[M]	[M+NH4]+	C14H19NO4	TRUE	known_peak
M176T237	176.0697	236.6	C00954	[M]	[M+H]+	C10H9NO2	TRUE	seed_peak
M221T435	221.0905	434.7	C00331	[M]	[M+NH4]+	C11H9NO3	TRUE	known_peak
M352T393	352.0997	393.4	KeggExd019678;KeggExd008645;KeggExd057096;C18347;KeggExd110044	[M];[M];[M];[M];[M]	[M+H]+;[M+H]+;[M+H]+;[M+NH4]+;[M+Na]+	C16H17NO8;C16H14O8;C14H19NO8	TRUE	unknown_peak
M369T393	369.1254	392.9	KeggExd019678;KeggExd008645;KeggExd057096;KeggExd124434	[M];[M];[M];[M]	[M+NH4]+;[M+NH4]+;[M+NH4]+;[M-H2O+H]+	C16H17NO8;C15H22N4O6S	TRUE	unknown_peak
M193T393	193.0962	392.9	C02298;C06331;C11504	[M];[M];[M]	[M+NH4]+;[M+NH4]+;[M+NH4]+	C10H9NO2	TRUE	known_peak
M329T433	329.1565	433.3	C18325	[M]	[M+Na]+	C15H22N4O3	TRUE	known_peak
M331T424	331.1722	423.5	KeggExd124432	[M]	[M+Na]+	C15H24N4O3	TRUE	unknown_peak
M329T469	329.1565	469.4	C18325	[M]	[M+Na]+	C15H22N4O3	TRUE	known_peak
M169T199	169.0966	199.2	C04350	[M]	[M+NH4]+	C8H9NO2	TRUE	known_peak
M615T805	615.1496	805.3	C00128	[M]	[M+H]+	C20H31N4O16P	TRUE	seed_peak
M137T352	137.059	351.7	C07086	[M]	[M+H]+	C8H8O2	TRUE	seed_peak
M148T412	148.0607	411.5	C05938;C03790	[M];[M]	[M+H]+;[M+H]+	C5H9NO4	TRUE	known_peak
M194T331	194.0802	330.8	C05598	[M]	[M+H]+	C10H11NO3	TRUE	seed_peak
M147T387	147.0429	386.6	C00166;C07114	[M];[M]	[M-H2O+H]+;[M-H2O+H]+	C9H8O3	TRUE	known_peak
M161T325	161.0588	324.5	KeggExd064092;C13638;KeggExd062459;KeggExd022753;KeggExd062460;C20646	[M];[M];[M];[M];[M];[M]	[M+Na]+;[M+Na]+;[M+Na]+;[M+Na]+;[M+Na]+;[M-H2O+H]+	C8H10O2;C10H10O3	TRUE	unknown_peak
M61T171	61.0404	171.4	C00086	[M]	[M+H]+	CH4N2O	TRUE	seed_peak
M86T566	86.0598	565.9	C01026;C00334	[M];[M]	[M-H2O+H]+;[M-H2O+H]+	C4H9NO2	TRUE	known_peak
M146T648	146.0916	648	C01035	[M]	[M+H]+	C5H11N3O2	TRUE	seed_peak
M426T398	426.316	398.5	C00695	[M]	[M+NH4]+	C24H40O5	TRUE	known_peak
M426T413	426.3162	412.9	C00695	[M]	[M+NH4]+	C24H40O5	TRUE	known_peak
M466T449	466.3111	449.1	C01921	[M]	[M+H]+	C26H43NO6	TRUE	seed_peak
M361T69	361.1969	69.4	C00762	[M]	[M+H]+	C21H28O5	TRUE	seed_peak
M382T345	382.2547	345.4	KeggExd046666;C05470;C05471	[M];[M];[M]	[M+NH4]+;[M+NH4]+;[M+NH4]+	C21H32O5	TRUE	unknown_peak
M384T340	384.2705	340.4	C05472;C05481;KeggExd046667	[M];[M];[M]	[M+NH4]+;[M+NH4]+;[M+NH4]+	C21H34O5	TRUE	unknown_peak
M384T365	384.27	365.4	C05472;C05481;KeggExd046667	[M];[M];[M]	[M+NH4]+;[M+NH4]+;[M+NH4]+	C21H34O5	TRUE	unknown_peak
M366T317	366.2601	317	KeggExd047005	[M]	[M+NH4]+	C21H32O4	TRUE	unknown_peak
M541T450	541.2589	449.8	KeggExd046538	[M]	[M+H]+	C27H40O11	TRUE	unknown_peak
M558T450	558.28510000000006	449.8	KeggExd046538	[M]	[M+NH4]+	C27H40O11	TRUE	unknown_peak
M386T364	386.2856	363.5	C05482	[M]	[M+NH4]+	C21H36O5	TRUE	known_peak
M122T312_2	122.0964	311.7	C02846	[M]	[M+H]+	C8H11N	TRUE	seed_peak
M174T449	174.0542	448.5	C06325	[M]	[M+H]+	C10H7NO2	TRUE	seed_peak
M350T445	350.0837	444.6	KeggExd057043	[M]	[M+H]+	C16H15NO8	TRUE	unknown_peak
M110T547	110.0596	546.8	C02372	[M]	[M+H]+	C6H7NO	TRUE	seed_peak
M196T420	196.0592	420.3	C05604;KeggExd005533;C19631;KeggExd001791;C00822;C17366	[M];[M];[M];[M];[M];[M]	[M+H]+;[M+H]+;[M+H]+;[M+H]+;[M+H]+;[M+Na]+	C9H9NO4;C7H11NO4	TRUE	unknown_peak
M238T324	238.106	324	C03142	[M]	[M-H2O+H]+	C12H17NO5	TRUE	known_peak
M245T402	245.0943	402	C20843	[M]	[M+Na]+	C11H14N2O3	TRUE	known_peak
M332T382	332.0948	381.6	KeggExd048311;KeggExd048312;KeggExd007386;KeggExd005535;KeggExd005534;KeggExd007385;C14871;KeggExd001793;KeggExd001792	[M];[M];[M];[M];[M];[M];[M];[M];[M]	[M+NH4]+;[M+NH4]+;[M+NH4]+;[M+NH4]+;[M+NH4]+;[M+NH4]+;[M-H2O+H]+;[M+NH4]+;[M+NH4]+	C13H14O9;C12H19N3O7S	TRUE	unknown_peak
M196T388	196.0593	387.9	C05604;C19631;C00822;KeggExd005533;KeggExd001791	[M];[M];[M];[M];[M]	[M+H]+;[M+H]+;[M+H]+;[M+H]+;[M+H]+	C9H9NO4	TRUE	unknown_peak
M218T387	218.041	387.3	C05604;KeggExd005533;C19631;KeggExd001791;C00822	[M];[M];[M];[M];[M]	[M+Na]+;[M+Na]+;[M+Na]+;[M+Na]+;[M+Na]+	C9H9NO4	TRUE	unknown_peak
M372T650	372.0886	649.8	KeggExd048371;KeggExd048372;KeggExd001795	[M];[M];[M]	[M+H]+;[M+H]+;[M+H]+	C15H17NO10	TRUE	unknown_peak
M146T690_2	146.1172	690	C01181	[M]	[M]+	C7H16NO2	TRUE	seed_peak
M163T701	163.1218	701.4	C00487	[M]	[M+H]+	C7H16NO3	TRUE	known_peak
M199T440	199.0622	440.2	C02636	[M]	[M+K]+	C7H14NO3	TRUE	known_peak
M176T733	176.066	733.3	C03139	[M]	[M+H]+	C5H9N3O4	TRUE	seed_peak
M124T37	124.0386	36.9	C10164	[M]	[M+H]+	C6H5NO2	TRUE	seed_peak
M325T229	325.1891	228.5	C06526	[M]	[M+H]+	C20H24N2O2	TRUE	seed_peak
M341T227	341.1837	227.1	C07344	[M]	[M+H]+	C20H24N2O3	TRUE	known_peak
M341T322	341.1827	322.5	C07344	[M]	[M+H]+	C20H24N2O3	TRUE	known_peak
M115T568	115.0498	568.3	C00429	[M]	[M+H]+	C4H6N2O2	TRUE	seed_peak
M133T570	133.0601	570.3	C02642	[M]	[M+H]+	C4H8N2O3	TRUE	known_peak
M149T319	149.0448	318.6	C01114;C00815	[M];[M]	[M+H]+;[M+H]+	C5H8O5	TRUE	seed_peak
M185T710	185.0412	709.9	C03652;C02488;C01088	[M];[M];[M]	[M+Na]+;[M+Na]+;[M+Na]+	C6H10O5	TRUE	known_peak
M188T696	188.0541	695.8	C20258	[M]	[M+H]+	C7H9NO5	TRUE	known_peak
M188T725	188.0548	725.2	C20258	[M]	[M+H]+	C7H9NO5	TRUE	known_peak
M264T552_2	264.1689	551.5	C06655;C04137	[M];[M]	[M+NH4]+;[M+NH4]+	C9H18N4O4	TRUE	known_peak
M271T537	271.0724	537.2	C17238	[M]	[M+H]+	C11H14N2O4S	TRUE	known_peak
M351T467	351.028	467.5	KeggExd110843	[M]	[M+H]+	C11H14N2O7S2	TRUE	unknown_peak
M447T757	447.1022	756.7	KeggExd110842	[M]	[M+H]+	C17H22N2O10S	TRUE	unknown_peak
M271T467	271.0727	466.8	C17238	[M]	[M+H]+	C11H14N2O4S	TRUE	known_peak
M135T433_1	135.0644	433.3	C01801	[M]	[M+H]+	C5H10O4	TRUE	seed_peak
M177T743	177.0382	743.4	C00072	[M]	[M+H]+	C6H8O6	TRUE	seed_peak
M193T624	193.0363	623.9	C00679;C03921;C00158;C00311;C04575;C20896;C21095	[M];[M];[M];[M];[M];[M];[M]	[M+H]+;[M+H]+;[M+H]+;[M+H]+;[M+H]+;[M+H]+;[M+H]+	C6H8O7	TRUE	known_peak
M379T468	379.1329	468.1	C20333	[M]	[M+H]+	C14H22N2O10	TRUE	known_peak
M146T308	146.1168	308	C01181	[M]	[M]+	C7H16NO2	TRUE	seed_peak
M164T340	164.0365	339.9	C06809	[M]	[M+H]+	C5H9NO3S	TRUE	seed_peak
M384T785	384.1458	784.5	C00611	[M]	[M+H]+	C14H25NO11	TRUE	seed_peak
M380T706	380.1144	706.2	C03451;KeggExd001732;KeggExd001731	[M];[M];[M]	[M+H]+;[M-H2O+H]+;[M-H2O+H]+	C13H21N3O8S;C14H23NO12	TRUE	unknown_peak
M384T751	384.1461	751	C00611	[M]	[M+H]+	C14H25NO11	TRUE	seed_peak
M352T747	352.1391	747.2	C14874	[M]	[M+NH4]+	C12H20N3O6S	TRUE	known_peak
M362T728	362.1047	727.8	C03451	[M]	[M-H2O+H]+	C13H21N3O8S	TRUE	known_peak
M366T547	366.0545	546.8	C14864;C14865	[M];[M]	[M-H2O+H]+;[M-H2O+H]+	C12H18ClN3O7S	TRUE	known_peak
M450T590	450.1477	590.5	KeggExd050162;KeggExd050163;KeggExd050161;KeggExd050164	[M];[M];[M];[M]	[M+NH4]+;[M+NH4]+;[M+NH4]+;[M+NH4]+	C17H22NO12	TRUE	unknown_peak
M450T615	450.148	615.1	KeggExd050161;KeggExd050163;KeggExd050162;KeggExd050164	[M];[M];[M];[M]	[M+NH4]+;[M+NH4]+;[M+NH4]+;[M+NH4]+	C17H22NO12	TRUE	unknown_peak
M203T435	203.0803	435.4	C21124	[M]	[M+H]+	C11H10N2O2	TRUE	known_peak
M295T438	295.1361	437.5	C19767;C04290	[M];[M]	[M+Na]+;[M+Na]+	C16H20N2O2	TRUE	known_peak
M324T403	324.132	403.3	KeggExd141882	[M]	[M+Na]+	C16H19N3O3	TRUE	unknown_peak
M221T502	221.0907	501.6	C00643;C19716	[M];[M]	[M+H]+;[M+H]+	C11H12N2O3	TRUE	known_peak
M254T555	254.1098	554.7	C02700	[M]	[M+NH4]+	C11H12N2O4	TRUE	known_peak
M305T515	305.084	514.7	C03506	[M]	[M+NH4]+	C11H14NO6P	TRUE	known_peak
M173T351	173.0546	350.6	C15523;C05629;C15513	[M];[M];[M]	[M+NH4]+;[M+Na]+;[M+Na]+	C6H5NO4;C9H10O2	TRUE	known_peak
M142T351	142.1219	350.6	C00729;C02066;C11359;C06179	[M];[M];[M];[M]	[M+H]+;[M+H]+;[M+H]+;[M+H]+	C8H15NO	TRUE	known_peak
M201T428	201.1625	428.2	C12452;C12453	[M];[M]	[M+NH4]+;[M+NH4]+	C10H17NO2	TRUE	known_peak
M191T333	191.0689	332.8	KeggExd048287;KeggExd030266	[M];[M]	[M+Na]+;[M+Na]+	C9H12O3	TRUE	unknown_peak
M142T415_2	142.1222	415.1	C06179;C02066;C11359;C00729	[M];[M];[M];[M]	[M+H]+;[M+H]+;[M+H]+;[M+H]+	C8H15NO	TRUE	known_peak
M142T490	142.1217	490.5	C11359;C06179	[M];[M]	[M+H]+;[M+H]+	C8H15NO	TRUE	known_peak
M200T270	200.1268	270.1	C12448	[M]	[M+H]+	C10H17NO3	TRUE	known_peak
M220T392	220.0953	391.7	C20371;C05588;KeggExd007045	[M];[M];[M]	[M+Na]+;[M+Na]+;[M+Na]+	C10H15NO3	TRUE	unknown_peak
M200T304	200.1269	303.6	C12448	[M]	[M+H]+	C10H17NO3	TRUE	known_peak
M158T624	158.0203	623.9	C00188;C00820;C05519;C12317;C02115;C00155;C00263	[M];[M];[M];[M];[M];[M];[M]	[M+K]+;[M+K]+;[M+K]+;[M+K]+;[M+K]+;[M+Na]+;[M+K]+	C4H9NO3;C4H9NO2S	TRUE	known_peak
M475T641	475.0925	641.4	C20641	[M]	[M-H2O+H]+	C15H21N6O11P	TRUE	known_peak
M180T609	179.9811	609.4	C05678	[M]	[M+K]+	C2H8NO4P	TRUE	known_peak
M302T528	302.0843	527.9	KeggExd003105	[M]	[M+Na]+	C10H17NO8	TRUE	unknown_peak
M319T448	319.0666	448.1	KeggExd003010;KeggExd003011	[M];[M]	[M-H2O+H]+;[M-H2O+H]+	C12H16O11	TRUE	unknown_peak
M302T629	302.084	628.8	KeggExd003105	[M]	[M+Na]+	C10H17NO8	TRUE	unknown_peak
M317T762	317.0819	762.4	C17935	[M]	[M+H]+	C12H16N2O6S	TRUE	known_peak
M527T608	527.1878	607.9	KeggExd148950	[M]	[M+NH4]+	C18H29N4O11S	TRUE	unknown_peak
M332T619	332.1315	619.4	KeggExd115704	[M]	[M+NH4]+	C13H18N2O5S	TRUE	unknown_peak
M483T609	483.0974	608.9	C19703	[M]	[M+K]+	C15H28N2O11S	TRUE	known_peak
M164T302	164.1061	301.9	C04351;KeggExd068638;C06746	[M];[M];[M]	[M+H]+;[M+H]+;[M+H]+	C10H13NO	TRUE	unknown_peak
M169T312	169.1325	312.3	C08300;C16719;C02442;C03711	[M];[M];[M];[M]	[M+NH4]+;[M+NH4]+;[M+NH4]+;[M+NH4]+	C9H13NO	TRUE	known_peak
M231T730	231.0252	729.6	C06441;C00231;C03737;C00117;C00620;C03906;KeggExd148842;C01112	[M];[M];[M];[M];[M];[M];[M];[M]	[M+H]+;[M+H]+;[M+H]+;[M+H]+;[M+H]+;[M+H]+;[M+H]+;[M+H]+	C5H11O8P	TRUE	unknown_peak
M236T511	236.0214	510.6	KeggExd001794	[M]	[M+NH4]+	C7H6O6S	TRUE	unknown_peak
M329T387	329.0837	386.7	KeggExd002212;C16519;KeggExd048336;KeggExd048335;KeggExd085677;KeggExd005974;KeggExd085778;KeggExd021377;KeggExd050311;KeggExd020152	[M];[M];[M];[M];[M];[M];[M];[M];[M];[M]	[M+Na]+;[M+H]+;[M+H]+;[M+H]+;[M+H]+;[M+H]+;[M+H]+;[M+H]+;[M+H]+;[M+H]+	C12H18O9;C14H16O9	TRUE	unknown_peak
M194T500	194.0648	500.1	C03289;C04349;C03217;C06033;C04053	[M];[M];[M];[M];[M]	[M+NH4]+;[M+NH4]+;[M+NH4]+;[M+NH4]+;[M+NH4]+	C6H8O6	TRUE	known_peak
M194T709	194.0646	709	C06033;C03217;C04349	[M];[M];[M]	[M+NH4]+;[M+NH4]+;[M+NH4]+	C6H8O6	TRUE	known_peak
M224T745	224.0738	744.6	C01251;C04593;C05662	[M];[M];[M]	[M+NH4]+;[M+NH4]+;[M+NH4]+	C7H10O7	TRUE	known_peak
M246T470	246.093	470.1	KeggExd002280;KeggExd007855;KeggExd002279;KeggExd007856	[M];[M];[M];[M]	[M+NH4]+;[M+NH4]+;[M+NH4]+;[M+NH4]+	C10H12O6	TRUE	unknown_peak
M285T733	285.0931	733.3	C04137;C06655	[M];[M]	[M+K]+;[M+K]+	C9H18N4O4	TRUE	known_peak
M346T458	346.1098	458	C16519;KeggExd048335;KeggExd005974;KeggExd048336;KeggExd050311;KeggExd085777;KeggExd021376;KeggExd085676;KeggExd018461;KeggExd018462	[M];[M];[M];[M];[M];[M];[M];[M];[M];[M]	[M+NH4]+;[M+NH4]+;[M+NH4]+;[M+NH4]+;[M+NH4]+;[M+NH4]+;[M+NH4]+;[M+NH4]+;[M+NH4]+;[M+NH4]+	C14H16O9	TRUE	unknown_peak
M177T331	177.0426	330.9	C03387;C02670;C04053	[M];[M];[M]	[M+H]+;[M+H]+;[M+H]+	C6H8O6	TRUE	known_peak
M150T190_2	150.0576	189.9	C00450	[M]	[M+Na]+	C6H9NO2	TRUE	known_peak
M168T504_2	168.0624	503.6	C04076;C03656;C02946	[M];[M];[M]	[M+Na]+;[M+Na]+;[M+Na]+	C6H11NO3	TRUE	known_peak
M182T633	182.0568	632.6	C03584	[M]	[M-H2O+H]+	C7H9N3O4	TRUE	known_peak
M391T619	391.0153	619.1	C01103	[M]	[M+Na]+	C10H13N2O11P	TRUE	known_peak
M177T390	177.0322	389.9	KeggExd062459;KeggExd022753;KeggExd062460;C03277	[M];[M];[M];[M]	[M+K]+;[M+K]+;[M+K]+;[M+Na]+	C8H10O2;C6H6N2O3	TRUE	unknown_peak
M241T736	241.1287	736.4	C00884;C04138	[M];[M]	[M+H]+;[M+H]+	C10H16N4O3	TRUE	known_peak
M139T569	139.0495	569	C03680;C03817;C05568	[M];[M];[M]	[M-H2O+H]+;[M-H2O+H]+;[M-H2O+H]+	C6H8N2O3	TRUE	known_peak
M293T351	293.1445	350.7	C16608	[M]	[M-H2O+H]+	C19H19FN2O	TRUE	known_peak
M307T410	307.0458	410.2	C04524;KeggExd098668;C00294;C11544	[M];[M];[M];[M]	[M+H]+;[M+K]+;[M+K]+;[M+K]+	C14H10O8;C10H12N4O5;C9H16O9	TRUE	unknown_peak
M152T399	152.0558	398.5	C00242	[M]	[M+H]+	C5H5N5O	TRUE	known_peak
M257T535	257.0527	534.8	C03738;C20958;C20957	[M];[M];[M]	[M+K]+;[M+K]+;[M+K]+	C8H14N2O5	TRUE	known_peak
M200T489	200.0906	489.2	C02290	[M]	[M+K]+	C7H17N2O2	TRUE	known_peak
M267T469	267.1682	468.8	KeggExd141075	[M]	[M+Na]+	C12H24N2O3	TRUE	unknown_peak
M165T580	165.09	580	C03790;C05941;C00979;C05574;C03618;C00217;C00302;C05938	[M];[M];[M];[M];[M];[M];[M];[M]	[M+NH4]+;[M+NH4]+;[M+NH4]+;[M+NH4]+;[M+NH4]+;[M+NH4]+;[M+NH4]+;[M+NH4]+	C5H9NO4	TRUE	known_peak
M185T446	185.0799	445.9	C01996	[M]	[M+K]+	C7H16NO2	TRUE	known_peak
M166T367	166.0712	367.5	C00652;C02753;C02266;C03826;C00684	[M];[M];[M];[M];[M]	[M+NH4]+;[M+NH4]+;[M+NH4]+;[M+NH4]+;[M+NH4]+	C5H8O5	TRUE	known_peak
M175T799	175.0228	798.9	C00679;C03921	[M];[M]	[M-H2O+H]+;[M-H2O+H]+	C6H8O7	TRUE	known_peak
M203T534	203.0512	534.1	C10906;C01934;C01680;C01720;C00095;C00031;C00159;C00267;C00221;C00984;C00124;C06468;C00764;C00795	[M];[M];[M];[M];[M];[M];[M];[M];[M];[M];[M];[M];[M];[M]	[M+Na]+;[M+Na]+;[M+Na]+;[M+Na]+;[M+Na]+;[M+Na]+;[M+Na]+;[M+Na]+;[M+Na]+;[M+Na]+;[M+Na]+;[M+Na]+;[M+Na]+;[M+Na]+	C6H12O6	TRUE	known_peak
M177T630	177.0745	630.1	C02504;C02123	[M];[M]	[M+H]+;[M+H]+	C7H12O5	TRUE	known_peak
M215T646	215.0161	646.2	C00499	[M]	[M+K]+	C4H8N4O4	TRUE	known_peak
M428T589	428.0364	589.1	C05993	[M]	[M+K]+	C12H16N5O8P	TRUE	known_peak
M194T728	194.0646	727.8	C06033;C03217;C04349	[M];[M];[M]	[M+NH4]+;[M+NH4]+;[M+NH4]+	C6H8O6	TRUE	known_peak
M195T388_1	195.1366	387.9	C03047	[M]	[M+Na]+	C6H16N6	TRUE	known_peak
M267T676	267.1085	676.2	C06657	[M]	[M+Na]+	C9H16N4O4	TRUE	known_peak
M205T375	205.1208	375.5	C14113;C05548	[M];[M]	[M+Na]+;[M+NH4]+	C11H18O2;C8H13NO4	TRUE	known_peak
M337T498	337.0553	497.6	KeggExd001792;KeggExd001793	[M];[M]	[M+Na]+;[M+Na]+	C13H14O9	TRUE	unknown_peak
M106T546	106.0857	545.6	C06772	[M]	[M+H]+	C4H11NO2	TRUE	known_peak
M284T729	284.1076	729	C05340	[M]	[M+K]+	C9H19N5O3	TRUE	known_peak
M292T709_2	292.1632	708.7	C03296	[M]	[M+NH4]+	C10H18N4O5	TRUE	known_peak
M320T750	320.1677	750.4	C02993	[M]	[M-H2O+H]+	C15H23N5O4	TRUE	known_peak
M324T849	324.1625	848.7	C20910	[M]	[M+H]+	C14H21N5O4	TRUE	known_peak
M327T752	327.1255	752.3	C01682	[M]	[M+Na]+	C11H20N4O6	TRUE	known_peak
M328T467	328.0997	466.8	C19843	[M]	[M+K]+	C10H19N5O5	TRUE	known_peak
M292T723	292.1631	722.7	C03296	[M]	[M+NH4]+	C10H18N4O5	TRUE	known_peak
M346T824	346.1448	823.7	C20910	[M]	[M+Na]+	C14H21N5O4	TRUE	known_peak
M322T498	322.1732	497.6	C01682	[M]	[M+NH4]+	C11H20N4O6	TRUE	known_peak
M340T521	340.0996	521.2	KeggExd032617;KeggExd032616;KeggExd147047;KeggExd000922	[M];[M];[M];[M]	[M-H2O+H]+;[M-H2O+H]+;[M-H2O+H]+;[M-H2O+H]+	C15H19NO9	TRUE	unknown_peak
M358T506	358.1097	506.2	KeggExd032617;KeggExd032616;KeggExd147047;KeggExd000922	[M];[M];[M];[M]	[M+H]+;[M+H]+;[M+H]+;[M+H]+	C15H19NO9	TRUE	unknown_peak
M380T493	380.0916	493	C17751;KeggExd147047;KeggExd000922;KeggExd032617;KeggExd032616	[M];[M];[M];[M];[M]	[M+Na]+;[M+Na]+;[M+Na]+;[M+Na]+;[M+Na]+	C15H19NO9	TRUE	unknown_peak
M444T639_1	444.1818	639.5	KeggExd022938	[M]	[M+Na]+	C19H27N5O6	TRUE	unknown_peak
M300T730	300.082	729.7	C03492;KeggExd061262	[M];[M]	[M+H]+;[M+NH4]+	C9H18NO8P;C8H14N2O7S	TRUE	unknown_peak
M360T572	360.0655	571.6	C04544	[M]	[M+K]+	C11H19N3O6S	TRUE	known_peak
M305T859	305.1435	858.7	C01682	[M]	[M+H]+	C11H20N4O6	TRUE	known_peak
M268T805	268.1006	804.6	C00669	[M]	[M+NH4]+	C8H14N2O5S	TRUE	known_peak
M124T415	124.1114	415.1	C11359;C06179;C00729;C02066	[M];[M];[M];[M]	[M-H2O+H]+;[M-H2O+H]+;[M-H2O+H]+;[M-H2O+H]+	C8H15NO	TRUE	known_peak
M147T392	147.0752	392	C04281;C02237;C04282;C21029	[M];[M];[M];[M]	[M+NH4]+;[M+NH4]+;[M+NH4]+;[M+H]+	C5H7NO3;C5H10N2O3	TRUE	known_peak
M162T573	162.075	572.5	C02207;C01046;C03210;C01077	[M];[M];[M];[M]	[M+H]+;[M+H]+;[M+H]+;[M+H]+	C6H11NO4	TRUE	known_peak
M210T223	210.0746	223.5	C06203	[M]	[M+NH4]+	C10H8O4	TRUE	known_peak
M226T552	226.0682	551.5	C11355;C18054	[M];[M]	[M+H]+;[M+H]+	C10H11NO5	TRUE	known_peak
M180T492	180.0646	491.8	KeggExd005242	[M]	[M+H]+	C9H9NO3	TRUE	unknown_peak
M373T492	373.1207	491.8	KeggExd131821;KeggExd005248	[M];[M]	[M+NH4]+;[M+NH4]+	C15H17NO9	TRUE	unknown_peak
M166T689	166.0852	689.5	C03015	[M]	[M+NH4]+	C4H8N2O4	TRUE	known_peak
M182T352	182.0469	351.8	C06050	[M]	[M+H]+	C8H7NO4	TRUE	known_peak
M176T325	176.0698	325.3	C04227;C03758	[M];[M]	[M+Na]+;[M+Na]+	C8H11NO2	TRUE	known_peak
M272T435	272.1316	435.4	C06160	[M]	[M+H]+	C16H17NO3	TRUE	known_peak
M147T225	147.0466	225.3	C10945;C00811	[M];[M]	[M-H2O+H]+;[M-H2O+H]+	C9H8O3	TRUE	known_peak
M184T340	184.096	339.9	C01744;C05607;C01456;C12206	[M];[M];[M];[M]	[M+NH4]+;[M+NH4]+;[M+NH4]+;[M+NH4]+	C9H10O3	TRUE	known_peak
M283T352	283.1267	351.8	KeggExd115394;C17744	[M];[M]	[M+Na]+;[M+Na]+	C16H20O3	TRUE	unknown_peak
M261T358	261.1431	357.9	KeggExd115394	[M]	[M+H]+	C16H20O3	TRUE	unknown_peak
M186T407	186.0751	407.4	C06672;C03198;C16215;KeggExd002194;C05343;C06207;C14109;C00544;C01161	[M];[M];[M];[M];[M];[M];[M];[M];[M]	[M+NH4]+;[M+NH4]+;[M+NH4]+;[M+NH4]+;[M+NH4]+;[M+NH4]+;[M+NH4]+;[M+NH4]+;[M+NH4]+	C8H8O4	TRUE	unknown_peak
M135T310	135.0909	309.8	C00463;C16074	[M];[M]	[M+NH4]+;[M+NH4]+	C8H7N	TRUE	known_peak
M190T302	190.085	302.1	C20635	[M]	[M+H]+	C11H11NO2	TRUE	known_peak
M207T413	207.1116	413	C20635	[M]	[M+NH4]+	C11H11NO2	TRUE	known_peak
M247T639	247.1385	639.4	C06655;C04137	[M];[M]	[M+H]+;[M+H]+	C9H18N4O4	TRUE	known_peak
M219T699	219.0461	699	C00800;C00257;C00770;C00880	[M];[M];[M];[M]	[M+Na]+;[M+Na]+;[M+Na]+;[M+Na]+	C6H12O7	TRUE	known_peak
M217T703	217.0304	703.2	KeggExd110297;C00618;C06473;C01062	[M];[M];[M];[M]	[M+Na]+;[M+Na]+;[M+Na]+;[M+Na]+	C6H10O7	TRUE	unknown_peak
M215T555_1	215.1017	555.3	C15767;C03415;C21015;C04390	[M];[M];[M];[M]	[M-H2O+H]+;[M-H2O+H]+;[M-H2O+H]+;[M-H2O+H]+	C9H16N2O5	TRUE	known_peak
M220T686	220.08	686.4	C01118	[M]	[M+H]+	C8H13NO6	TRUE	known_peak
M291T582	291.1162	581.7	C04421	[M]	[M+H]+	C11H18N2O7	TRUE	known_peak
M261T315	261.0964	315.3	C20577	[M]	[M-H2O+H]+	C11H18O8	TRUE	known_peak
M265T377	265.1415	377.3	C01594	[M]	[M+NH4]+	C10H17NO6	TRUE	known_peak
M269T659	268.9982	658.7	KeggExd004896;KeggExd004895;KeggExd004893;KeggExd004894	[M];[M];[M];[M]	[M+Na]+;[M+Na]+;[M+Na]+;[M+Na]+	C5H10O9S	TRUE	unknown_peak
M285T653	284.97	653.1	KeggExd004896;KeggExd004895;KeggExd004893;KeggExd004894	[M];[M];[M];[M]	[M+K]+;[M+K]+;[M+K]+;[M+K]+	C5H10O9S	TRUE	unknown_peak
M327T731	327.126	731.5	C01682	[M]	[M+Na]+	C11H20N4O6	TRUE	known_peak
M225T678	225.0093	677.9	KeggExd028796;KeggExd028797;KeggExd018526	[M];[M];[M]	[M-H2O+H]+;[M-H2O+H]+;[M-H2O+H]+	C6H10O8S	TRUE	unknown_peak
M463T667	463.0155	667.3	KeggExd018529;KeggExd018528;KeggExd028799;KeggExd028802;KeggExd028800;KeggExd028803	[M];[M];[M];[M];[M];[M]	[M-H+2Na]+;[M-H+2Na]+;[M-H+2Na]+;[M-H+2Na]+;[M-H+2Na]+;[M-H+2Na]+	C12H18O14S	TRUE	unknown_peak
M436T678	436.0756	677.9	KeggExd028799;KeggExd028802;KeggExd018528;KeggExd018529;KeggExd028803;KeggExd028800	[M];[M];[M];[M];[M];[M]	[M+NH4]+;[M+NH4]+;[M+NH4]+;[M+NH4]+;[M+NH4]+;[M+NH4]+	C12H18O14S	TRUE	unknown_peak
M129T387	129.0648	387	C01059;C05942;C03927;C07111	[M];[M];[M];[M]	[M+NH4]+;[M+NH4]+;[M+NH4]+;[M+Na]+	C5H5NO2;C8H10	TRUE	known_peak
M149T369	149.0951	369.3	C03741;C01165;C05147;C19706	[M];[M];[M];[M]	[M+NH4]+;[M+NH4]+;[M+NH4]+;[M+NH4]+	C5H9NO3	TRUE	known_peak
M200T565	200.1014	565.3	C06114	[M]	[M+H]+	C8H13N3O3	TRUE	known_peak
M207T566	207.1001	565.8	C00624	[M]	[M+NH4]+	C7H11NO5	TRUE	known_peak
M130T828	130.0493	828.3	C00217;C00302;C03618	[M];[M];[M]	[M-H2O+H]+;[M-H2O+H]+;[M-H2O+H]+	C5H9NO4	TRUE	known_peak
M202T267	202.0851	267.4	KeggExd004170	[M]	[M+Na]+	C10H13NO2	TRUE	unknown_peak
M205T879	205.1167	878.8	C04210	[M]	[M+H]+	C8H16N2O4	TRUE	known_peak
M190T474	190.1061	473.5	C06326	[M]	[M+H]+	C8H15NO4	TRUE	known_peak
M223T736	223.1177	736.4	C04138;C00884	[M];[M]	[M-H2O+H]+;[M-H2O+H]+	C10H16N4O3	TRUE	known_peak
M219T754	219.0962	753.6	C20958;C20957	[M];[M]	[M+H]+;[M+H]+	C8H14N2O5	TRUE	known_peak
M241T552	241.0804	552.1	C20957;C03738;C20958;KeggExd057113;KeggExd013434	[M];[M];[M];[M];[M]	[M+Na]+;[M+Na]+;[M+Na]+;[M+NH4]+;[M+NH4]+	C8H14N2O5;C10H9NO5	TRUE	unknown_peak
M317T597_2	317.1122	597	C03492	[M]	[M+NH4]+	C9H18NO8P	TRUE	known_peak
M374T810	374.0928	809.7	C04540	[M]	[M+K]+	C12H21N3O8	TRUE	known_peak
M340T483	340.0992	483	KeggExd032617;KeggExd147047;KeggExd000922;KeggExd032616	[M];[M];[M];[M]	[M-H2O+H]+;[M-H2O+H]+;[M-H2O+H]+;[M-H2O+H]+	C15H19NO9	TRUE	unknown_peak
M350T619	350.1175	619	KeggExd028778;KeggExd028779	[M];[M]	[M+NH4]+;[M+NH4]+	C12H16N2O9	TRUE	unknown_peak
M119T418	119.0849	418.4	C17234;KeggExd062750;C20905	[M];[M];[M]	[M+NH4]+;[M+NH4]+;[M+NH4]+	C4H7NO2	TRUE	unknown_peak
M205T357	205.121	357.4	C05548	[M]	[M+NH4]+	C8H13NO4	TRUE	known_peak
M302T742	302.1323	742.1	KeggExd039980	[M]	[M-H2O+H]+	C12H21N3O7	TRUE	unknown_peak
M240T503	240.1326	502.8	C20843	[M]	[M+NH4]+	C11H14N2O3	TRUE	known_peak
M235T421_1	235.0908	421.1	C04690	[M]	[M+NH4]+	C8H11NO6	TRUE	known_peak
M251T279	251.0467	278.5	C01745;KeggExd102439	[M];[M]	[M+K]+;[M+K]+	C14H12O2	TRUE	unknown_peak
M199T703_1	199.0199	703.2	C03217;C06033;C04349	[M];[M];[M]	[M+Na]+;[M+Na]+;[M+Na]+	C6H8O6	TRUE	known_peak
M351T804	351.1552	804	C20994	[M]	[M+NH4]+	C12H21N4O5S	TRUE	known_peak
M333T747	333.1621	746.7	KeggExd148951	[M]	[M+H]+	C13H24N4O4S	TRUE	unknown_peak
M364T416	364.1722	415.8	C19691	[M]	[M+K]+	C18H31NO2S	TRUE	known_peak
M356T818	356.115	818.5	C20994	[M]	[M+Na]+	C12H21N4O5S	TRUE	known_peak
M352T431	352.0995	431.4	C18347;C01225	[M];[M]	[M+NH4]+;[M+NH4]+	C16H14O8;C9H19O11P	TRUE	known_peak
M193T575	193.0695	574.7	C00296	[M]	[M+H]+	C7H12O6	TRUE	known_peak
M372T399	372.1296	398.5	C00852	[M]	[M+NH4]+	C16H18O9	TRUE	known_peak
M372T278	372.1297	278.5	C00852	[M]	[M+NH4]+	C16H18O9	TRUE	known_peak
M372T385	372.1304	385.5	C00852	[M]	[M+NH4]+	C16H18O9	TRUE	known_peak
M217T773_2	217.1282	772.8	C06114	[M]	[M+NH4]+	C8H13N3O3	TRUE	known_peak
M293T589	293.0618	589.2	C11546;C05401;KeggExd028516;KeggExd028515;KeggExd028517;KeggExd028518	[M];[M];[M];[M];[M];[M]	[M+K]+;[M+K]+;[M+NH4]+;[M+NH4]+;[M+NH4]+;[M+NH4]+	C9H18O8;C6H13NO9S	TRUE	unknown_peak
M309T530	309.1167	530.5	C08247	[M]	[M-H2O+H]+	C12H22O10	TRUE	known_peak
M187T307	187.1065	307.1	C00547	[M]	[M+NH4]+	C8H11NO3	TRUE	known_peak
M311T323	311.1571	322.7	C16608	[M]	[M+H]+	C19H19FN2O	TRUE	known_peak
M318T361	318.0974	361	C08481;C00844	[M];[M]	[M+Na]+;[M+Na]+	C14H17NO6	TRUE	known_peak
M338T776	338.1055	776.3	C14180	[M]	[M+H]+	C11H19N3O7S	TRUE	known_peak
M395T688	395.1383	688.1	KeggExd086081	[M]	[M+H]+	C14H24N3O8S	TRUE	unknown_peak
M457T781	457.2244	781.4	C05730	[M]	[M+Na]+	C17H34N6O5S	TRUE	known_peak
M413T588	412.9705	587.8	C01185	[M]	[M-H+2K]+	C11H15NO9P	TRUE	known_peak
M196T550	196.0709	549.7	C03771;C01419	[M];[M]	[M+Na]+;[M+NH4]+	C6H11N3O3;C5H10N2O3S	TRUE	known_peak
M598T548	598.1635	548	C14855;C14856	[M];[M]	[M+Na]+;[M+Na]+	C30H29N3O7S	TRUE	known_peak
M195T363	195.1369	363.4	C03047	[M]	[M+Na]+	C6H16N6	TRUE	known_peak
M109T335	109.0282	334.8	C00472	[M]	[M+H]+	C6H4O2	TRUE	known_peak
M130T455	130.0497	455	C02237;C04281;C04282	[M];[M];[M]	[M+H]+;[M+H]+;[M+H]+	C5H7NO3	TRUE	known_peak
M188T272	188.1057	272.2	C02765;C06199	[M];[M]	[M+Na]+;[M+Na]+	C10H15NO	TRUE	known_peak
M169T367	169.1326	366.8	C16719;C08300;C02442	[M];[M];[M]	[M+NH4]+;[M+NH4]+;[M+NH4]+	C9H13NO	TRUE	known_peak
M178T495	178.0851	494.8	C20846	[M]	[M+NH4]+	C5H8N2O4	TRUE	known_peak
M154T460	154.0854	460.3	C03758;C16666;C04227;C02486;C21092;C00407;C00123	[M];[M];[M];[M];[M];[M];[M]	[M+H]+;[M+H]+;[M+H]+;[M+Na]+;[M+Na]+;[M+Na]+;[M+Na]+	C8H11NO2;C6H13NO2	TRUE	known_peak
M229T430	229.1172	429.6	KeggExd003180;KeggExd003181	[M];[M]	[M+NH4]+;[M+NH4]+	C10H13NO4	TRUE	unknown_peak
M247T448	247.0916	447.8	C04797;C04796;C17758	[M];[M];[M]	[M+NH4]+;[M+NH4]+;[M+NH4]+	C9H11NO6	TRUE	known_peak
M247T571	247.0909	570.9	C04796;C17758;C04797;KeggExd062693;KeggExd148943	[M];[M];[M];[M];[M]	[M+NH4]+;[M+NH4]+;[M+NH4]+;[M+NH4]+;[M+H]+	C9H11NO6;C6H15NO6S;C8H14N4O3S	TRUE	unknown_peak
M344T377	344.1671	377.2	C06866	[M]	[M+K]+	C18H27NO3	TRUE	known_peak
M249T631_2	249.1082	630.8	KeggExd038149;KeggExd038200	[M];[M]	[M+NH4]+;[M+NH4]+	C9H13NO6	TRUE	unknown_peak
M232T304	232.095	304	C12231	[M]	[M+Na]+	C11H15NO3	TRUE	known_peak
M326T410	326.0839	410.2	C06350;C02916	[M];[M]	[M+K]+;[M+K]+	C16H17NO4	TRUE	known_peak
M319T422	319.164	421.6	C06517;C05203;KeggExd022670;KeggExd022671	[M];[M];[M];[M]	[M+NH4]+;[M+NH4]+;[M+NH4]+;[M+NH4]+	C17H19NO4	TRUE	unknown_peak
M234T373	234.0196	373.1	C19631;C00822	[M];[M]	[M+K]+;[M+K]+	C9H9NO4	TRUE	known_peak
M247T851	247.1388	851.2	C04137;C06655	[M];[M]	[M+H]+;[M+H]+	C9H18N4O4	TRUE	known_peak
M305T787	305.143	787	C01682	[M]	[M+H]+	C11H20N4O6	TRUE	known_peak
M294T702	294.0985	702.5	KeggExd058200	[M]	[M+H]+	C10H18N2O6P	TRUE	unknown_peak
M388T706	388.12	706.2	KeggExd058199;C17951	[M];[M]	[M+Na]+;[M+Na]+	C13H24N3O7P	TRUE	unknown_peak
M308T606	308.0266	605.6	KeggExd007401;KeggExd007402	[M];[M]	[M+NH4]+;[M+NH4]+	C6H10O11S	TRUE	unknown_peak
M323T432	323.1037	431.9	KeggExd131841	[M]	[M+NH4]+	C10H15N3O6S	TRUE	unknown_peak
M420T423	420.1823	423.3	KeggExd131840	[M]	[M+NH4]+	C16H24N3O9	TRUE	unknown_peak
M382T264	382.1676	263.7	C16710	[M]	[M-H2O+H]+	C22H25NO6	TRUE	known_peak
M386T259	386.1988	258.9	C16709	[M]	[M+H]+	C22H27NO5	TRUE	known_peak
M479T612_2	479.1256	612	C14803;C14806;C14804;C14805	[M];[M];[M];[M]	[M-H2O+H]+;[M-H2O+H]+;[M-H2O+H]+;[M-H2O+H]+	C20H24N4O9S	TRUE	known_peak
M385T410	385.1324	410.2	C02130	[M]	[M+H]+	C14H24O12	TRUE	known_peak
M458T425	458.1718	425	C08325	[M]	[M+H]+	C20H27NO11	TRUE	known_peak
M505T498	505.1789	497.5	KeggExd039847;KeggExd039892;C03661;C00492;C03848;C05404;C06219;KeggExd065214;KeggExd029698	[M];[M];[M];[M];[M];[M];[M];[M];[M]	[M+H]+;[M+H]+;[M+H]+;[M+H]+;[M+H]+;[M+H]+;[M+H]+;[M+H]+;[M+H]+	C18H32O16	TRUE	unknown_peak
M130T337	130.0496	336.8	C04281;C02237	[M];[M]	[M+H]+;[M+H]+	C5H7NO3	TRUE	known_peak
M240T380	240.1004	380.4	C15532	[M]	[M+Na]+	C8H15N3O4	TRUE	known_peak
M280T447	280.0465	446.5	KeggExd083425;KeggExd083424;KeggExd048297;KeggExd009467;KeggExd030289;KeggExd030288	[M];[M];[M];[M];[M];[M]	[M+NH4]+;[M+NH4]+;[M+NH4]+;[M+NH4]+;[M+NH4]+;[M+NH4]+	C9H10O7S	TRUE	unknown_peak
M384T434	384.1468	433.8	C19784	[M]	[M+H]+	C14H25NO11	TRUE	known_peak
M401T446	401.1753	445.6	C19784	[M]	[M+NH4]+	C14H25NO11	TRUE	known_peak
M433T497	433.1351	497.4	C00916	[M]	[M+NH4]+	C16H21N3O8S	TRUE	known_peak
M194T300	194.0649	300.4	C03387;C02670	[M];[M]	[M+NH4]+;[M+NH4]+	C6H8O6	TRUE	known_peak
M288T648	288.0738	648	KeggExd001046	[M]	[M+Na]+	C9H15NO8	TRUE	unknown_peak
M379T558	379.0823	558	KeggExd001177;KeggExd000972;KeggExd002232;KeggExd001175;KeggExd001176;KeggExd002233;KeggExd000971;KeggExd000969;KeggExd000970;KeggExd002230;KeggExd002231;KeggExd001174	[M];[M];[M];[M];[M];[M];[M];[M];[M];[M];[M];[M]	[M+Na]+;[M+Na]+;[M+Na]+;[M+Na]+;[M+Na]+;[M+Na]+;[M+Na]+;[M+Na]+;[M+Na]+;[M+Na]+;[M+Na]+;[M+Na]+	C12H20O12	TRUE	unknown_peak
M379T752	379.0809	751.6	KeggExd021942;KeggExd021943;KeggExd021945;KeggExd021944;KeggExd013752;KeggExd013753;KeggExd013754;KeggExd013755	[M];[M];[M];[M];[M];[M];[M];[M]	[M+Na]+;[M+Na]+;[M+Na]+;[M+Na]+;[M+Na]+;[M+Na]+;[M+Na]+;[M+Na]+	C12H20O12	TRUE	unknown_peak
M379T792	379.0804	792.3	KeggExd021942;KeggExd013752;KeggExd013753;KeggExd021943;KeggExd021944;KeggExd021945;KeggExd013754;KeggExd013755	[M];[M];[M];[M];[M];[M];[M];[M]	[M+Na]+;[M+Na]+;[M+Na]+;[M+Na]+;[M+Na]+;[M+Na]+;[M+Na]+;[M+Na]+	C12H20O12	TRUE	unknown_peak
M199T562_1	199.0691	561.7	C04771	[M]	[M+H]+	C8H10N2O4	TRUE	known_peak
M148T807	148.0598	806.5	C00217;C03618;C00979	[M];[M];[M]	[M+H]+;[M+H]+;[M+H]+	C5H9NO4	TRUE	known_peak
M290T740	290.1328	739.7	C21016	[M]	[M+H]+	C11H19N3O6	TRUE	known_peak
M151T514_2	151.0751	513.8	C00049	[M]	[M+NH4]+	C4H7NO4	TRUE	known_peak
M311T433	311.1466	433.3	C02713	[M]	[M+NH4]+	C11H19NO8	TRUE	known_peak
M334T398	334.0892	397.8	C05143	[M]	[M+Na]+	C14H17NO7	TRUE	known_peak
M368T382	368.1953	382.2	C11632;C01761	[M];[M]	[M+NH4]+;[M+NH4]+	C21H22N2O3	TRUE	known_peak
M390T589	390.0813	588.5	C05993	[M]	[M+H]+	C12H16N5O8P	TRUE	known_peak
M460T683	460.0601	682.6	C06372;C19784	[M];[M]	[M-H+2K]+;[M-H+2K]+	C14H25NO11	TRUE	known_peak
M542T682	542.0618	681.9	C00301	[M]	[M-H2O+H]+	C15H23N5O14P2	TRUE	known_peak
M352T421	352.0661	421	C04606	[M]	[M+NH4]+	C16H14O4S2	TRUE	known_peak
M366T390	366.1088	390.5	C05179	[M]	[M+K]+	C19H21NO4	TRUE	known_peak
M245T397	245.0571	396.5	C04000	[M]	[M+K]+	C12H14O3	TRUE	known_peak
M230T308	230.0466	308.4	KeggExd131850;KeggExd131851	[M];[M]	[M-H2O+H]+;[M-H2O+H]+	C9H13NO5S	TRUE	unknown_peak
M242T575	242.1119	574.7	C05939	[M]	[M-H2O+H]+	C10H17N3O5	TRUE	known_peak
M242T762	242.0402	762.4	C00352;C06156	[M];[M]	[M-H2O+H]+;[M-H2O+H]+	C6H14NO8P	TRUE	known_peak
M246T435	246.1077	434.7	C00526	[M]	[M+NH4]+	C9H12N2O5	TRUE	known_peak
M317T511_2	317.1342	510.6	C16352	[M]	[M+NH4]+	C11H15N4O6	TRUE	known_peak
M246T375	246.0416	375.5	KeggExd131808;KeggExd131819	[M];[M]	[M+H]+;[M+H]+	C9H11NO5S	TRUE	unknown_peak
M248T308	248.0572	308.4	KeggExd131850;KeggExd131851	[M];[M]	[M+H]+;[M+H]+	C9H13NO5S	TRUE	unknown_peak
M238T723	238.0433	722.7	C01233	[M]	[M+Na]+	C5H14NO6P	TRUE	known_peak
M255T567	255.1056	566.5	C11546;C05401	[M];[M]	[M+H]+;[M+H]+	C9H18O8	TRUE	known_peak
M373T836	373.1677	835.6	C20925	[M]	[M-H2O+H]+	C15H26N4O8	TRUE	known_peak
M283T622	283.0926	621.7	KeggExd148705	[M]	[M+Na]+	C10H16N2O6	TRUE	unknown_peak
M285T613	285.1074	612.8	C03539	[M]	[M+NH4]+	C9H17NO6S	TRUE	known_peak
M319T455	319.0997	454.5	KeggExd001135	[M]	[M+K]+	C11H22NO7	TRUE	unknown_peak
M213T560	213.0234	560.5	C00439	[M]	[M+K]+	C6H10N2O4	TRUE	known_peak
M307T561	307.1621	561.4	C21016	[M]	[M+NH4]+	C11H19N3O6	TRUE	known_peak
M304T796	304.0639	795.8	C20775	[M]	[M-H2O+H]+	C11H15NO10	TRUE	known_peak
M169T489	169.0485	489.2	C01161;C00544;C06207;C14109;C03198;C05343	[M];[M];[M];[M];[M];[M]	[M+H]+;[M+H]+;[M+H]+;[M+H]+;[M+H]+;[M+H]+	C8H8O4	TRUE	known_peak
M174T212	174.0537	212.4	C04350;C20634;C04353;C06804	[M];[M];[M];[M]	[M+Na]+;[M+Na]+;[M+Na]+;[M+Na]+	C8H9NO2;NA	TRUE	known_peak
M106T763	106.0493	763	C00065;C00716;C00740	[M];[M];[M]	[M+H]+;[M+H]+;[M+H]+	C3H7NO3	TRUE	known_peak
M196T493	196.0593	493	C17366	[M]	[M+Na]+	C7H11NO4	TRUE	known_peak
M227T515	227.1014	514.7	C04210	[M]	[M+Na]+	C8H16N2O4	TRUE	known_peak
M238T406	238.0693	406.1	C01275;C16149	[M];[M]	[M+NH4]+;[M+NH4]+	C11H8O5	TRUE	known_peak
M240T476	240.0826	475.6	KeggExd011940	[M]	[M+NH4]+	C11H10O5	TRUE	unknown_peak
M266T430	266.1371	430.2	C04335	[M]	[M+H]+	C14H19NO4	TRUE	known_peak
M269T733	269.0713	733.3	KeggExd148943	[M]	[M+Na]+	C8H14N4O3S	TRUE	unknown_peak
M381T575	381.1823	574.7	C05556	[M]	[M+NH4]+	C14H25N3O6S	TRUE	known_peak
M141T504	141.0399	504.3	C02634;C02635	[M];[M]	[M+NH4]+;[M+NH4]+	C3H6ClNO2	TRUE	known_peak
M360T693	360.1257	692.9	C05557	[M]	[M+H]+	C14H21N3O6S	TRUE	known_peak
M378T616	378.1358	616.4	KeggExd048206	[M]	[M+H]+	C14H23N3O7S	TRUE	unknown_peak
M382T340	382.112	340	KeggExd023911;KeggExd023910	[M];[M]	[M+NH4]+;[M+NH4]+	C17H16O9	TRUE	unknown_peak
M134T336	134.0596	336.5	C16571;C07301;C03005;C06804;C20634	[M];[M];[M];[M];[M]	[M-H2O+H]+;[M-H2O+H]+;[M-H2O+H]+;[M-H2O+H]+;[M-H2O+H]+	C8H9NO2;NA	TRUE	known_peak
M167T249	167.0844	249.3	C03574;C02775;C03742	[M];[M];[M]	[M+NH4]+;[M+NH4]+;[M+NH4]+	C8H7NO2	TRUE	known_peak
M164T375	164.0367	375.4	C08735;C04226	[M];[M]	[M+NH4]+;[M+Na]+	C3H3ClN4O;C6H7NO3	TRUE	known_peak
M164T407	164.0367	406.7	C04226	[M]	[M+Na]+	C6H7NO3	TRUE	known_peak
M182T440	182.0438	440.3	KeggExd031565	[M]	[M+Na]+	C6H9NO4	TRUE	unknown_peak
M212T760	212.1014	759.9	C02427	[M]	[M+Na]+	C7H15N3O3	TRUE	known_peak
M219T392	219.1116	392.3	C02983;C16831	[M];[M]	[M+H]+;[M+H]+	C12H14N2O2	TRUE	known_peak
M220T444	220.0623	443.9	C05646	[M]	[M+H]+	C11H9NO4	TRUE	known_peak
M242T444	242.0442	443.9	C05646	[M]	[M+Na]+	C11H9NO4	TRUE	known_peak
M229T317	229.0799	317	C00526;C08538	[M];[M]	[M+H]+;[M+NH4]+	C9H12N2O5;C9H9NO5	TRUE	known_peak
M231T553	231.2054	552.7	C00114	[M]	[2M+Na]+	C5H14NO	TRUE	known_peak
M333T420	333.1509	419.7	C00933	[M]	[M+Na]+	C16H24NO5	TRUE	known_peak
M250T399	250.0364	399.2	KeggExd065671	[M]	[M+Na]+	C9H9NO6	TRUE	unknown_peak
M228T575	228.1062	574.7	C18172	[M]	[M+K]+	C8H19N3O2	TRUE	known_peak
M251T420	251.1369	420.3	C03002	[M]	[M+H]+	C13H18N2O3	TRUE	known_peak
M248T712	248.1124	711.9	KeggExd148944	[M]	[M+NH4]+	C8H14N4O2S	TRUE	unknown_peak
M264T700	264.1174	700	KeggExd148943	[M]	[M+NH4]+	C8H14N4O3S	TRUE	unknown_peak
M289T532	289.0897	532.3	C02930;C00922;C02295	[M];[M];[M]	[2M+H]+;[2M+H]+;[2M+H]+	C6H8O4	TRUE	known_peak
M301T409	301.1162	408.8	C00831	[M]	[M+Na]+	C11H22N2O4S	TRUE	known_peak
M340T474	340.1587	474.3	C04079	[M]	[M+NH4]+	C12H22N2O6S	TRUE	known_peak
M343T474	343.1356	474.3	C03410	[M]	[M+NH4]+	C11H19NO10	TRUE	known_peak
M488T475	488.2761	474.9	C05464;C05466	[M];[M]	[M+K]+;[M+K]+	C26H43NO5	TRUE	known_peak
M81T336	81.0334	336.2	C00207	[M]	[M+Na]+	C3H6O	TRUE	known_peak
M142T363	142.0855	362.9	C03351;C17467;C06730;C02923	[M];[M];[M];[M]	[M+NH4]+;[M+NH4]+;[M+NH4]+;[M+NH4]+	C7H8O2;NA	TRUE	known_peak
M142T379	142.0855	379.4	C02923;C06730	[M];[M]	[M+NH4]+;[M+NH4]+	C7H8O2	TRUE	known_peak
M224T342	224.0907	341.7	C14086;C16516;C14085	[M];[M];[M]	[M+NH4]+;[M+NH4]+;[M+NH4]+	C11H10O4;C10H10N2OS	TRUE	known_peak
M228T506	228.0709	506.2	C00818	[M]	[M+NH4]+	C6H10O8	TRUE	known_peak
M348T745	348.1621	745	KeggExd147808	[M]	[M-H2O+H]+	C16H23N5O5	TRUE	unknown_peak
M364T487	364.0648	486.7	KeggExd061394;C00144	[M];[M]	[M+H]+;[M+H]+	C15H13N3O6S;C10H14N5O8P	TRUE	unknown_peak
M391T457	391.1308	457.4	KeggExd003183;KeggExd003182	[M];[M]	[M+NH4]+;[M+NH4]+	C15H19NO10	TRUE	unknown_peak
M391T751	391.1325	751	KeggExd003182;KeggExd003183	[M];[M]	[M+NH4]+;[M+NH4]+	C15H19NO10	TRUE	unknown_peak
M475T674	475.0084	673.7	KeggExd013775;KeggExd013782;KeggExd021971;KeggExd013763;KeggExd013770;KeggExd013777;KeggExd013780;KeggExd021960;KeggExd013764;KeggExd013776;KeggExd013771;KeggExd013762;KeggExd021970;KeggExd013769;KeggExd021969;KeggExd013781;KeggExd021966;KeggExd013765;KeggExd013772;KeggExd013778;KeggExd021954;KeggExd021961;KeggExd021967;KeggExd021972;KeggExd013783	[M];[M];[M];[M];[M];[M];[M];[M];[M];[M];[M];[M];[M];[M];[M];[M];[M];[M];[M];[M];[M];[M];[M];[M];[M]	[M+K]+;[M+K]+;[M+K]+;[M+K]+;[M+K]+;[M+K]+;[M+K]+;[M+K]+;[M+K]+;[M+K]+;[M+K]+;[M+K]+;[M+K]+;[M+K]+;[M+K]+;[M+K]+;[M+K]+;[M+K]+;[M+K]+;[M+K]+;[M+K]+;[M+K]+;[M+K]+;[M+K]+;[M+K]+	C12H20O15S	TRUE	unknown_peak
M170T459	170.0803	458.6	C20310;C20802;C00642;C05593;C05852	[M];[M];[M];[M];[M]	[M+Na]+;[M+Na]+;[M+NH4]+;[M+NH4]+;[M+NH4]+	C6H13NO3;C8H8O3	TRUE	known_peak
M197T511	197.1025	511.1	C00062;C00792	[M];[M]	[M+Na]+;[M+Na]+	C6H14N4O2	TRUE	known_peak
M167T573	167.0692	573.5	C03961;C19813;C19838	[M];[M];[M]	[M+NH4]+;[M+NH4]+;[M+NH4]+	C4H7NO5	TRUE	known_peak
M179T429	179.0442	428.9	C01419	[M]	[M+H]+	C5H10N2O3S	TRUE	known_peak
M269T246	269.111	245.5	C02564	[M]	[M+NH4]+	C12H13NO5	TRUE	known_peak
M291T618	291.0485	618.3	C01817	[M]	[M+Na]+	C8H16N2O4S2	TRUE	known_peak
M300T535	300.1053	534.8	C16352	[M]	[M+H]+	C11H15N4O6	TRUE	known_peak
M328T547	328.102	546.8	KeggExd005159;KeggExd005158	[M];[M]	[M-H2O+H]+;[M-H2O+H]+	C14H19NO9	TRUE	unknown_peak
M338T440	338.0845	440.3	KeggExd135428	[M]	[M+H]+	C15H15NO8	TRUE	unknown_peak
M344T356	344.1324	356.2	KeggExd131847;KeggExd131848;KeggExd017005;KeggExd028553;KeggExd048321	[M];[M];[M];[M];[M]	[M+H]+;[M+H]+;[M+H]+;[M+H]+;[M+H]+	C15H21NO8	TRUE	unknown_peak
M351T701	351.0512	701.3	KeggExd001798;KeggExd002975;KeggExd002978;KeggExd002977;KeggExd001797;KeggExd002976;KeggExd001799;KeggExd021915;KeggExd021914;KeggExd021916	[M];[M];[M];[M];[M];[M];[M];[M];[M];[M]	[M-H2O+H]+;[M-H2O+H]+;[M-H2O+H]+;[M-H2O+H]+;[M-H2O+H]+;[M-H2O+H]+;[M-H2O+H]+;[M-H2O+H]+;[M-H2O+H]+;[M-H2O+H]+	C12H16O13	TRUE	unknown_peak
M391T662	391.0287	662.3	KeggExd104812;KeggExd058181;KeggExd058182;KeggExd058180	[M];[M];[M];[M]	[M+K]+;[M+K]+;[M+K]+;[M+K]+	C12H16O12	TRUE	unknown_peak
M473T662	473.0311	662.4	KeggExd010391;KeggExd010388;KeggExd010389;KeggExd010390	[M];[M];[M];[M]	[M+Na]+;[M+Na]+;[M+Na]+;[M+Na]+	C12H19O16P	TRUE	unknown_peak
M363T375	363.1397	375.5	C17757	[M]	[M+NH4]+	C17H17N2O6	TRUE	known_peak
M112T417	112.0864	417.2	C00388	[M]	[M+H]+	C5H9N3	TRUE	known_peak
M154T252	154.0963	252	C05135	[M]	[M+H]+	C7H11N3O	TRUE	known_peak
M182T450	182.08	449.8	C03087	[M]	[M+Na]+	C7H13NO3	TRUE	known_peak
M222T626	222.1477	626	C04210	[M]	[M+NH4]+	C8H16N2O4	TRUE	known_peak
M232T269	232.0953	268.8	C12231	[M]	[M+Na]+	C11H15NO3	TRUE	known_peak
M282T763	282.0337	763	C00352;C06156	[M];[M]	[M+Na]+;[M+Na]+	C6H14NO8P	TRUE	known_peak
M335T715	335.0673	715.1	C00455	[M]	[M+H]+	C11H15N2O8P	TRUE	known_peak
M119T281_2	119.085	280.6	KeggExd007949	[M]	[M-H2O+H]+	C9H12O	TRUE	unknown_peak
M124T355	124.0386	355.5	KeggExd019532;C17234;C20905	[M];[M];[M]	[M-H2O+H]+;[M+Na]+;[M+Na]+	C6H7NO3;C4H7NO2	TRUE	unknown_peak
M173T369	173.091	369.4	C19831;C19830	[M];[M]	[M+NH4]+;[M+NH4]+	C7H9NO3	TRUE	known_peak
M173T393_2	173.0914	392.9	C19831;C19830	[M];[M]	[M+NH4]+;[M+NH4]+	C7H9NO3	TRUE	known_peak
M178T456	178.0524	455.5	C05604;C19830;C19631;C00822;C19831;KeggExd005533;KeggExd001791	[M];[M];[M];[M];[M];[M];[M]	[M-H2O+H]+;[M+Na]+;[M-H2O+H]+;[M-H2O+H]+;[M+Na]+;[M-H2O+H]+;[M-H2O+H]+	C9H9NO4;C7H9NO3	TRUE	unknown_peak
M258T367_1	258.0958	367.4	C05817	[M]	[M+NH4]+	C11H12O6	TRUE	known_peak
M285T435	285.0822	435.1	C05281;C03088	[M];[M]	[2M+H]+;[2M+H]+	C5H6N2O3	TRUE	known_peak
M197T573	197.052	572.8	C00439	[M]	[M+Na]+	C6H10N2O4	TRUE	known_peak
M322T566	322.1301	565.9	C12270	[M]	[M+NH4]+	C11H16N2O8	TRUE	known_peak
M312T762	312.1257	762.4	C19843	[M]	[M+Na]+	C10H19N5O5	TRUE	known_peak
M162T362	162.0209	361.6	C01020;C00870	[M];[M]	[M+Na]+;[M+Na]+	C6H5NO3	TRUE	known_peak
M164T247	164.0368	247.4	C04226	[M]	[M+Na]+	C6H7NO3	TRUE	known_peak
M199T466	199.1066	465.7	C15700	[M]	[M-H2O+H]+	C9H16N2O4	TRUE	known_peak
M207T630	207.144	630.1	C02427	[M]	[M+NH4]+	C7H15N3O3	TRUE	known_peak
M229T733	229.0805	733.3	KeggExd148943	[M]	[M-H2O+H]+	C8H14N4O3S	TRUE	unknown_peak
M155T630	155.0443	630.3	C02642	[M]	[M+Na]+	C4H8N2O3	TRUE	known_peak
M194T326	194.0649	326	C03387;C02670;C06430;C04053;C04471	[M];[M];[M];[M];[M]	[M+NH4]+;[M+NH4]+;[M+NH4]+;[M+NH4]+;[M+NH4]+	C6H8O6	TRUE	known_peak
M313T878	312.9778	877.8	C04037;C05385	[M];[M]	[M+K]+;[M+K]+	C6H11O10P	TRUE	known_peak
M212T365	212.0904	364.8	KeggExd003180;KeggExd003181	[M];[M]	[M+H]+;[M+H]+	C10H13NO4	TRUE	unknown_peak
M218T313	218.0467	313.4	C19631;C05604	[M];[M]	[M+Na]+;[M+Na]+	C9H9NO4	TRUE	known_peak
M241T400	241.1265	399.9	C19563	[M]	[M+NH4]+	C10H13N3O3	TRUE	known_peak
M246T452	246.1065	451.8	C00526	[M]	[M+NH4]+	C9H12N2O5	TRUE	known_peak
M155T485	155.0093	484.9	C02876	[M]	[M+H]+	C3H7O5P	TRUE	known_peak
M179T380	179.0803	380.4	C16716	[M]	[M+NH4]+	C9H7NO2	TRUE	known_peak
M187T511	187.1219	510.6	C03298	[M]	[M+NH4]+	C7H11N3O2	TRUE	known_peak
M209T424	209.1268	424.2	C07474	[M]	[M+H]+	C11H16N2O2	TRUE	known_peak
M300T362	300.0489	362.2	KeggExd059500	[M]	[M+Na]+	C10H16NO4PS	TRUE	unknown_peak
M336T534	336.0901	533.5	C01031	[M]	[M+H]+	C11H17N3O7S	TRUE	known_peak
M140T709	140.0335	709.3	C03508	[M]	[M+Na]+	C4H7NO3	TRUE	known_peak
M192T687	192.0732	686.7	C03298	[M]	[M+Na]+	C7H11N3O2	TRUE	known_peak
M214T642	214.033	642	C14695	[M]	[M+Na]+	C6H9NO6	TRUE	known_peak
M203T686	203.0514	685.6	C02782;C01680	[M];[M]	[M+Na]+;[M+Na]+	C6H12O6	TRUE	known_peak
M339T752	339.0892	751.6	KeggExd013752;KeggExd013753;KeggExd013754;KeggExd013755;KeggExd021942;KeggExd021943;KeggExd021945;KeggExd021944	[M];[M];[M];[M];[M];[M];[M];[M]	[M-H2O+H]+;[M-H2O+H]+;[M-H2O+H]+;[M-H2O+H]+;[M-H2O+H]+;[M-H2O+H]+;[M-H2O+H]+;[M-H2O+H]+	C12H20O12	TRUE	unknown_peak
M217T250	217.0147	249.5	KeggExd068360;KeggExd064094;KeggExd028564	[M];[M];[M]	[M+H]+;[M+H]+;[M+H]+	C8H8O5S	TRUE	unknown_peak
M234T250	234.0414	249.7	KeggExd068360;KeggExd064094;KeggExd028564	[M];[M];[M]	[M+NH4]+;[M+NH4]+;[M+NH4]+	C8H8O5S	TRUE	unknown_peak
M305T455	305.1549	455.3	C02916;C06350	[M];[M]	[M+NH4]+;[M+NH4]+	C16H17NO4	TRUE	known_peak
M316T281	316.158	281.3	C06516	[M]	[M+H]+	C18H21NO4	TRUE	known_peak
M335T650	335.0914	649.8	KeggExd028929;KeggExd004249;KeggExd065217	[M];[M];[M]	[M+Na]+;[M+Na]+;[M+Na]+	C11H20O10	TRUE	unknown_peak
M152T511	152.0696	510.6	C00603;C04022	[M];[M]	[M+NH4]+;[M+NH4]+	C3H6N2O4;C5H10O2S	TRUE	known_peak
M267T620_2	267.0201	620.2	C03872	[M]	[M+K]+	C5H13N2O6P	TRUE	known_peak
M385T442	385.1091	441.8	KeggExd022676	[M]	[M+NH4]+	C16H17NO7S	TRUE	unknown_peak
M96T570	96.044	570.3	C06108;C01888	[M];[M]	[M+NH4]+;[M+Na]+	C2H3FO2;C3H7NO	TRUE	known_peak
M144T633_2	144.1013	632.6	C15025	[M]	[M-H2O+H]+	C7H15NO3	TRUE	known_peak
M151T323_2	151.111	322.8	C20313	[M]	[M+NH4]+	C5H11NO3	TRUE	known_peak
M100T266	100.0755	265.6	C18796	[M]	[M+H]+	C5H9NO	TRUE	known_peak
M244T358	244.116	357.9	C08334	[M]	[M-H2O+H]+	C11H19NO6	TRUE	known_peak
M162T445	162.021	445.2	C01020;C00870	[M];[M]	[M+Na]+;[M+Na]+	C6H5NO3	TRUE	known_peak
M207T424	207.1368	423.7	C06326	[M]	[M+NH4]+	C8H15NO4	TRUE	known_peak
M303T283_1	303.1058	282.6	C20579	[M]	[M+Na]+	C17H16N2O2	TRUE	known_peak
M309T645	309.1151	645	C20354;C19758;KeggExd137806;KeggExd036703;KeggExd067057	[M];[M];[M];[M];[M]	[M-H2O+H]+;[M-H2O+H]+;[M-H2O+H]+;[M-H2O+H]+;[M-H2O+H]+	C12H22O10	TRUE	unknown_peak
M362T492	362.1049	492.3	KeggExd002201;KeggExd061389;KeggExd056296;KeggExd005151;KeggExd085947;KeggExd005152;KeggExd009462;KeggExd009461;KeggExd023905;KeggExd023903	[M];[M];[M];[M];[M];[M];[M];[M];[M];[M]	[M+NH4]+;[M+NH4]+;[M+NH4]+;[M+NH4]+;[M+NH4]+;[M+NH4]+;[M+NH4]+;[M+NH4]+;[M+NH4]+;[M+NH4]+	C14H16O10	TRUE	unknown_peak
M403T425	403.1558	425	KeggExd131840	[M]	[M+H]+	C16H24N3O9	TRUE	unknown_peak
M141T543_2	141.0657	543.2	C20522	[M]	[M+H]+	C6H8N2O2	TRUE	known_peak
M164T645_1	164.0911	645	KeggExd062696	[M]	[M+H]+	C6H13NO4	TRUE	unknown_peak
M153T319	153.0396	319.1	C19781	[M]	[M+K]+	C5H10N2O	TRUE	known_peak
M159T644	159.0753	644.4	C16432	[M]	[M+H]+	C6H10N2O3	TRUE	known_peak
M167T369	167.1052	369.4	C02216;C20314	[M];[M]	[M+NH4]+;[M+NH4]+	C6H7N5;C5H11NO4	TRUE	known_peak
M252T532	252.088	532.3	KeggExd110840	[M]	[M-H2O+H]+	C12H17N2O3S	TRUE	unknown_peak
M272T450	272.1225	449.8	C20983	[M]	[M+Na]+	C14H19NO3	TRUE	known_peak
M243T361	243.1363	360.8	KeggExd115394	[M]	[M-H2O+H]+	C16H20O3	TRUE	unknown_peak
M319T253	319.1621	253.3	C06517;KeggExd022671;KeggExd022670;C05203	[M];[M];[M];[M]	[M+NH4]+;[M+NH4]+;[M+NH4]+;[M+NH4]+	C17H19NO4	TRUE	unknown_peak
M181T454	181.0961	453.8	C20639;C20651	[M];[M]	[M+NH4]+;[M+NH4]+	C4H9N3O4	TRUE	known_peak
M248T227	248.1123	226.8	C03764	[M]	[M+Na]+	C14H15N3	TRUE	known_peak
M352T444	352.1572	444	C05220	[M]	[M+Na]+	C19H23NO4	TRUE	known_peak
M178T550	178.0521	550.3	C19830;KeggExd135411	[M];[M]	[M+Na]+;[M+Na]+	C7H9NO3	TRUE	unknown_peak
M252T517	252.088	517.2	KeggExd110840	[M]	[M-H2O+H]+	C12H17N2O3S	TRUE	unknown_peak
M305T435	305.1542	434.7	C02916;C06350	[M];[M]	[M+NH4]+;[M+NH4]+	C16H17NO4	TRUE	known_peak
M388T804	388.1045	804.3	C02273;C04354	[M];[M]	[M+NH4]+;[M+NH4]+	C12H18O13	TRUE	known_peak
M144T555	144.0646	554.7	KeggExd028784	[M]	[M+H]+	C6H9NO3	TRUE	unknown_peak
M242T274	242.0465	274.3	C05646	[M]	[M+Na]+	C11H9NO4	TRUE	known_peak
M432T353	432.3065	353.1	C05466;C05464	[M];[M]	[M-H2O+H]+;[M-H2O+H]+	C26H43NO5	TRUE	known_peak
M530T422	530.272	422.2	C15559	[M]	[M+H]+	C26H43NO8S	TRUE	known_peak
M171T527_2	171.0762	526.7	C20850	[M]	[M+Na]+	C5H12N2O3	TRUE	known_peak
M184T335	184.0594	335	C03590;C14100;C01606	[M];[M];[M]	[M+NH4]+;[M+NH4]+;[M+NH4]+	C8H6O4	TRUE	known_peak
M193T246	193.0963	246	C02298;C06331	[M];[M]	[M+NH4]+;[M+NH4]+	C10H9NO2	TRUE	known_peak
M335T385	335.0649	385.5	KeggExd000890;KeggExd000891	[M];[M]	[M-H2O+H]+;[M-H2O+H]+	C12H16O12	TRUE	unknown_peak
M393T469	393.0382	468.8	KeggExd001942;KeggExd001943;KeggExd001944;KeggExd001941;KeggExd002038;KeggExd002664;KeggExd002665;KeggExd002037;KeggExd002036;KeggExd002035	[M];[M];[M];[M];[M];[M];[M];[M];[M];[M]	[M+K]+;[M+K]+;[M+K]+;[M+K]+;[M+K]+;[M+K]+;[M+K]+;[M+K]+;[M+K]+;[M+K]+	C12H18O12	TRUE	unknown_peak
M406T659	406.1269	658.7	C20887	[M]	[M+Na]+	C14H25NO11	TRUE	known_peak
M406T678	406.1278	678.1	C06372	[M]	[M+Na]+	C14H25NO11	TRUE	known_peak
M145T312	145.0307	312.3	C00180	[M]	[M+Na]+	C7H6O2	TRUE	known_peak
M242T506	242.0687	506.2	C01118	[M]	[M+Na]+	C8H13NO6	TRUE	known_peak
M325T713	325.1094	712.5	C02964;C20861;C20236;C00243;C01518;C02048;C01235;KeggExd029697	[M];[M];[M];[M];[M];[M];[M];[M]	[M-H2O+H]+;[M-H2O+H]+;[M-H2O+H]+;[M-H2O+H]+;[M-H2O+H]+;[M-H2O+H]+;[M-H2O+H]+;[M-H2O+H]+	C12H22O11	TRUE	unknown_peak
M362T696	362.1044	696.1	KeggExd023905	[M]	[M+NH4]+	C14H16O10	TRUE	unknown_peak
M384T752	384.0881	752.4	KeggExd022992;KeggExd022989;KeggExd022991;KeggExd022990	[M];[M];[M];[M]	[M+NH4]+;[M+NH4]+;[M+NH4]+;[M+NH4]+	C12H16NO10S	TRUE	unknown_peak
M697T741	697.2193	741.5	C04886	[M]	[M+Na]+	C25H42N2O19	TRUE	known_peak
M220T250	220.0589	250.1	C19715	[M]	[M+Na]+	C9H11NO4	TRUE	known_peak
M225T416	225.0595	415.8	C21124;C06732	[M];[M]	[M+Na]+;[M+Na]+	C11H10N2O2	TRUE	known_peak
M252T355	252.0328	355.5	KeggExd065669;KeggExd065670	[M];[M]	[M+K]+;[M+K]+	C9H11NO5	TRUE	unknown_peak
M209T429	209.055	428.9	C17938	[M]	[M+NH4]+	C9H5NO4	TRUE	known_peak
M211T518	211.0701	517.8	C04185	[M]	[M+NH4]+	C9H7NO4	TRUE	known_peak
M242T501	242.1121	500.9	C05939	[M]	[M-H2O+H]+	C10H17N3O5	TRUE	known_peak
M325T776	325.0786	776.2	KeggExd061254	[M]	[M+H]+	C9H16N4O7S	TRUE	unknown_peak
M547T422	547.2981	421.6	C15559	[M]	[M+NH4]+	C26H43NO8S	TRUE	known_peak
M131T219	131.0443	218.5	C01468;C01403	[M];[M]	[M+Na]+;[M+Na]+	C7H8O	TRUE	known_peak
M186T399	186.1112	398.5	KeggExd030266;KeggExd048287	[M];[M]	[M+NH4]+;[M+NH4]+	C9H12O3	TRUE	unknown_peak
M229T253	229.1166	253.1	C13624	[M]	[M+H]+	C15H16O2	TRUE	known_peak
M245T380	245.1115	379.7	C13631	[M]	[M+H]+	C15H16O3	TRUE	known_peak
M401T424	401.1761	423.5	C19784	[M]	[M+NH4]+	C14H25NO11	TRUE	known_peak
M162T698	162.1113	698	C15025	[M]	[M+H]+	C7H15NO3	TRUE	known_peak
M191T559	191.1056	559.2	C00666	[M]	[M+H]+	C7H14N2O4	TRUE	known_peak
M314T633	314.0817	633.3	KeggExd005245	[M]	[M+H]+	C13H15NO8	TRUE	unknown_peak
M414T843	414.1565	842.8	KeggExd005976	[M]	[M+NH4]+	C17H20N2O9	TRUE	unknown_peak
M122T370	122.0628	370	C18796	[M]	[M+Na]+	C5H9NO	TRUE	known_peak
M197T691_2	197.0636	691.4	C00880;C00257	[M];[M]	[M+H]+;[M+H]+	C6H12O7	TRUE	known_peak
M199T208	199.0831	208.2	C21075	[M]	[M+Na]+	C10H12N2O	TRUE	known_peak
M234T701	234.0331	701.2	C03752	[M]	[M+K]+	C6H13NO6	TRUE	known_peak
M290T409	290.1759	409.1	C02046;C10860;C01479	[M];[M];[M]	[M+H]+;[M+H]+;[M+H]+	C17H23NO3	TRUE	known_peak
M167T427	167.0808	427	C00073	[M]	[M+NH4]+	C5H11NO2S	TRUE	known_peak
M182T417	182.066	417.2	C21065	[M]	[M+H]+	C6H7N5O2	TRUE	known_peak
M315T535	315.1744	535.4	C04655	[M]	[M-H2O+H]+	C16H28O7	TRUE	known_peak
M344T555_2	344.1293	554.7	KeggExd028553;KeggExd048321;KeggExd017005	[M];[M];[M]	[M+H]+;[M+H]+;[M+H]+	C15H21NO8	TRUE	unknown_peak
M357T558	357.1007	558	KeggExd001177;KeggExd000972;KeggExd002232;KeggExd001175;KeggExd001176;KeggExd002233;KeggExd000971;KeggExd000969;KeggExd000970;KeggExd002230;KeggExd002231;KeggExd001174	[M];[M];[M];[M];[M];[M];[M];[M];[M];[M];[M];[M]	[M+H]+;[M+H]+;[M+H]+;[M+H]+;[M+H]+;[M+H]+;[M+H]+;[M+H]+;[M+H]+;[M+H]+;[M+H]+;[M+H]+	C12H20O12	TRUE	unknown_peak
M160T670	160.1073	670.3	C06231	[M]	[M+NH4]+	C6H10N2O2	TRUE	known_peak
M204T643	204.0675	643.2	C03290;C04368;C21308	[M];[M];[M]	[M+Na]+;[M+Na]+;[M+Na]+	C9H11NO3	TRUE	known_peak
M328T440	328.1	440.3	KeggExd005159;KeggExd005158	[M];[M]	[M-H2O+H]+;[M-H2O+H]+	C14H19NO9	TRUE	unknown_peak
M182T359	182.066	358.5	C21065	[M]	[M+H]+	C6H7N5O2	TRUE	known_peak
M203T720	203.0516	719.6	C16583;C16597	[M];[M]	[M-H2O+H]+;[M-H2O+H]+	C8H12O7	TRUE	known_peak
M253T249	253.0917	249.1	C05512	[M]	[M+H]+	C10H12N4O4	TRUE	known_peak
M305T495	305.0851	495	KeggExd065218	[M]	[M+Na]+	C10H18O9	TRUE	unknown_peak
M324T410	324.072	410.2	C04524	[M]	[M+NH4]+	C14H10O8	TRUE	known_peak
M128T239	128.106	239.2	C11519	[M]	[M+H]+	C7H13NO	TRUE	known_peak
M167T326	167.1054	325.9	C02216	[M]	[M+NH4]+	C6H7N5	TRUE	known_peak
M278T362	278.0673	362.2	KeggExd059500	[M]	[M+H]+	C10H16NO4PS	TRUE	unknown_peak
M284T331	284.061	330.8	KeggExd059507	[M]	[M+Na]+	C10H16NO5P	TRUE	unknown_peak
M448T342_2	448.3014	342.5	KeggExd046031;KeggExd046032;KeggExd045855	[M];[M];[M]	[M+H]+;[M+H]+;[M+H]+	C26H41NO5	TRUE	unknown_peak
M135T334_2	135.0443	334.2	C04022	[M]	[M+H]+	C5H10O2S	TRUE	known_peak
M228T555	228.0853	554.7	C00826	[M]	[M+H]+	C10H13NO5	TRUE	known_peak
M263T412	263.1009	412.3	KeggExd056269	[M]	[M+NH4]+	C10H15NO4S	TRUE	unknown_peak
M156T492	156.0647	491.6	C17366	[M]	[M-H2O+H]+	C7H11NO4	TRUE	known_peak
M250T800	250.0365	799.6	C06047;C06048	[M];[M]	[M+Na]+;[M+Na]+	C9H9NO6	TRUE	known_peak
M355T440	355.1101	440.3	KeggExd135428	[M]	[M+NH4]+	C15H15NO8	TRUE	unknown_peak
M249T453	249.088	453	KeggExd019869	[M]	[M+NH4]+	C9H13NO4S	TRUE	unknown_peak
M205T537	205.0671	537.2	C00392;C00794;C01507;C01697	[M];[M];[M];[M]	[M+Na]+;[M+Na]+;[M+Na]+;[M+Na]+	C6H14O6	TRUE	known_peak
M455T502	455.1821	502.3	KeggExd067056	[M]	[M-H2O+H]+	C18H32O14	TRUE	unknown_peak
M257T737	257.004	737.2	KeggExd103301;C16186	[M];[M]	[M+H]+;[M+H]+	C6H9O9P	TRUE	unknown_peak
M288T436	288.1576	436.2	C01564;C03325	[M];[M]	[M-H2O+H]+;[M-H2O+H]+	C17H23NO4	TRUE	known_peak
M512T330	512.2618	330.1	C15559	[M]	[M-H2O+H]+	C26H43NO8S	TRUE	known_peak
M218T268	218.0467	268.2	C19631	[M]	[M+Na]+	C9H9NO4	TRUE	known_peak
M175T572	175.0703	572.2	C02220	[M]	[M+NH4]+	C6H7NO4	TRUE	known_peak
M251T725	251.1092	724.6	C06656	[M]	[M+Na]+	C9H16N4O3	TRUE	known_peak
M250T430	250.0363	430.2	KeggExd062699;KeggExd065671	[M];[M]	[M+Na]+;[M+Na]+	C6H13NO6S;C9H9NO6	TRUE	unknown_peak
M144T484_2	144.1026	483.6	C15025	[M]	[M-H2O+H]+	C7H15NO3	TRUE	known_peak
M301T435	301.0554	435.3	KeggExd002211	[M]	[M+Na]+	C10H14O9	TRUE	unknown_peak
M398T706	398.1256	706.2	KeggExd001732;KeggExd001731	[M];[M]	[M+H]+;[M+H]+	C14H23NO12	TRUE	unknown_peak
M675T741	675.2378	741.5	C04886	[M]	[M+H]+	C25H42N2O19	TRUE	known_peak
M277T567	277.0872	566.5	C11546;C05401	[M];[M]	[M+Na]+;[M+Na]+	C9H18O8	TRUE	known_peak
M359T667	359.0317	667.3	KeggExd050165;KeggExd050167;KeggExd050166	[M];[M];[M]	[M+Na]+;[M+Na]+;[M+Na]+	C11H14NO9S	TRUE	unknown_peak
M184T444	184.0625	443.9	C00919	[M]	[M+H]+	C5H13NO4S	TRUE	known_peak
M236T250	236.0382	249.9	C19715	[M]	[M+K]+	C9H11NO4	TRUE	known_peak
M245T392	245.1108	391.7	C00826	[M]	[M+NH4]+	C10H13NO5	TRUE	known_peak
M380T568	380.1878	568.4	KeggExd022935	[M]	[M+H]+	C17H25N5O5	TRUE	unknown_peak
M360T339	360.1627	338.6	C00761	[M]	[M+NH4]+	C16H22O8	TRUE	known_peak
M396T497	396.0675	496.9	C16698	[M]	[M+Na]+	C11H20NO11P	TRUE	known_peak
M208T373	208.041	373.1	C00547	[M]	[M+K]+	C8H11NO3	TRUE	known_peak
M210T575	210.0955	574.7	C00296	[M]	[M+NH4]+	C7H12O6	TRUE	known_peak
M304T406	304.1277	406	C03003;KeggExd002733	[M];[M]	[M+NH4]+;[M+NH4]+	C12H16NO7;C10H14N4O6	TRUE	unknown_peak
M326T405	326.1084	405.4	C03410	[M]	[M+H]+	C11H19NO10	TRUE	known_peak
M330T730	330.0795	729.6	KeggExd002549	[M]	[M+Na]+	C11H17NO9	TRUE	unknown_peak
M159T490	159.1485	490.5	C06179;C11359	[M];[M]	[M+NH4]+;[M+NH4]+	C8H15NO	TRUE	known_peak
M247T296	247.0909	296.1	KeggExd065674;C09276;C19707	[M];[M];[M]	[M+NH4]+;[M+H]+;[M+H]+	C9H11NO6;C14H14O4	TRUE	unknown_peak
M263T331	263.1013	330.8	KeggExd056269	[M]	[M+NH4]+	C10H15NO4S	TRUE	unknown_peak
M291T695	291.0663	694.6	C11544	[M]	[M+Na]+	C9H16O9	TRUE	known_peak
M344T342	344.2396	341.7	C06542	[M]	[M+NH4]+	C20H26N2O2	TRUE	known_peak
M141T276	141.0536	276.4	C00576	[M]	[M+K]+	C5H12NO	TRUE	known_peak
M327T457	327.1155	457.4	KeggExd048845	[M]	[M+NH4]+	C14H15NO7	TRUE	unknown_peak
M339T781	339.0897	781.3	KeggExd013752;KeggExd013753;KeggExd021942;KeggExd021943;KeggExd021945;KeggExd013754;KeggExd013755;KeggExd021944	[M];[M];[M];[M];[M];[M];[M];[M]	[M-H2O+H]+;[M-H2O+H]+;[M-H2O+H]+;[M-H2O+H]+;[M-H2O+H]+;[M-H2O+H]+;[M-H2O+H]+;[M-H2O+H]+	C12H20O12	TRUE	unknown_peak
M358T808	358.1193	808.1	C04540	[M]	[M+Na]+	C12H21N3O8	TRUE	known_peak
M397T743	397.0305	743.4	KeggExd024583;KeggExd024584;KeggExd024585;KeggExd032461;KeggExd032462;KeggExd083574	[M];[M];[M];[M];[M];[M]	[M-H+2Na]+;[M-H+2Na]+;[M-H+2Na]+;[M-H+2Na]+;[M-H+2Na]+;[M-H+2Na]+	C12H16O12	TRUE	unknown_peak
M209T262	209.1003	261.8	C09089	[M]	[M+Na]+	C12H14N2	TRUE	known_peak
M214T841	214.0327	841.3	KeggExd009549	[M]	[M+H]+	C5H11NO6S	TRUE	unknown_peak
