Identifier,InChI,MonoisotopicMass,MolecularFormula,InChIKey1,InChIKey2,InChIKey3,InChIKey,SMILES,Name
C05604,"InChI=1S/C9H9NO4/c11-7-2-4-1-6(9(13)14)10-5(4)3-8(7)12/h2-3,6,10-12H,1H2,(H,13,14)/t6-/m0/s1",195.05315776799998,C9H9NO4,JDWYRSDDJVCWPB,LURJTMIESA,N,JDWYRSDDJVCWPB-LURJTMIESA-N,OC(=O)[C@H]1Nc2c(C1)cc(c(c2)O)O,"2-Carboxy-2,3-dihydro-5,6-dihydroxyindole"
KeggExd005533,"InChI=1S/C9H9NO4/c11-7-3-1-2-6(4-7)9(14)10-5-8(12)13/h1-4,11H,5H2,(H,10,14)(H,12,13)",195.05315776799998,C9H9NO4,XDOFWFNMYJRHEW,UHFFFAOYSA,N,XDOFWFNMYJRHEW-UHFFFAOYSA-N,c1cc(cc(c1)O)C(=NCC(=O)O)O,NA
C19631,"InChI=1S/C9H9NO4/c11-7(2-4-9(13)14)6-1-3-8(12)10-5-6/h1,3,5H,2,4H2,(H,10,12)(H,13,14)",195.05315776799998,C9H9NO4,OMAJIMAYOJBLJF,UHFFFAOYSA,N,OMAJIMAYOJBLJF-UHFFFAOYSA-N,OC(=O)CCC(=O)c1ccc(=O)[nH]c1,6-Hydroxy-3-succinoylpyridine
KeggExd001791,"InChI=1S/C9H9NO4/c11-7-3-1-6(2-4-7)9(14)10-5-8(12)13/h1-4,11H,5H2,(H,10,14)(H,12,13)",195.053157768,C9H9NO4,ZMHLUFWWWPBTIU,UHFFFAOYSA,N,ZMHLUFWWWPBTIU-UHFFFAOYSA-N,c1cc(ccc1C(=O)NCC(=O)O)O,NA
C00822,"InChI=1S/C9H9NO4/c10-6(9(13)14)3-5-1-2-7(11)8(12)4-5/h1-2,4,6H,3,10H2,(H,13,14)/t6-/m0/s1",195.05315776799998,C9H9NO4,AHMIDUVKSGCHAU,LURJTMIESA,N,AHMIDUVKSGCHAU-LURJTMIESA-N,OC(=O)[C@H](CC1=CC(=O)C(=O)C=C1)N,Dopaquinone
C17366,"InChI=1S/C7H11NO4/c9-6(10)3-4-1-2-5(8-4)7(11)12/h4-5,8H,1-3H2,(H,9,10)(H,11,12)/t4-,5-/m0/s1",173.06880783199998,C7H11NO4,LIZWYFXJOOUDNV,WHFBIAKZSA,N,LIZWYFXJOOUDNV-WHFBIAKZSA-N,OC(=O)C[C@@H]1CC[C@H](N1)C(=O)O,"(2S,5S)-trans-Carboxymethylproline"
