pathway,p.value,q.value,FDR,Pathway.length,Overlap
Galactose metabolism - Homo sapiens (human);hsa00052,1.5175737499508848e-9,9.560714624690574e-8,9.560714624690574e-8,46,19
Cysteine and methionine metabolism - Homo sapiens (human);hsa00270,3.29170423194348e-7,1.0368868330621961e-5,1.0368868330621961e-5,61,19
Pantothenate and CoA biosynthesis - Homo sapiens (human);hsa00770,1.1241829671802123e-6,2.3607842310784458e-5,2.3607842310784458e-5,28,12
Starch and sucrose metabolism - Homo sapiens (human);hsa00500,3.370591196406845e-5,5.308681134340781e-4,5.308681134340781e-4,37,12
"Glycine, serine and threonine metabolism - Homo sapiens (human);hsa00260",4.7839990390229185e-5,6.027838789168877e-4,6.027838789168877e-4,50,14
Pyrimidine metabolism - Homo sapiens (human);hsa00240,9.505122577091101e-5,9.980378705945656e-4,9.980378705945656e-4,66,16
Amino sugar and nucleotide sugar metabolism - Homo sapiens (human);hsa00520,0.0017434482536360805,0.012831768776890453,0.012831768776890453,108,19
"Alanine, aspartate and glutamate metabolism - Homo sapiens (human);hsa00250",0.0018331098252700648,0.012831768776890453,0.012831768776890453,28,8
Linoleic acid metabolism - Homo sapiens (human);hsa00591,0.0018331098252700648,0.012831768776890453,0.012831768776890453,28,8
Fructose and mannose metabolism - Homo sapiens (human);hsa00051,0.005241778151489724,0.03302320235438526,0.03302320235438526,54,11
Pentose phosphate pathway - Homo sapiens (human);hsa00030,0.008175004876574835,0.0468204824749286,0.0468204824749286,35,8
Arginine biosynthesis - Homo sapiens (human);hsa00220,0.011071220661362208,0.05812390847215159,0.05812390847215159,23,6
Arginine and proline metabolism - Homo sapiens (human);hsa00330,0.014278529304968425,0.06868737427839565,0.06868737427839565,78,13
D-Glutamine and D-glutamate metabolism - Homo sapiens (human);hsa00471,0.015263860950754589,0.06868737427839565,0.06868737427839565,12,4
"Phenylalanine, tyrosine and tryptophan biosynthesis - Homo sapiens (human);hsa00400",0.02674140955226716,0.11231392011952207,0.11231392011952207,35,7
Purine metabolism - Homo sapiens (human);hsa00230,0.030601467986900638,0.12049328019842126,0.12049328019842126,95,14
Glutathione metabolism - Homo sapiens (human);hsa00480,0.04026859544184869,0.1281084564820179,0.1281084564820179,38,7
Tryptophan metabolism - Homo sapiens (human);hsa00380,0.042043658684834596,0.1281084564820179,0.1281084564820179,81,12
"Valine, leucine and isoleucine biosynthesis - Homo sapiens (human);hsa00290",0.04224436892053775,0.1281084564820179,0.1281084564820179,23,5
Pentose and glucuronate interconversions - Homo sapiens (human);hsa00040,0.042702818827339305,0.1281084564820179,0.1281084564820179,55,9
Nicotinate and nicotinamide metabolism - Homo sapiens (human);hsa00760,0.042702818827339305,0.1281084564820179,0.1281084564820179,55,9
beta-Alanine metabolism - Homo sapiens (human);hsa00410,0.05183413737159173,0.14843412065501269,0.14843412065501269,32,6
Vitamin B6 metabolism - Homo sapiens (human);hsa00750,0.08708643040337657,0.2385410919744663,0.2385410919744663,28,5
Ascorbate and aldarate metabolism - Homo sapiens (human);hsa00053,0.1044225676898293,0.2741092401858019,0.2741092401858019,47,7
Taurine and hypotaurine metabolism - Homo sapiens (human);hsa00430,0.11482574154951868,0.28936086870478706,0.28936086870478706,22,4
Glycolysis / Gluconeogenesis - Homo sapiens (human);hsa00010,0.12246002991347608,0.2967300724826536,0.2967300724826536,31,5
Lysine degradation - Homo sapiens (human);hsa00310,0.1553302981506521,0.34949317083896725,0.34949317083896725,52,7
Glycerophospholipid metabolism - Homo sapiens (human);hsa00564,0.1553302981506521,0.34949317083896725,0.34949317083896725,52,7
Histidine metabolism - Homo sapiens (human);hsa00340,0.21387949674591747,0.4646347687928552,0.4646347687928552,47,6
Citrate cycle (TCA cycle) - Homo sapiens (human);hsa00020,0.24470081709382827,0.5138717158970394,0.5138717158970394,20,3
Pyruvate metabolism - Homo sapiens (human);hsa00620,0.27515063533545114,0.545382272469166,0.545382272469166,31,4
Phenylalanine metabolism - Homo sapiens (human);hsa00360,0.2770195669684653,0.545382272469166,0.545382272469166,72,8
Butanoate metabolism - Homo sapiens (human);hsa00650,0.2925330726183707,0.5584722295441622,0.5584722295441622,42,5
Sulfur metabolism - Homo sapiens (human);hsa00920,0.3152171923779369,0.5840789152885302,0.5840789152885302,33,4
Sphingolipid metabolism - Homo sapiens (human);hsa00600,0.36638106147285243,0.6580656795850118,0.6580656795850118,25,3
Glycerolipid metabolism - Homo sapiens (human);hsa00561,0.37603753119143535,0.6580656795850118,0.6580656795850118,36,4
Glyoxylate and dicarboxylate metabolism - Homo sapiens (human);hsa00630,0.4463298874542484,0.7599671056653419,0.7599671056653419,62,6
Biosynthesis of unsaturated fatty acids - Homo sapiens (human);hsa01040,0.5025411039078841,0.8191208608369086,0.8191208608369086,54,5
Thiamine metabolism - Homo sapiens (human);hsa00730,0.5070748186133244,0.8191208608369086,0.8191208608369086,31,3
Caffeine metabolism - Homo sapiens (human);hsa00232,0.5512143894953718,0.8337344894607605,0.8337344894607605,21,2
Phosphonate and phosphinate metabolism - Homo sapiens (human);hsa00440,0.5520706050852746,0.8337344894607605,0.8337344894607605,57,5
One carbon pool by folate - Homo sapiens (human);hsa00670,0.5558229929738403,0.8337344894607605,0.8337344894607605,9,1
D-Arginine and D-ornithine metabolism - Homo sapiens (human);hsa00472,0.5941864591677324,0.8640355640476427,0.8640355640476427,10,1
Propanoate metabolism - Homo sapiens (human);hsa00640,0.603453409811052,0.8640355640476427,0.8640355640476427,48,4
Oxidative phosphorylation - Homo sapiens (human);hsa00190,0.7641380035528219,0.9988585025769683,0.9988585025769683,16,1
Inositol phosphate metabolism - Homo sapiens (human);hsa00562,0.7840690001027613,0.9988585025769683,0.9988585025769683,47,3
Nitrogen metabolism - Homo sapiens (human);hsa00910,0.8202636310741591,0.9988585025769683,0.9988585025769683,19,1
Riboflavin metabolism - Homo sapiens (human);hsa00740,0.8358399717799867,0.9988585025769683,0.9988585025769683,20,1
Folate biosynthesis - Homo sapiens (human);hsa00790,0.8811755115315917,0.9988585025769683,0.9988585025769683,57,3
"Valine, leucine and isoleucine degradation - Homo sapiens (human);hsa00280",0.8887918997137002,0.9988585025769683,0.9988585025769683,42,2
Ether lipid metabolism - Homo sapiens (human);hsa00565,0.8957166032777905,0.9988585025769683,0.9988585025769683,25,1
Terpenoid backbone biosynthesis - Homo sapiens (human);hsa00900,0.9105525878942106,0.9988585025769683,0.9988585025769683,45,2
Selenocompound metabolism - Homo sapiens (human);hsa00450,0.9130446501260023,0.9988585025769683,0.9988585025769683,27,1
Mannose type O-glycan biosynthesis - Homo sapiens (human);hsa00515,0.9130446501260023,0.9988585025769683,0.9988585025769683,27,1
Tyrosine metabolism - Homo sapiens (human);hsa00350,0.9149772771702162,0.9988585025769683,0.9988585025769683,78,4
Fatty acid biosynthesis - Homo sapiens (human);hsa00061,0.9382089576850539,0.9988585025769683,0.9988585025769683,50,2
Fatty acid degradation - Homo sapiens (human);hsa00071,0.9382089576850539,0.9988585025769683,0.9988585025769683,50,2
N-Glycan biosynthesis - Homo sapiens (human);hsa00510,0.9616764205498863,0.9988585025769683,0.9988585025769683,36,1
alpha-Linolenic acid metabolism - Homo sapiens (human);hsa00592,0.9778378852870019,0.9988585025769683,0.9988585025769683,42,1
Arachidonic acid metabolism - Homo sapiens (human);hsa00590,0.9911805079907776,0.9988585025769683,0.9988585025769683,75,2
"Neomycin, kanamycin and gentamicin biosynthesis - Homo sapiens (human);hsa00524",0.9945722321040704,0.9988585025769683,0.9988585025769683,81,2
Metabolism of xenobiotics by cytochrome P450 - Homo sapiens (human);hsa00980,0.9987827261077036,0.9988585025769683,0.9988585025769683,121,3
Porphyrin and chlorophyll metabolism - Homo sapiens (human);hsa00860,0.9988585025769683,0.9988585025769683,0.9988585025769683,142,4
