pathway,p.value,q.value,FDR,Pathway.length,Overlap
Pentose and glucuronate interconversions - Mus musculus (mouse);mmu00040,6.647028711928533e-11,3.85527665291855e-9,3.85527665291855e-9,55,18
Galactose metabolism - Mus musculus (mouse);mmu00052,3.0594151721019346e-9,8.87230399909561e-8,8.87230399909561e-8,46,15
Amino sugar and nucleotide sugar metabolism - Mus musculus (mouse);mmu00520,5.933461577901197e-8,1.147135905060898e-6,1.147135905060898e-6,108,21
Ascorbate and aldarate metabolism - Mus musculus (mouse);mmu00053,2.4547668633849684e-6,3.559411951908204e-5,3.559411951908204e-5,47,12
Fructose and mannose metabolism - Mus musculus (mouse);mmu00051,1.1764015934391164e-5,1.364625848389375e-4,1.364625848389375e-4,54,12
Linoleic acid metabolism - Mus musculus (mouse);mmu00591,5.28243622817426e-5,5.10635502056845e-4,5.10635502056845e-4,28,8
Glycolysis / Gluconeogenesis - Mus musculus (mouse);mmu00010,1.174454686935912e-4,9.731195977468987e-4,9.731195977468987e-4,31,8
Pentose phosphate pathway - Mus musculus (mouse);mmu00030,0.0016553086309703882,0.012000987574535315,0.012000987574535315,35,7
Arachidonic acid metabolism - Mus musculus (mouse);mmu00590,0.013572450818087396,0.08746690527211878,0.08746690527211878,75,9
Citrate cycle (TCA cycle) - Mus musculus (mouse);mmu00020,0.01712529526691496,0.09932671254810677,0.09932671254810677,20,4
Purine metabolism - Mus musculus (mouse);mmu00230,0.022471841690333394,0.11848789254903062,0.11848789254903062,95,10
Sulfur metabolism - Mus musculus (mouse);mmu00920,0.024952135563288378,0.12060198855589382,0.12060198855589382,33,5
Starch and sucrose metabolism - Mus musculus (mouse);mmu00500,0.038898624500927875,0.17354770931183205,0.17354770931183205,37,5
Pyrimidine metabolism - Mus musculus (mouse);mmu00240,0.050699960920477474,0.21004269524197813,0.21004269524197813,66,7
Pyruvate metabolism - Mus musculus (mouse);mmu00620,0.0720037180754881,0.278414376558554,0.278414376558554,31,4
"Phenylalanine, tyrosine and tryptophan biosynthesis - Mus musculus (mouse);mmu00400",0.10254321165047312,0.36006166793184946,0.36006166793184946,35,4
"Valine, leucine and isoleucine biosynthesis - Mus musculus (mouse);mmu00290",0.11151780744910468,0.36006166793184946,0.36006166793184946,23,3
Fatty acid biosynthesis - Mus musculus (mouse);mmu00061,0.11174327625471189,0.36006166793184946,0.36006166793184946,50,5
D-Glutamine and D-glutamate metabolism - Mus musculus (mouse);mmu00471,0.12388747366404798,0.36696788809617115,0.36696788809617115,12,2
Glycerophospholipid metabolism - Mus musculus (mouse);mmu00564,0.12654065106764523,0.36696788809617115,0.36696788809617115,52,5
"Alanine, aspartate and glutamate metabolism - Mus musculus (mouse);mmu00250",0.17201427894148935,0.45349218993665374,0.45349218993665374,28,3
Pantothenate and CoA biosynthesis - Mus musculus (mouse);mmu00770,0.17201427894148935,0.45349218993665374,0.45349218993665374,28,3
Oxidative phosphorylation - Mus musculus (mouse);mmu00190,0.19760679738238798,0.49831279339906537,0.49831279339906537,16,2
Histidine metabolism - Mus musculus (mouse);mmu00340,0.22079959626778828,0.5335990243138217,0.5335990243138217,47,4
"Neomycin, kanamycin and gentamicin biosynthesis - Mus musculus (mouse);mmu00524",0.23604229498839172,0.5476181243730688,0.5476181243730688,81,6
Riboflavin metabolism - Mus musculus (mouse);mmu00740,0.2751803899717977,0.598215964983597,0.598215964983597,20,2
Glycerolipid metabolism - Mus musculus (mouse);mmu00561,0.2820542132356704,0.598215964983597,0.598215964983597,36,3
Caffeine metabolism - Mus musculus (mouse);mmu00232,0.2946590815343859,0.598215964983597,0.598215964983597,21,2
Biosynthesis of unsaturated fatty acids - Mus musculus (mouse);mmu01040,0.30144970595236764,0.598215964983597,0.598215964983597,54,4
Glycosaminoglycan biosynthesis - heparan sulfate / heparin - Mus musculus (mouse);mmu00534,0.30942205085358465,0.598215964983597,0.598215964983597,7,1
"Valine, leucine and isoleucine degradation - Mus musculus (mouse);mmu00280",0.3682506623180789,0.6889851101435024,0.6889851101435024,42,3
Cysteine and methionine metabolism - Mus musculus (mouse);mmu00270,0.38491946032955593,0.6974616841717978,0.6974616841717978,61,4
Glyoxylate and dicarboxylate metabolism - Mus musculus (mouse);mmu00630,0.39683164789085046,0.6974616841717978,0.6974616841717978,62,4
Inositol phosphate metabolism - Mus musculus (mouse);mmu00562,0.4388349542033415,0.7486008042292296,0.7486008042292296,47,3
Glycosaminoglycan biosynthesis - chondroitin sulfate / dermatan sulfate - Mus musculus (mouse);mmu00532,0.4701829738476452,0.7729798357118204,0.7729798357118204,12,1
"Glycine, serine and threonine metabolism - Mus musculus (mouse);mmu00260",0.47978058768319887,0.7729798357118204,0.7729798357118204,50,3
Nicotinate and nicotinamide metabolism - Mus musculus (mouse);mmu00760,0.5447369434956159,0.853911965479614,0.853911965479614,55,3
Phosphonate and phosphinate metabolism - Mus musculus (mouse);mmu00440,0.5693877723057321,0.8690655472034859,0.8690655472034859,57,3
Nitrogen metabolism - Mus musculus (mouse);mmu00910,0.6346839911238167,0.9360868382008762,0.9360868382008762,19,1
Butanoate metabolism - Mus musculus (mouse);mmu00650,0.6455771297937077,0.9360868382008762,0.9360868382008762,42,2
Taurine and hypotaurine metabolism - Mus musculus (mouse);mmu00430,0.6885757323563899,0.9672235772407439,0.9672235772407439,22,1
Arginine biosynthesis - Mus musculus (mouse);mmu00220,0.7047220939116161,0.9672235772407439,0.9672235772407439,23,1
Propanoate metabolism - Mus musculus (mouse);mmu00640,0.7170795486439998,0.9672235772407439,0.9672235772407439,48,2
Fatty acid degradation - Mus musculus (mouse);mmu00071,0.7380841113079826,0.972929055815068,0.972929055815068,50,2
Vitamin B6 metabolism - Mus musculus (mouse);mmu00750,0.7737947972433294,0.9973355164469581,0.9973355164469581,28,1
beta-Alanine metabolism - Mus musculus (mouse);mmu00410,0.8172848653714689,0.9995432604511068,0.9995432604511068,32,1
Glutathione metabolism - Mus musculus (mouse);mmu00480,0.8674318245612458,0.9995432604511068,0.9995432604511068,38,1
Fatty acid elongation - Mus musculus (mouse);mmu00062,0.8808952235053775,0.9995432604511068,0.9995432604511068,40,1
Phenylalanine metabolism - Mus musculus (mouse);mmu00360,0.8936087078637522,0.9995432604511068,0.9995432604511068,72,2
Arginine and proline metabolism - Mus musculus (mouse);mmu00330,0.91788832669657,0.9995432604511068,0.9995432604511068,78,2
Primary bile acid biosynthesis - Mus musculus (mouse);mmu00120,0.9181748304173513,0.9995432604511068,0.9995432604511068,47,1
Lysine degradation - Mus musculus (mouse);mmu00310,0.93745642921036,0.9995432604511068,0.9995432604511068,52,1
Ubiquinone and other terpenoid-quinone biosynthesis - Mus musculus (mouse);mmu00130,0.9517325231931075,0.9995432604511068,0.9995432604511068,90,2
Tyrosine metabolism - Mus musculus (mouse);mmu00350,0.9846540628281455,0.9995432604511068,0.9995432604511068,78,1
Tryptophan metabolism - Mus musculus (mouse);mmu00380,0.9869615809158089,0.9995432604511068,0.9995432604511068,81,1
Steroid hormone biosynthesis - Mus musculus (mouse);mmu00140,0.9951132116416249,0.9995432604511068,0.9995432604511068,99,1
Metabolism of xenobiotics by cytochrome P450 - Mus musculus (mouse);mmu00980,0.9985399432375351,0.9995432604511068,0.9995432604511068,121,1
Porphyrin and chlorophyll metabolism - Mus musculus (mouse);mmu00860,0.9995432604511068,0.9995432604511068,0.9995432604511068,142,1
